[captured from 0.0.10-ish Console window] 

message on port 8384:
[10, 6, 78, 51, 52, 50, 77, 69, 18, 36, 57, 52, 49, 99, 51, 49, 98, 56, 45, 53, 53, 102, 53, 45, 52, 54, 50, 51, 45, 97, 55, 48, 50, 45, 57, 102, 48, 99, 49, 52, 98, 98, 101, 97, 98, 48, 24, 1, 34, 120, 10, 6, 78, 51, 52, 50, 77, 69, 16, 172, 189, 167, 202, 6, 26, 7, 48, 46, 48, 46, 48, 46, 48, 32, 192, 65, 40, 1, 50, 14, 8, 1, 16, 1, 24, 1, 32, 1, 40, 1, 48, 1, 56, 1, 58, 20, 68, 121, 110, 111, 110, 32, 65, 118, 105, 111, 110, 105, 99, 115, 44, 32, 73, 110, 99, 46, 66, 7, 83, 107, 121, 86, 105, 101, 119, 74, 10, 68, 49, 48, 48, 48, 47, 68, 55, 48, 48, 82, 6, 48, 50, 52, 51, 53, 54, 90, 12, 49, 54, 46, 55, 46, 50, 46, 49, 50, 48, 55, 51, 98, 9, 98, 117, 105, 108, 100, 114, 111, 111, 116]
systemId: N342ME
endpointUuid: 941c31b8-55f5-4623-a702-9f0c14bbeab0
msgType: BcastMsgType_Heartbeat
heartbeat: {
  systemId: N342ME
  timestamp: 1766448812
  ipAddress: 0.0.0.0
  ipPort: 8384
  isEfis: true
  capabilities: {
    status: true
    gps: true
    ahrs: true
    adahrs: true
    fplSend: true
    fplReceive: true
    adsb: true
  }
  prodMake: Dynon Avionics, Inc.
  prodName: SkyView
  prodModel: D1000/D700
  prodSerial: 024356
  prodFirmware: 16.7.2.12073
  hostname: buildroot
}

message on port 8384:
[10, 6, 78, 51, 52, 50, 77, 69, 18, 36, 57, 52, 49, 99, 51, 49, 98, 56, 45, 53, 53, 102, 53, 45, 52, 54, 50, 51, 45, 97, 55, 48, 50, 45, 57, 102, 48, 99, 49, 52, 98, 98, 101, 97, 98, 48, 24, 2, 42, 40, 8, 172, 189, 167, 202, 6, 18, 10, 13, 60, 150, 237, 65, 21, 60, 138, 164, 194, 29, 208, 177, 41, 66, 37, 105, 145, 237, 61, 45, 91, 160, 108, 67, 53, 144, 94, 209, 64, 56, 1]
systemId: N342ME
endpointUuid: 941c31b8-55f5-4623-a702-9f0c14bbeab0
msgType: BcastMsgType_Data_GPS
dataGps: {
  timestamp: 1766448812
  geo: {
    lat: 29.69835662841797
    lon: -82.26998901367188
  }
  altM: 42.42364501953125
  gndSpdKts: 0.11600000411272049
  gndTrkDegt: 236.6263885498047
  magVarDeg: 6.542793273925781
  valid: true
}

message on port 8384:
[10, 6, 78, 51, 52, 50, 77, 69, 18, 36, 57, 52, 49, 99, 51, 49, 98, 56, 45, 53, 53, 102, 53, 45, 52, 54, 50, 51, 45, 97, 55, 48, 50, 45, 57, 102, 48, 99, 49, 52, 98, 98, 101, 97, 98, 48, 24, 3, 50, 65, 8, 172, 189, 167, 202, 6, 24, 1, 37, 0, 42, 10, 64, 40, 1, 53, 0, 60, 165, 191, 56, 1, 69, 242, 173, 113, 67, 72, 1, 85, 242, 28, 192, 60, 88, 1, 101, 197, 143, 134, 194, 104, 1, 117, 64, 61, 38, 64, 120, 1, 133, 1, 0, 0, 0, 0, 136, 1, 1, 149, 1, 0, 0, 0, 0]
systemId: N342ME
endpointUuid: 941c31b8-55f5-4623-a702-9f0c14bbeab0
msgType: BcastMsgType_Data_ADAHRS
dataAdahrs: {
  timestamp: 1766448812
  pitchValid: true
  pitchDeg: 2.1588134765625
  rollValid: true
  rollDeg: -1.2908935546875
  headingValid: true
  headingDegm: 241.67947387695312
  lateralAccelValid: true
  lateralAccelG: 0.0234513022005558
  altPresValid: true
  altPresMslM: -67.28079986572266
  altIndValid: true
  altIndMslM: 2.5974884033203125
  airspeedTrueValid: true
  airspeedTrueKts: 0.0
  airspeedIndValid: true
  airspeedIndKts: 0.0
}

4000:Traffic: N342ME/A3C5D4 29.698,-82.270 NIC=10 NACp=10 palt=0 palt=0
4000:Traffic: PDT5973/A89076 29.699,-82.327 NIC=8 NACp=9 palt=575 palt=575
message on port 8384:
[10, 6, 78, 51, 52, 50, 77, 69, 18, 36, 57, 52, 49, 99, 51, 49, 98, 56, 45, 53, 53, 102, 53, 45, 52, 54, 50, 51, 45, 97, 55, 48, 50, 45, 57, 102, 48, 99, 49, 52, 98, 98, 101, 97, 98, 48, 24, 4, 58, 34, 10, 32, 126, 20, 0, 163, 197, 212, 21, 30, 108, 197, 127, 52, 2, 130, 170, 0, 0, 0, 0, 1, 78, 51, 52, 50, 77, 69, 32, 32, 0, 10, 226, 126]
systemId: N342ME
endpointUuid: 941c31b8-55f5-4623-a702-9f0c14bbeab0
msgType: BcastMsgType_Data_ADSB
dataAdsb: {
  rawData: [126, 20, 0, 163, 197, 212, 21, 30, 108, 197, 127, 52, 2, 130, 170, 0, 0, 0, 0, 1, 78, 51, 52, 50, 77, 69, 32, 32, 0, 10, 226, 126]
}

message on port 8384:
[10, 6, 78, 51, 52, 50, 77, 69, 18, 36, 57, 52, 49, 99, 51, 49, 98, 56, 45, 53, 53, 102, 53, 45, 52, 54, 50, 51, 45, 97, 55, 48, 50, 45, 57, 102, 48, 99, 49, 52, 98, 98, 101, 97, 98, 48, 24, 4, 58, 34, 10, 32, 126, 20, 0, 168, 144, 118, 21, 30, 157, 197, 116, 221, 3, 250, 137, 7, 239, 246, 73, 2, 80, 68, 84, 53, 57, 55, 51, 32, 0, 45, 190, 126]
systemId: N342ME
endpointUuid: 941c31b8-55f5-4623-a702-9f0c14bbeab0
msgType: BcastMsgType_Data_ADSB
dataAdsb: {
  rawData: [126, 20, 0, 168, 144, 118, 21, 30, 157, 197, 116, 221, 3, 250, 137, 7, 239, 246, 73, 2, 80, 68, 84, 53, 57, 55, 51, 32, 0, 45, 190, 126]
}

message on port 8384:
[10, 6, 78, 51, 52, 50, 77, 69, 18, 36, 57, 52, 49, 99, 51, 49, 98, 56, 45, 53, 53, 102, 53, 45, 52, 54, 50, 51, 45, 97, 55, 48, 50, 45, 57, 102, 48, 99, 49, 52, 98, 98, 101, 97, 98, 48, 24, 2, 42, 40, 8, 172, 189, 167, 202, 6, 18, 10, 13, 60, 150, 237, 65, 21, 60, 138, 164, 194, 29, 208, 177, 41, 66, 37, 105, 145, 237, 61, 45, 91, 160, 108, 67, 53, 144, 94, 209, 64, 56, 1]
systemId: N342ME
endpointUuid: 941c31b8-55f5-4623-a702-9f0c14bbeab0
msgType: BcastMsgType_Data_GPS
dataGps: {
  timestamp: 1766448812
  geo: {
    lat: 29.69835662841797
    lon: -82.26998901367188
  }
  altM: 42.42364501953125
  gndSpdKts: 0.11600000411272049
  gndTrkDegt: 236.6263885498047
  magVarDeg: 6.542793273925781
  valid: true
}

message on port 8384:
[10, 6, 78, 51, 52, 50, 77, 69, 18, 36, 57, 52, 49, 99, 51, 49, 98, 56, 45, 53, 53, 102, 53, 45, 52, 54, 50, 51, 45, 97, 55, 48, 50, 45, 57, 102, 48, 99, 49, 52, 98, 98, 101, 97, 98, 48, 24, 3, 50, 65, 8, 172, 189, 167, 202, 6, 24, 1, 37, 236, 249, 11, 64, 40, 1, 53, 0, 184, 161, 191, 56, 1, 69, 226, 159, 113, 67, 72, 1, 85, 217, 1, 159, 60, 88, 1, 101, 197, 143, 134, 194, 104, 1, 117, 64, 61, 38, 64, 120, 1, 133, 1, 0, 0, 0, 0, 136, 1, 1, 149, 1, 0, 0, 0, 0]
systemId: N342ME
endpointUuid: 941c31b8-55f5-4623-a702-9f0c14bbeab0
msgType: BcastMsgType_Data_ADAHRS
dataAdahrs: {
  timestamp: 1766448812
  pitchValid: true
  pitchDeg: 2.187129020690918
  rollValid: true
  rollDeg: -1.263427734375
  headingValid: true
  headingDegm: 241.62454223632812
  lateralAccelValid: true
  lateralAccelG: 0.019410060718655586
  altPresValid: true
  altPresMslM: -67.28079986572266
  altIndValid: true
  altIndMslM: 2.5974884033203125
  airspeedTrueValid: true
  airspeedTrueKts: 0.0
  airspeedIndValid: true
  airspeedIndKts: 0.0
}

message on port 8384:
[10, 6, 78, 51, 52, 50, 77, 69, 18, 36, 57, 52, 49, 99, 51, 49, 98, 56, 45, 53, 53, 102, 53, 45, 52, 54, 50, 51, 45, 97, 55, 48, 50, 45, 57, 102, 48, 99, 49, 52, 98, 98, 101, 97, 98, 48, 24, 2, 42, 40, 8, 172, 189, 167, 202, 6, 18, 10, 13, 60, 150, 237, 65, 21, 60, 138, 164, 194, 29, 208, 177, 41, 66, 37, 244, 253, 212, 60, 45, 91, 160, 108, 67, 53, 144, 94, 209, 64, 56, 1]
systemId: N342ME
endpointUuid: 941c31b8-55f5-4623-a702-9f0c14bbeab0
msgType: BcastMsgType_Data_GPS
dataGps: {
  timestamp: 1766448812
  geo: {
    lat: 29.69835662841797
    lon: -82.26998901367188
  }
  altM: 42.42364501953125
  gndSpdKts: 0.026000000536441803
  gndTrkDegt: 236.6263885498047
  magVarDeg: 6.542793273925781
  valid: true
}

message on port 8384:
[10, 6, 78, 51, 52, 50, 77, 69, 18, 36, 57, 52, 49, 99, 51, 49, 98, 56, 45, 53, 53, 102, 53, 45, 52, 54, 50, 51, 45, 97, 55, 48, 50, 45, 57, 102, 48, 99, 49, 52, 98, 98, 101, 97, 98, 48, 24, 3, 50, 65, 8, 172, 189, 167, 202, 6, 24, 1, 37, 236, 83, 12, 64, 40, 1, 53, 0, 184, 161, 191, 56, 1, 69, 218, 152, 113, 67, 72, 1, 85, 182, 94, 162, 60, 88, 1, 101, 197, 143, 134, 194, 104, 1, 117, 64, 61, 38, 64, 120, 1, 133, 1, 0, 0, 0, 0, 136, 1, 1, 149, 1, 0, 0, 0, 0]
systemId: N342ME
endpointUuid: 941c31b8-55f5-4623-a702-9f0c14bbeab0
msgType: BcastMsgType_Data_ADAHRS
dataAdahrs: {
  timestamp: 1766448812
  pitchValid: true
  pitchDeg: 2.192622184753418
  rollValid: true
  rollDeg: -1.263427734375
  headingValid: true
  headingDegm: 241.59707641601562
  lateralAccelValid: true
  lateralAccelG: 0.019820552319288254
  altPresValid: true
  altPresMslM: -67.28079986572266
  altIndValid: true
  altIndMslM: 2.5974884033203125
  airspeedTrueValid: true
  airspeedTrueKts: 0.0
  airspeedIndValid: true
  airspeedIndKts: 0.0
}

message on port 8384:
[10, 6, 78, 51, 52, 50, 77, 69, 18, 36, 57, 52, 49, 99, 51, 49, 98, 56, 45, 53, 53, 102, 53, 45, 52, 54, 50, 51, 45, 97, 55, 48, 50, 45, 57, 102, 48, 99, 49, 52, 98, 98, 101, 97, 98, 48, 24, 2, 42, 40, 8, 172, 189, 167, 202, 6, 18, 10, 13, 60, 150, 237, 65, 21, 60, 138, 164, 194, 29, 208, 177, 41, 66, 37, 166, 155, 196, 60, 45, 91, 160, 108, 67, 53, 144, 94, 209, 64, 56, 1]
systemId: N342ME
endpointUuid: 941c31b8-55f5-4623-a702-9f0c14bbeab0
msgType: BcastMsgType_Data_GPS
dataGps: {
  timestamp: 1766448812
  geo: {
    lat: 29.69835662841797
    lon: -82.26998901367188
  }
  altM: 42.42364501953125
  gndSpdKts: 0.024000000208616257
  gndTrkDegt: 236.6263885498047
  magVarDeg: 6.542793273925781
  valid: true
}

message on port 8384:
[10, 6, 78, 51, 52, 50, 77, 69, 18, 36, 57, 52, 49, 99, 51, 49, 98, 56, 45, 53, 53, 102, 53, 45, 52, 54, 50, 51, 45, 97, 55, 48, 50, 45, 57, 102, 48, 99, 49, 52, 98, 98, 101, 97, 98, 48, 24, 3, 50, 65, 8, 172, 189, 167, 202, 6, 24, 1, 37, 236, 83, 12, 64, 40, 1, 53, 0, 32, 163, 191, 56, 1, 69, 18, 157, 113, 67, 72, 1, 85, 20, 152, 200, 60, 88, 1, 101, 197, 143, 134, 194, 104, 1, 117, 64, 61, 38, 64, 120, 1, 133, 1, 0, 0, 0, 0, 136, 1, 1, 149, 1, 0, 0, 0, 0]
systemId: N342ME
endpointUuid: 941c31b8-55f5-4623-a702-9f0c14bbeab0
msgType: BcastMsgType_Data_ADAHRS
dataAdahrs: {
  timestamp: 1766448812
  pitchValid: true
  pitchDeg: 2.192622184753418
  rollValid: true
  rollDeg: -1.2744140625
  headingValid: true
  headingDegm: 241.61355590820312
  lateralAccelValid: true
  lateralAccelG: 0.02448657900094986
  altPresValid: true
  altPresMslM: -67.28079986572266
  altIndValid: true
  altIndMslM: 2.5974884033203125
  airspeedTrueValid: true
  airspeedTrueKts: 0.0
  airspeedIndValid: true
  airspeedIndKts: 0.0
}

4000:Uplink, 436 bytes
message on port 8384:
[10, 6, 78, 51, 52, 50, 77, 69, 18, 36, 57, 52, 49, 99, 51, 49, 98, 56, 45, 53, 53, 102, 53, 45, 52, 54, 50, 51, 45, 97, 55, 48, 50, 45, 57, 102, 48, 99, 49, 52, 98, 98, 101, 97, 98, 48, 24, 4, 58, 188, 3, 10, 185, 3, 126, 7, 0, 0, 0, 42, 60, 15, 138, 250, 224, 161, 128, 21, 128, 0, 33, 96, 102, 240, 130, 16, 44, 129, 71, 0, 8, 11, 198, 10, 65, 44, 129, 71, 0, 0, 0, 0, 0, 0, 0, 15, 217, 0, 12, 1, 19, 30, 12, 1, 19, 30, 197, 211, 194, 176, 252, 0, 21, 128, 0, 33, 97, 12, 32, 130, 16, 44, 52, 135, 0, 8, 46, 229, 50, 33, 44, 52, 135, 0, 0, 0, 0, 0, 0, 0, 15, 217, 0, 12, 4, 6, 4, 1, 18, 21, 16, 198, 8, 226, 178, 80, 0, 21, 128, 0, 33, 98, 129, 32, 130, 16, 47, 76, 138, 0, 8, 47, 106, 50, 33, 47, 76, 138, 0, 0, 0, 0, 0, 0, 0, 15, 217, 0, 12, 10, 0, 36, 1, 24, 0, 36, 197, 167, 194, 167, 32, 0, 21, 128, 0, 33, 99, 32, 160, 130, 16, 45, 49, 202, 0, 8, 46, 237, 50, 33, 45, 49, 202, 0, 0, 0, 0, 0, 0, 0, 15, 217, 0, 12, 12, 16, 20, 1, 12, 23, 59, 198, 40, 162, 169, 188, 0, 21, 128, 0, 33, 94, 226, 0, 130, 16, 44, 160, 88, 0, 8, 9, 47, 10, 33, 44, 160, 88, 0, 0, 0, 0, 0, 0, 0, 15, 217, 0, 11, 27, 17, 0, 6, 3, 17, 0, 197, 233, 66, 181, 232, 0, 21, 128, 0, 33, 96, 100, 224, 130, 16, 44, 148, 205, 0, 8, 11, 174, 10, 33, 44, 148, 205, 0, 0, 0, 0, 0, 0, 0, 15, 217, 0, 12, 1, 18, 28, 7, 13, 18, 28, 198, 22, 226, 131, 192, 0, 21, 128, 0, 33, 96, 88, 248, 130, 16, 44, 148, 205, 0, 8, 46, 225, 50, 33, 44, 148, 205, 0, 0, 0, 0, 0, 0, 0, 15, 217, 0, 12, 1, 12, 31, 2, 1, 23, 59, 198, 22, 226, 131, 192, 0, 21, 128, 0, 33, 100, 234, 0, 130, 16, 45, 97, 6, 0, 8, 46, 234, 50, 33, 45, 97, 6, 0, 0, 0, 0, 0, 0, 0, 15, 217, 0, 12, 19, 21, 0, 1, 2, 6, 0, 197, 113, 162, 125, 93, 120, 0, 21, 128, 0, 33, 99, 76, 112, 130, 16, 44, 22, 83, 0, 8, 46, 237, 50, 33, 44, 22, 83, 0, 0, 0, 0, 0, 0, 0, 15, 217, 0, 12, 13, 6, 14, 1, 27, 6, 13, 197, 104, 130, 199, 16, 0, 0, 0, 0, 0, 0, 0, 0, 0, 0, 0, 0, 0, 0, 0, 0, 0, 0, 0, 0, 127, 91, 126]
systemId: N342ME
endpointUuid: 941c31b8-55f5-4623-a702-9f0c14bbeab0
msgType: BcastMsgType_Data_ADSB
dataAdsb: {
  rawData: [126, 7, 0, 0, 0, 42, 60, 15, 138, 250, 224, 161, 128, 21, 128, 0, 33, 96, 102, 240, 130, 16, 44, 129, 71, 0, 8, 11, 198, 10, 65, 44, 129, 71, 0, 0, 0, 0, 0, 0, 0, 15, 217, 0, 12, 1, 19, 30, 12, 1, 19, 30, 197, 211, 194, 176, 252, 0, 21, 128, 0, 33, 97, 12, 32, 130, 16, 44, 52, 135, 0, 8, 46, 229, 50, 33, 44, 52, 135, 0, 0, 0, 0, 0, 0, 0, 15, 217, 0, 12, 4, 6, 4, 1, 18, 21, 16, 198, 8, 226, 178, 80, 0, 21, 128, 0, 33, 98, 129, 32, 130, 16, 47, 76, 138, 0, 8, 47, 106, 50, 33, 47, 76, 138, 0, 0, 0, 0, 0, 0, 0, 15, 217, 0, 12, 10, 0, 36, 1, 24, 0, 36, 197, 167, 194, 167, 32, 0, 21, 128, 0, 33, 99, 32, 160, 130, 16, 45, 49, 202, 0, 8, 46, 237, 50, 33, 45, 49, 202, 0, 0, 0, 0, 0, 0, 0, 15, 217, 0, 12, 12, 16, 20, 1, 12, 23, 59, 198, 40, 162, 169, 188, 0, 21, 128, 0, 33, 94, 226, 0, 130, 16, 44, 160, 88, 0, 8, 9, 47, 10, 33, 44, 160, 88, 0, 0, 0, 0, 0, 0, 0, 15, 217, 0, 11, 27, 17, 0, 6, 3, 17, 0, 197, 233, 66, 181, 232, 0, 21, 128, 0, 33, 96, 100, 224, 130, 16, 44, 148, 205, 0, 8, 11, 174, 10, 33, 44, 148, 205, 0, 0, 0, 0, 0, 0, 0, 15, 217, 0, 12, 1, 18, 28, 7, 13, 18, 28, 198, 22, 226, 131, 192, 0, 21, 128, 0, 33, 96, 88, 248, 130, 16, 44, 148, 205, 0, 8, 46, 225, 50, 33, 44, 148, 205, 0, 0, 0, 0, 0, 0, 0, 15, 217, 0, 12, 1, 12, 31, 2, 1, 23, 59, 198, 22, 226, 131, 192, 0, 21, 128, 0, 33, 100, 234, 0, 130, 16, 45, 97, 6, 0, 8, 46, 234, 50, 33, 45, 97, 6, 0, 0, 0, 0, 0, 0, 0, 15, 217, 0, 12, 19, 21, 0, 1, 2, 6, 0, 197, 113, 162, 125, 93, 120, 0, 21, 128, 0, 33, 99, 76, 112, 130, 16, 44, 22, 83, 0, 8, 46, 237, 50, 33, 44, 22, 83, 0, 0, 0, 0, 0, 0, 0, 15, 217, 0, 12, 13, 6, 14, 1, 27, 6, 13, 197, 104, 130, 199, 16, 0, 0, 0, 0, 0, 0, 0, 0, 0, 0, 0, 0, 0, 0, 0, 0, 0, 0, 0, 0, 127, 91, 126]
}

4000:Uplink, 436 bytes
message on port 8384:
[10, 6, 78, 51, 52, 50, 77, 69, 18, 36, 57, 52, 49, 99, 51, 49, 98, 56, 45, 53, 53, 102, 53, 45, 52, 54, 50, 51, 45, 97, 55, 48, 50, 45, 57, 102, 48, 99, 49, 52, 98, 98, 101, 97, 98, 48, 24, 4, 58, 187, 3, 10, 184, 3, 126, 7, 0, 0, 0, 42, 60, 15, 138, 250, 224, 184, 128, 21, 128, 0, 33, 100, 109, 200, 130, 16, 45, 49, 130, 0, 8, 47, 45, 50, 33, 45, 49, 130, 0, 0, 0, 0, 0, 0, 0, 15, 217, 0, 12, 17, 22, 57, 1, 16, 23, 59, 198, 59, 194, 142, 212, 0, 21, 128, 0, 33, 99, 212, 0, 130, 16, 44, 193, 69, 0, 8, 46, 232, 50, 33, 44, 193, 69, 0, 0, 0, 0, 0, 0, 0, 15, 217, 0, 12, 15, 10, 0, 2, 11, 10, 0, 197, 211, 98, 143, 224, 0, 21, 128, 0, 33, 94, 34, 0, 130, 16, 44, 208, 207, 0, 8, 47, 146, 50, 33, 44, 208, 207, 0, 0, 0, 0, 0, 0, 0, 15, 217, 0, 11, 24, 17, 0, 7, 31, 23, 59, 198, 46, 66, 134, 236, 0, 21, 128, 0, 33, 98, 69, 184, 130, 16, 44, 244, 140, 0, 8, 47, 4, 50, 33, 44, 244, 140, 0, 0, 0, 0, 0, 0, 0, 15, 217, 0, 12, 9, 2, 55, 1, 23, 5, 0, 198, 41, 226, 137, 144, 0, 21, 128, 0, 33, 94, 226, 0, 130, 16, 44, 160, 88, 0, 8, 9, 50, 10, 33, 44, 160, 88, 0, 0, 0, 0, 0, 0, 0, 15, 217, 0, 11, 27, 17, 0, 6, 3, 17, 0, 197, 233, 66, 181, 232, 0, 0, 0, 0, 0, 0, 0, 0, 0, 0, 0, 0, 0, 0, 0, 0, 0, 0, 0, 0, 0, 0, 0, 0, 0, 0, 0, 0, 0, 0, 0, 0, 0, 0, 0, 0, 0, 0, 0, 0, 0, 0, 0, 0, 0, 0, 0, 0, 0, 0, 0, 0, 0, 0, 0, 0, 0, 0, 0, 0, 0, 0, 0, 0, 0, 0, 0, 0, 0, 0, 0, 0, 0, 0, 0, 0, 0, 0, 0, 0, 0, 0, 0, 0, 0, 0, 0, 0, 0, 0, 0, 0, 0, 0, 0, 0, 0, 0, 0, 0, 0, 0, 0, 0, 0, 0, 0, 0, 0, 0, 0, 0, 0, 0, 0, 0, 0, 0, 0, 0, 0, 0, 0, 0, 0, 0, 0, 0, 0, 0, 0, 0, 0, 0, 0, 0, 0, 0, 0, 0, 0, 0, 0, 0, 0, 0, 0, 0, 0, 0, 0, 0, 0, 0, 0, 0, 0, 0, 0, 0, 0, 0, 0, 0, 0, 0, 0, 0, 0, 0, 0, 0, 0, 0, 0, 0, 0, 0, 0, 0, 0, 0, 0, 0, 0, 0, 0, 0, 0, 0, 0, 0, 0, 0, 0, 0, 0, 0, 0, 0, 122, 209, 126]
systemId: N342ME
endpointUuid: 941c31b8-55f5-4623-a702-9f0c14bbeab0
msgType: BcastMsgType_Data_ADSB
dataAdsb: {
  rawData: [126, 7, 0, 0, 0, 42, 60, 15, 138, 250, 224, 184, 128, 21, 128, 0, 33, 100, 109, 200, 130, 16, 45, 49, 130, 0, 8, 47, 45, 50, 33, 45, 49, 130, 0, 0, 0, 0, 0, 0, 0, 15, 217, 0, 12, 17, 22, 57, 1, 16, 23, 59, 198, 59, 194, 142, 212, 0, 21, 128, 0, 33, 99, 212, 0, 130, 16, 44, 193, 69, 0, 8, 46, 232, 50, 33, 44, 193, 69, 0, 0, 0, 0, 0, 0, 0, 15, 217, 0, 12, 15, 10, 0, 2, 11, 10, 0, 197, 211, 98, 143, 224, 0, 21, 128, 0, 33, 94, 34, 0, 130, 16, 44, 208, 207, 0, 8, 47, 146, 50, 33, 44, 208, 207, 0, 0, 0, 0, 0, 0, 0, 15, 217, 0, 11, 24, 17, 0, 7, 31, 23, 59, 198, 46, 66, 134, 236, 0, 21, 128, 0, 33, 98, 69, 184, 130, 16, 44, 244, 140, 0, 8, 47, 4, 50, 33, 44, 244, 140, 0, 0, 0, 0, 0, 0, 0, 15, 217, 0, 12, 9, 2, 55, 1, 23, 5, 0, 198, 41, 226, 137, 144, 0, 21, 128, 0, 33, 94, 226, 0, 130, 16, 44, 160, 88, 0, 8, 9, 50, 10, 33, 44, 160, 88, 0, 0, 0, 0, 0, 0, 0, 15, 217, 0, 11, 27, 17, 0, 6, 3, 17, 0, 197, 233, 66, 181, 232, 0, 0, 0, 0, 0, 0, 0, 0, 0, 0, 0, 0, 0, 0, 0, 0, 0, 0, 0, 0, 0, 0, 0, 0, 0, 0, 0, 0, 0, 0, 0, 0, 0, 0, 0, 0, 0, 0, 0, 0, 0, 0, 0, 0, 0, 0, 0, 0, 0, 0, 0, 0, 0, 0, 0, 0, 0, 0, 0, 0, 0, 0, 0, 0, 0, 0, 0, 0, 0, 0, 0, 0, 0, 0, 0, 0, 0, 0, 0, 0, 0, 0, 0, 0, 0, 0, 0, 0, 0, 0, 0, 0, 0, 0, 0, 0, 0, 0, 0, 0, 0, 0, 0, 0, 0, 0, 0, 0, 0, 0, 0, 0, 0, 0, 0, 0, 0, 0, 0, 0, 0, 0, 0, 0, 0, 0, 0, 0, 0, 0, 0, 0, 0, 0, 0, 0, 0, 0, 0, 0, 0, 0, 0, 0, 0, 0, 0, 0, 0, 0, 0, 0, 0, 0, 0, 0, 0, 0, 0, 0, 0, 0, 0, 0, 0, 0, 0, 0, 0, 0, 0, 0, 0, 0, 0, 0, 0, 0, 0, 0, 0, 0, 0, 0, 0, 0, 0, 0, 0, 0, 0, 0, 0, 0, 0, 0, 0, 0, 0, 0, 122, 209, 126]
}

message on port 8384:
[10, 6, 78, 51, 52, 50, 77, 69, 18, 36, 57, 52, 49, 99, 51, 49, 98, 56, 45, 53, 53, 102, 53, 45, 52, 54, 50, 51, 45, 97, 55, 48, 50, 45, 57, 102, 48, 99, 49, 52, 98, 98, 101, 97, 98, 48, 24, 2, 42, 40, 8, 172, 189, 167, 202, 6, 18, 10, 13, 60, 150, 237, 65, 21, 60, 138, 164, 194, 29, 208, 177, 41, 66, 37, 147, 24, 4, 62, 45, 91, 160, 108, 67, 53, 144, 94, 209, 64, 56, 1]
systemId: N342ME
endpointUuid: 941c31b8-55f5-4623-a702-9f0c14bbeab0
msgType: BcastMsgType_Data_GPS
dataGps: {
  timestamp: 1766448812
  geo: {
    lat: 29.69835662841797
    lon: -82.26998901367188
  }
  altM: 42.42364501953125
  gndSpdKts: 0.1289999932050705
  gndTrkDegt: 236.6263885498047
  magVarDeg: 6.542793273925781
  valid: true
}

message on port 8384:
[10, 6, 78, 51, 52, 50, 77, 69, 18, 36, 57, 52, 49, 99, 51, 49, 98, 56, 45, 53, 53, 102, 53, 45, 52, 54, 50, 51, 45, 97, 55, 48, 50, 45, 57, 102, 48, 99, 49, 52, 98, 98, 101, 97, 98, 48, 24, 3, 50, 65, 8, 172, 189, 167, 202, 6, 24, 1, 37, 0, 132, 10, 64, 40, 1, 53, 0, 32, 163, 191, 56, 1, 69, 74, 161, 113, 67, 72, 1, 85, 42, 247, 176, 60, 88, 1, 101, 197, 143, 134, 194, 104, 1, 117, 64, 61, 38, 64, 120, 1, 133, 1, 0, 0, 0, 0, 136, 1, 1, 149, 1, 0, 0, 0, 0]
systemId: N342ME
endpointUuid: 941c31b8-55f5-4623-a702-9f0c14bbeab0
msgType: BcastMsgType_Data_ADAHRS
dataAdahrs: {
  timestamp: 1766448812
  pitchValid: true
  pitchDeg: 2.164306640625
  rollValid: true
  rollDeg: -1.2744140625
  headingValid: true
  headingDegm: 241.63003540039062
  lateralAccelValid: true
  lateralAccelG: 0.02160223200917244
  altPresValid: true
  altPresMslM: -67.28079986572266
  altIndValid: true
  altIndMslM: 2.5974884033203125
  airspeedTrueValid: true
  airspeedTrueKts: 0.0
  airspeedIndValid: true
  airspeedIndKts: 0.0
}

message on port 8384:
[10, 6, 78, 51, 52, 50, 77, 69, 18, 36, 57, 52, 49, 99, 51, 49, 98, 56, 45, 53, 53, 102, 53, 45, 52, 54, 50, 51, 45, 97, 55, 48, 50, 45, 57, 102, 48, 99, 49, 52, 98, 98, 101, 97, 98, 48, 24, 1, 34, 120, 10, 6, 78, 51, 52, 50, 77, 69, 16, 173, 189, 167, 202, 6, 26, 7, 48, 46, 48, 46, 48, 46, 48, 32, 192, 65, 40, 1, 50, 14, 8, 1, 16, 1, 24, 1, 32, 1, 40, 1, 48, 1, 56, 1, 58, 20, 68, 121, 110, 111, 110, 32, 65, 118, 105, 111, 110, 105, 99, 115, 44, 32, 73, 110, 99, 46, 66, 7, 83, 107, 121, 86, 105, 101, 119, 74, 10, 68, 49, 48, 48, 48, 47, 68, 55, 48, 48, 82, 6, 48, 50, 52, 51, 53, 54, 90, 12, 49, 54, 46, 55, 46, 50, 46, 49, 50, 48, 55, 51, 98, 9, 98, 117, 105, 108, 100, 114, 111, 111, 116]
systemId: N342ME
endpointUuid: 941c31b8-55f5-4623-a702-9f0c14bbeab0
msgType: BcastMsgType_Heartbeat
heartbeat: {
  systemId: N342ME
  timestamp: 1766448813
  ipAddress: 0.0.0.0
  ipPort: 8384
  isEfis: true
  capabilities: {
    status: true
    gps: true
    ahrs: true
    adahrs: true
    fplSend: true
    fplReceive: true
    adsb: true
  }
  prodMake: Dynon Avionics, Inc.
  prodName: SkyView
  prodModel: D1000/D700
  prodSerial: 024356
  prodFirmware: 16.7.2.12073
  hostname: buildroot
}

message on port 8384:
[10, 6, 78, 51, 52, 50, 77, 69, 18, 36, 57, 52, 49, 99, 51, 49, 98, 56, 45, 53, 53, 102, 53, 45, 52, 54, 50, 51, 45, 97, 55, 48, 50, 45, 57, 102, 48, 99, 49, 52, 98, 98, 101, 97, 98, 48, 24, 2, 42, 40, 8, 173, 189, 167, 202, 6, 18, 10, 13, 60, 150, 237, 65, 21, 60, 138, 164, 194, 29, 208, 177, 41, 66, 37, 205, 204, 76, 61, 45, 91, 160, 108, 67, 53, 144, 94, 209, 64, 56, 1]
systemId: N342ME
endpointUuid: 941c31b8-55f5-4623-a702-9f0c14bbeab0
msgType: BcastMsgType_Data_GPS
dataGps: {
  timestamp: 1766448813
  geo: {
    lat: 29.69835662841797
    lon: -82.26998901367188
  }
  altM: 42.42364501953125
  gndSpdKts: 0.05000000074505806
  gndTrkDegt: 236.6263885498047
  magVarDeg: 6.542793273925781
  valid: true
}

message on port 8384:
[10, 6, 78, 51, 52, 50, 77, 69, 18, 36, 57, 52, 49, 99, 51, 49, 98, 56, 45, 53, 53, 102, 53, 45, 52, 54, 50, 51, 45, 97, 55, 48, 50, 45, 57, 102, 48, 99, 49, 52, 98, 98, 101, 97, 98, 48, 24, 3, 50, 65, 8, 173, 189, 167, 202, 6, 24, 1, 37, 0, 132, 10, 64, 40, 1, 53, 0, 32, 163, 191, 56, 1, 69, 58, 147, 113, 67, 72, 1, 85, 187, 90, 166, 60, 88, 1, 101, 197, 143, 134, 194, 104, 1, 117, 64, 61, 38, 64, 120, 1, 133, 1, 0, 0, 0, 0, 136, 1, 1, 149, 1, 0, 0, 0, 0]
systemId: N342ME
endpointUuid: 941c31b8-55f5-4623-a702-9f0c14bbeab0
msgType: BcastMsgType_Data_ADAHRS
dataAdahrs: {
  timestamp: 1766448813
  pitchValid: true
  pitchDeg: 2.164306640625
  rollValid: true
  rollDeg: -1.2744140625
  headingValid: true
  headingDegm: 241.57510375976562
  lateralAccelValid: true
  lateralAccelG: 0.020306935533881187
  altPresValid: true
  altPresMslM: -67.28079986572266
  altIndValid: true
  altIndMslM: 2.5974884033203125
  airspeedTrueValid: true
  airspeedTrueKts: 0.0
  airspeedIndValid: true
  airspeedIndKts: 0.0
}

4000:Traffic: N342ME/A3C5D4 29.698,-82.270 NIC=10 NACp=10 palt=0 palt=0
4000:Traffic: PDT5973/A89076 29.699,-82.327 NIC=8 NACp=9 palt=575 palt=575
message on port 8384:
[10, 6, 78, 51, 52, 50, 77, 69, 18, 36, 57, 52, 49, 99, 51, 49, 98, 56, 45, 53, 53, 102, 53, 45, 52, 54, 50, 51, 45, 97, 55, 48, 50, 45, 57, 102, 48, 99, 49, 52, 98, 98, 101, 97, 98, 48, 24, 4, 58, 34, 10, 32, 126, 20, 0, 163, 197, 212, 21, 30, 107, 197, 127, 51, 2, 130, 170, 0, 0, 0, 0, 1, 78, 51, 52, 50, 77, 69, 32, 32, 0, 138, 176, 126]
systemId: N342ME
endpointUuid: 941c31b8-55f5-4623-a702-9f0c14bbeab0
msgType: BcastMsgType_Data_ADSB
dataAdsb: {
  rawData: [126, 20, 0, 163, 197, 212, 21, 30, 107, 197, 127, 51, 2, 130, 170, 0, 0, 0, 0, 1, 78, 51, 52, 50, 77, 69, 32, 32, 0, 138, 176, 126]
}

message on port 8384:
[10, 6, 78, 51, 52, 50, 77, 69, 18, 36, 57, 52, 49, 99, 51, 49, 98, 56, 45, 53, 53, 102, 53, 45, 52, 54, 50, 51, 45, 97, 55, 48, 50, 45, 57, 102, 48, 99, 49, 52, 98, 98, 101, 97, 98, 48, 24, 4, 58, 34, 10, 32, 126, 20, 0, 168, 144, 118, 21, 30, 157, 197, 116, 221, 3, 250, 137, 7, 255, 246, 72, 2, 80, 68, 84, 53, 57, 55, 51, 32, 0, 51, 0, 126]
systemId: N342ME
endpointUuid: 941c31b8-55f5-4623-a702-9f0c14bbeab0
msgType: BcastMsgType_Data_ADSB
dataAdsb: {
  rawData: [126, 20, 0, 168, 144, 118, 21, 30, 157, 197, 116, 221, 3, 250, 137, 7, 255, 246, 72, 2, 80, 68, 84, 53, 57, 55, 51, 32, 0, 51, 0, 126]
}

message on port 8384:
[10, 6, 78, 51, 52, 50, 77, 69, 18, 36, 57, 52, 49, 99, 51, 49, 98, 56, 45, 53, 53, 102, 53, 45, 52, 54, 50, 51, 45, 97, 55, 48, 50, 45, 57, 102, 48, 99, 49, 52, 98, 98, 101, 97, 98, 48, 24, 2, 42, 40, 8, 173, 189, 167, 202, 6, 18, 10, 13, 60, 150, 237, 65, 21, 60, 138, 164, 194, 29, 208, 177, 41, 66, 37, 236, 81, 56, 61, 45, 91, 160, 108, 67, 53, 144, 94, 209, 64, 56, 1]
systemId: N342ME
endpointUuid: 941c31b8-55f5-4623-a702-9f0c14bbeab0
msgType: BcastMsgType_Data_GPS
dataGps: {
  timestamp: 1766448813
  geo: {
    lat: 29.69835662841797
    lon: -82.26998901367188
  }
  altM: 42.42364501953125
  gndSpdKts: 0.04500000178813934
  gndTrkDegt: 236.6263885498047
  magVarDeg: 6.542793273925781
  valid: true
}

message on port 8384:
[10, 6, 78, 51, 52, 50, 77, 69, 18, 36, 57, 52, 49, 99, 51, 49, 98, 56, 45, 53, 53, 102, 53, 45, 52, 54, 50, 51, 45, 97, 55, 48, 50, 45, 57, 102, 48, 99, 49, 52, 98, 98, 101, 97, 98, 48, 24, 3, 50, 65, 8, 173, 189, 167, 202, 6, 24, 1, 37, 0, 160, 12, 64, 40, 1, 53, 0, 40, 170, 191, 56, 1, 69, 106, 144, 113, 67, 72, 1, 85, 105, 164, 172, 60, 88, 1, 101, 197, 143, 134, 194, 104, 1, 117, 64, 61, 38, 64, 120, 1, 133, 1, 0, 0, 0, 0, 136, 1, 1, 149, 1, 0, 0, 0, 0]
systemId: N342ME
endpointUuid: 941c31b8-55f5-4623-a702-9f0c14bbeab0
msgType: BcastMsgType_Data_ADAHRS
dataAdahrs: {
  timestamp: 1766448813
  pitchValid: true
  pitchDeg: 2.197265625
  rollValid: true
  rollDeg: -1.329345703125
  headingValid: true
  headingDegm: 241.56411743164062
  lateralAccelValid: true
  lateralAccelG: 0.021074490621685982
  altPresValid: true
  altPresMslM: -67.28079986572266
  altIndValid: true
  altIndMslM: 2.5974884033203125
  airspeedTrueValid: true
  airspeedTrueKts: 0.0
  airspeedIndValid: true
  airspeedIndKts: 0.0
}

message on port 8384:
[10, 6, 78, 51, 52, 50, 77, 69, 18, 36, 57, 52, 49, 99, 51, 49, 98, 56, 45, 53, 53, 102, 53, 45, 52, 54, 50, 51, 45, 97, 55, 48, 50, 45, 57, 102, 48, 99, 49, 52, 98, 98, 101, 97, 98, 48, 24, 2, 42, 40, 8, 173, 189, 167, 202, 6, 18, 10, 13, 60, 150, 237, 65, 21, 60, 138, 164, 194, 29, 208, 177, 41, 66, 37, 2, 43, 7, 62, 45, 91, 160, 108, 67, 53, 144, 94, 209, 64, 56, 1]
systemId: N342ME
endpointUuid: 941c31b8-55f5-4623-a702-9f0c14bbeab0
msgType: BcastMsgType_Data_GPS
dataGps: {
  timestamp: 1766448813
  geo: {
    lat: 29.69835662841797
    lon: -82.26998901367188
  }
  altM: 42.42364501953125
  gndSpdKts: 0.13199999928474426
  gndTrkDegt: 236.6263885498047
  magVarDeg: 6.542793273925781
  valid: true
}

message on port 8384:
[10, 6, 78, 51, 52, 50, 77, 69, 18, 36, 57, 52, 49, 99, 51, 49, 98, 56, 45, 53, 53, 102, 53, 45, 52, 54, 50, 51, 45, 97, 55, 48, 50, 45, 57, 102, 48, 99, 49, 52, 98, 98, 101, 97, 98, 48, 24, 3, 50, 65, 8, 173, 189, 167, 202, 6, 24, 1, 37, 0, 160, 12, 64, 40, 1, 53, 0, 40, 170, 191, 56, 1, 69, 130, 165, 113, 67, 72, 1, 85, 224, 179, 187, 60, 88, 1, 101, 197, 143, 134, 194, 104, 1, 117, 64, 61, 38, 64, 120, 1, 133, 1, 0, 0, 0, 0, 136, 1, 1, 149, 1, 0, 0, 0, 0]
systemId: N342ME
endpointUuid: 941c31b8-55f5-4623-a702-9f0c14bbeab0
msgType: BcastMsgType_Data_ADAHRS
dataAdahrs: {
  timestamp: 1766448813
  pitchValid: true
  pitchDeg: 2.197265625
  rollValid: true
  rollDeg: -1.329345703125
  headingValid: true
  headingDegm: 241.64651489257812
  lateralAccelValid: true
  lateralAccelG: 0.022912919521331787
  altPresValid: true
  altPresMslM: -67.28079986572266
  altIndValid: true
  altIndMslM: 2.5974884033203125
  airspeedTrueValid: true
  airspeedTrueKts: 0.0
  airspeedIndValid: true
  airspeedIndKts: 0.0
}

4000:Uplink, 436 bytes
message on port 8384:
[10, 6, 78, 51, 52, 50, 77, 69, 18, 36, 57, 52, 49, 99, 51, 49, 98, 56, 45, 53, 53, 102, 53, 45, 52, 54, 50, 51, 45, 97, 55, 48, 50, 45, 57, 102, 48, 99, 49, 52, 98, 98, 101, 97, 98, 48, 24, 4, 58, 187, 3, 10, 184, 3, 126, 7, 0, 0, 0, 42, 60, 15, 138, 250, 224, 162, 128, 21, 128, 0, 33, 94, 218, 72, 130, 16, 44, 160, 88, 0, 8, 8, 181, 10, 33, 44, 160, 88, 0, 0, 0, 0, 0, 0, 0, 15, 217, 0, 11, 27, 13, 9, 7, 9, 23, 55, 197, 233, 66, 181, 232, 0, 21, 128, 0, 33, 94, 94, 16, 130, 16, 44, 22, 83, 0, 8, 5, 202, 10, 33, 44, 22, 83, 0, 0, 0, 0, 0, 0, 0, 15, 217, 0, 11, 25, 15, 2, 2, 3, 15, 2, 197, 104, 130, 199, 16, 0, 0, 0, 0, 0, 0, 0, 0, 0, 0, 0, 0, 0, 0, 0, 0, 0, 0, 0, 0, 0, 0, 0, 0, 0, 0, 0, 0, 0, 0, 0, 0, 0, 0, 0, 0, 0, 0, 0, 0, 0, 0, 0, 0, 0, 0, 0, 0, 0, 0, 0, 0, 0, 0, 0, 0, 0, 0, 0, 0, 0, 0, 0, 0, 0, 0, 0, 0, 0, 0, 0, 0, 0, 0, 0, 0, 0, 0, 0, 0, 0, 0, 0, 0, 0, 0, 0, 0, 0, 0, 0, 0, 0, 0, 0, 0, 0, 0, 0, 0, 0, 0, 0, 0, 0, 0, 0, 0, 0, 0, 0, 0, 0, 0, 0, 0, 0, 0, 0, 0, 0, 0, 0, 0, 0, 0, 0, 0, 0, 0, 0, 0, 0, 0, 0, 0, 0, 0, 0, 0, 0, 0, 0, 0, 0, 0, 0, 0, 0, 0, 0, 0, 0, 0, 0, 0, 0, 0, 0, 0, 0, 0, 0, 0, 0, 0, 0, 0, 0, 0, 0, 0, 0, 0, 0, 0, 0, 0, 0, 0, 0, 0, 0, 0, 0, 0, 0, 0, 0, 0, 0, 0, 0, 0, 0, 0, 0, 0, 0, 0, 0, 0, 0, 0, 0, 0, 0, 0, 0, 0, 0, 0, 0, 0, 0, 0, 0, 0, 0, 0, 0, 0, 0, 0, 0, 0, 0, 0, 0, 0, 0, 0, 0, 0, 0, 0, 0, 0, 0, 0, 0, 0, 0, 0, 0, 0, 0, 0, 0, 0, 0, 0, 0, 0, 0, 0, 0, 0, 0, 0, 0, 0, 0, 0, 0, 0, 0, 0, 0, 0, 0, 0, 0, 0, 0, 0, 0, 0, 0, 0, 0, 0, 0, 0, 0, 0, 0, 0, 0, 0, 0, 0, 0, 0, 0, 0, 0, 0, 0, 0, 0, 0, 0, 0, 0, 0, 0, 0, 0, 0, 0, 0, 0, 0, 0, 0, 0, 0, 0, 0, 0, 0, 0, 0, 0, 0, 0, 0, 0, 0, 0, 0, 0, 0, 0, 174, 166, 126]
systemId: N342ME
endpointUuid: 941c31b8-55f5-4623-a702-9f0c14bbeab0
msgType: BcastMsgType_Data_ADSB
dataAdsb: {
  rawData: [126, 7, 0, 0, 0, 42, 60, 15, 138, 250, 224, 162, 128, 21, 128, 0, 33, 94, 218, 72, 130, 16, 44, 160, 88, 0, 8, 8, 181, 10, 33, 44, 160, 88, 0, 0, 0, 0, 0, 0, 0, 15, 217, 0, 11, 27, 13, 9, 7, 9, 23, 55, 197, 233, 66, 181, 232, 0, 21, 128, 0, 33, 94, 94, 16, 130, 16, 44, 22, 83, 0, 8, 5, 202, 10, 33, 44, 22, 83, 0, 0, 0, 0, 0, 0, 0, 15, 217, 0, 11, 25, 15, 2, 2, 3, 15, 2, 197, 104, 130, 199, 16, 0, 0, 0, 0, 0, 0, 0, 0, 0, 0, 0, 0, 0, 0, 0, 0, 0, 0, 0, 0, 0, 0, 0, 0, 0, 0, 0, 0, 0, 0, 0, 0, 0, 0, 0, 0, 0, 0, 0, 0, 0, 0, 0, 0, 0, 0, 0, 0, 0, 0, 0, 0, 0, 0, 0, 0, 0, 0, 0, 0, 0, 0, 0, 0, 0, 0, 0, 0, 0, 0, 0, 0, 0, 0, 0, 0, 0, 0, 0, 0, 0, 0, 0, 0, 0, 0, 0, 0, 0, 0, 0, 0, 0, 0, 0, 0, 0, 0, 0, 0, 0, 0, 0, 0, 0, 0, 0, 0, 0, 0, 0, 0, 0, 0, 0, 0, 0, 0, 0, 0, 0, 0, 0, 0, 0, 0, 0, 0, 0, 0, 0, 0, 0, 0, 0, 0, 0, 0, 0, 0, 0, 0, 0, 0, 0, 0, 0, 0, 0, 0, 0, 0, 0, 0, 0, 0, 0, 0, 0, 0, 0, 0, 0, 0, 0, 0, 0, 0, 0, 0, 0, 0, 0, 0, 0, 0, 0, 0, 0, 0, 0, 0, 0, 0, 0, 0, 0, 0, 0, 0, 0, 0, 0, 0, 0, 0, 0, 0, 0, 0, 0, 0, 0, 0, 0, 0, 0, 0, 0, 0, 0, 0, 0, 0, 0, 0, 0, 0, 0, 0, 0, 0, 0, 0, 0, 0, 0, 0, 0, 0, 0, 0, 0, 0, 0, 0, 0, 0, 0, 0, 0, 0, 0, 0, 0, 0, 0, 0, 0, 0, 0, 0, 0, 0, 0, 0, 0, 0, 0, 0, 0, 0, 0, 0, 0, 0, 0, 0, 0, 0, 0, 0, 0, 0, 0, 0, 0, 0, 0, 0, 0, 0, 0, 0, 0, 0, 0, 0, 0, 0, 0, 0, 0, 0, 0, 0, 0, 0, 0, 0, 0, 0, 0, 0, 0, 0, 0, 0, 0, 0, 0, 0, 0, 0, 0, 0, 0, 0, 0, 0, 0, 0, 0, 0, 0, 0, 0, 0, 0, 0, 0, 0, 0, 0, 0, 174, 166, 126]
}

message on port 8384:
[10, 6, 78, 51, 52, 50, 77, 69, 18, 36, 57, 52, 49, 99, 51, 49, 98, 56, 45, 53, 53, 102, 53, 45, 52, 54, 50, 51, 45, 97, 55, 48, 50, 45, 57, 102, 48, 99, 49, 52, 98, 98, 101, 97, 98, 48, 24, 2, 42, 40, 8, 173, 189, 167, 202, 6, 18, 10, 13, 60, 150, 237, 65, 21, 60, 138, 164, 194, 29, 208, 177, 41, 66, 37, 2, 43, 7, 62, 45, 91, 160, 108, 67, 53, 144, 94, 209, 64, 56, 1]
systemId: N342ME
endpointUuid: 941c31b8-55f5-4623-a702-9f0c14bbeab0
msgType: BcastMsgType_Data_GPS
dataGps: {
  timestamp: 1766448813
  geo: {
    lat: 29.69835662841797
    lon: -82.26998901367188
  }
  altM: 42.42364501953125
  gndSpdKts: 0.13199999928474426
  gndTrkDegt: 236.6263885498047
  magVarDeg: 6.542793273925781
  valid: true
}

message on port 8384:
[10, 6, 78, 51, 52, 50, 77, 69, 18, 36, 57, 52, 49, 99, 51, 49, 98, 56, 45, 53, 53, 102, 53, 45, 52, 54, 50, 51, 45, 97, 55, 48, 50, 45, 57, 102, 48, 99, 49, 52, 98, 98, 101, 97, 98, 48, 24, 3, 50, 65, 8, 173, 189, 167, 202, 6, 24, 1, 37, 0, 160, 12, 64, 40, 1, 53, 0, 136, 164, 191, 56, 1, 69, 218, 152, 113, 67, 72, 1, 85, 26, 13, 152, 60, 88, 1, 101, 197, 143, 134, 194, 104, 1, 117, 64, 61, 38, 64, 120, 1, 133, 1, 0, 0, 0, 0, 136, 1, 1, 149, 1, 0, 0, 0, 0]
systemId: N342ME
endpointUuid: 941c31b8-55f5-4623-a702-9f0c14bbeab0
msgType: BcastMsgType_Data_ADAHRS
dataAdahrs: {
  timestamp: 1766448813
  pitchValid: true
  pitchDeg: 2.197265625
  rollValid: true
  rollDeg: -1.285400390625
  headingValid: true
  headingDegm: 241.59707641601562
  lateralAccelValid: true
  lateralAccelG: 0.01856093481183052
  altPresValid: true
  altPresMslM: -67.28079986572266
  altIndValid: true
  altIndMslM: 2.5974884033203125
  airspeedTrueValid: true
  airspeedTrueKts: 0.0
  airspeedIndValid: true
  airspeedIndKts: 0.0
}

4000:Uplink, 436 bytes
message on port 8384:
[10, 6, 78, 51, 52, 50, 77, 69, 18, 36, 57, 52, 49, 99, 51, 49, 98, 56, 45, 53, 53, 102, 53, 45, 52, 54, 50, 51, 45, 97, 55, 48, 50, 45, 57, 102, 48, 99, 49, 52, 98, 98, 101, 97, 98, 48, 24, 4, 58, 187, 3, 10, 184, 3, 126, 7, 0, 0, 0, 42, 60, 15, 138, 250, 224, 185, 128, 0, 0, 0, 0, 0, 0, 0, 0, 0, 0, 0, 0, 0, 0, 0, 0, 0, 0, 0, 0, 0, 0, 0, 0, 0, 0, 0, 0, 0, 0, 0, 0, 0, 0, 0, 0, 0, 0, 0, 0, 0, 0, 0, 0, 0, 0, 0, 0, 0, 0, 0, 0, 0, 0, 0, 0, 0, 0, 0, 0, 0, 0, 0, 0, 0, 0, 0, 0, 0, 0, 0, 0, 0, 0, 0, 0, 0, 0, 0, 0, 0, 0, 0, 0, 0, 0, 0, 0, 0, 0, 0, 0, 0, 0, 0, 0, 0, 0, 0, 0, 0, 0, 0, 0, 0, 0, 0, 0, 0, 0, 0, 0, 0, 0, 0, 0, 0, 0, 0, 0, 0, 0, 0, 0, 0, 0, 0, 0, 0, 0, 0, 0, 0, 0, 0, 0, 0, 0, 0, 0, 0, 0, 0, 0, 0, 0, 0, 0, 0, 0, 0, 0, 0, 0, 0, 0, 0, 0, 0, 0, 0, 0, 0, 0, 0, 0, 0, 0, 0, 0, 0, 0, 0, 0, 0, 0, 0, 0, 0, 0, 0, 0, 0, 0, 0, 0, 0, 0, 0, 0, 0, 0, 0, 0, 0, 0, 0, 0, 0, 0, 0, 0, 0, 0, 0, 0, 0, 0, 0, 0, 0, 0, 0, 0, 0, 0, 0, 0, 0, 0, 0, 0, 0, 0, 0, 0, 0, 0, 0, 0, 0, 0, 0, 0, 0, 0, 0, 0, 0, 0, 0, 0, 0, 0, 0, 0, 0, 0, 0, 0, 0, 0, 0, 0, 0, 0, 0, 0, 0, 0, 0, 0, 0, 0, 0, 0, 0, 0, 0, 0, 0, 0, 0, 0, 0, 0, 0, 0, 0, 0, 0, 0, 0, 0, 0, 0, 0, 0, 0, 0, 0, 0, 0, 0, 0, 0, 0, 0, 0, 0, 0, 0, 0, 0, 0, 0, 0, 0, 0, 0, 0, 0, 0, 0, 0, 0, 0, 0, 0, 0, 0, 0, 0, 0, 0, 0, 0, 0, 0, 0, 0, 0, 0, 0, 0, 0, 0, 0, 0, 0, 0, 0, 0, 0, 0, 0, 0, 0, 0, 0, 0, 0, 0, 0, 0, 0, 0, 0, 0, 0, 0, 0, 0, 0, 0, 0, 0, 0, 0, 0, 0, 0, 0, 0, 0, 0, 0, 0, 0, 0, 0, 0, 0, 0, 0, 0, 0, 0, 0, 0, 0, 0, 0, 0, 0, 0, 0, 0, 0, 0, 0, 0, 0, 0, 0, 0, 0, 0, 0, 0, 0, 0, 0, 0, 0, 0, 0, 0, 0, 0, 0, 0, 0, 0, 184, 156, 126]
systemId: N342ME
endpointUuid: 941c31b8-55f5-4623-a702-9f0c14bbeab0
msgType: BcastMsgType_Data_ADSB
dataAdsb: {
  rawData: [126, 7, 0, 0, 0, 42, 60, 15, 138, 250, 224, 185, 128, 0, 0, 0, 0, 0, 0, 0, 0, 0, 0, 0, 0, 0, 0, 0, 0, 0, 0, 0, 0, 0, 0, 0, 0, 0, 0, 0, 0, 0, 0, 0, 0, 0, 0, 0, 0, 0, 0, 0, 0, 0, 0, 0, 0, 0, 0, 0, 0, 0, 0, 0, 0, 0, 0, 0, 0, 0, 0, 0, 0, 0, 0, 0, 0, 0, 0, 0, 0, 0, 0, 0, 0, 0, 0, 0, 0, 0, 0, 0, 0, 0, 0, 0, 0, 0, 0, 0, 0, 0, 0, 0, 0, 0, 0, 0, 0, 0, 0, 0, 0, 0, 0, 0, 0, 0, 0, 0, 0, 0, 0, 0, 0, 0, 0, 0, 0, 0, 0, 0, 0, 0, 0, 0, 0, 0, 0, 0, 0, 0, 0, 0, 0, 0, 0, 0, 0, 0, 0, 0, 0, 0, 0, 0, 0, 0, 0, 0, 0, 0, 0, 0, 0, 0, 0, 0, 0, 0, 0, 0, 0, 0, 0, 0, 0, 0, 0, 0, 0, 0, 0, 0, 0, 0, 0, 0, 0, 0, 0, 0, 0, 0, 0, 0, 0, 0, 0, 0, 0, 0, 0, 0, 0, 0, 0, 0, 0, 0, 0, 0, 0, 0, 0, 0, 0, 0, 0, 0, 0, 0, 0, 0, 0, 0, 0, 0, 0, 0, 0, 0, 0, 0, 0, 0, 0, 0, 0, 0, 0, 0, 0, 0, 0, 0, 0, 0, 0, 0, 0, 0, 0, 0, 0, 0, 0, 0, 0, 0, 0, 0, 0, 0, 0, 0, 0, 0, 0, 0, 0, 0, 0, 0, 0, 0, 0, 0, 0, 0, 0, 0, 0, 0, 0, 0, 0, 0, 0, 0, 0, 0, 0, 0, 0, 0, 0, 0, 0, 0, 0, 0, 0, 0, 0, 0, 0, 0, 0, 0, 0, 0, 0, 0, 0, 0, 0, 0, 0, 0, 0, 0, 0, 0, 0, 0, 0, 0, 0, 0, 0, 0, 0, 0, 0, 0, 0, 0, 0, 0, 0, 0, 0, 0, 0, 0, 0, 0, 0, 0, 0, 0, 0, 0, 0, 0, 0, 0, 0, 0, 0, 0, 0, 0, 0, 0, 0, 0, 0, 0, 0, 0, 0, 0, 0, 0, 0, 0, 0, 0, 0, 0, 0, 0, 0, 0, 0, 0, 0, 0, 0, 0, 0, 0, 0, 0, 0, 0, 0, 0, 0, 0, 0, 0, 0, 0, 0, 0, 0, 0, 0, 0, 0, 0, 0, 0, 0, 0, 0, 0, 0, 0, 0, 0, 0, 0, 0, 0, 0, 0, 0, 0, 0, 0, 0, 0, 0, 184, 156, 126]
}

message on port 8384:
[10, 6, 78, 51, 52, 50, 77, 69, 18, 36, 57, 52, 49, 99, 51, 49, 98, 56, 45, 53, 53, 102, 53, 45, 52, 54, 50, 51, 45, 97, 55, 48, 50, 45, 57, 102, 48, 99, 49, 52, 98, 98, 101, 97, 98, 48, 24, 2, 42, 40, 8, 173, 189, 167, 202, 6, 18, 10, 13, 60, 150, 237, 65, 21, 60, 138, 164, 194, 29, 208, 177, 41, 66, 37, 174, 71, 97, 61, 45, 91, 160, 108, 67, 53, 144, 94, 209, 64, 56, 1]
systemId: N342ME
endpointUuid: 941c31b8-55f5-4623-a702-9f0c14bbeab0
msgType: BcastMsgType_Data_GPS
dataGps: {
  timestamp: 1766448813
  geo: {
    lat: 29.69835662841797
    lon: -82.26998901367188
  }
  altM: 42.42364501953125
  gndSpdKts: 0.054999999701976776
  gndTrkDegt: 236.6263885498047
  magVarDeg: 6.542793273925781
  valid: true
}

message on port 8384:
[10, 6, 78, 51, 52, 50, 77, 69, 18, 36, 57, 52, 49, 99, 51, 49, 98, 56, 45, 53, 53, 102, 53, 45, 52, 54, 50, 51, 45, 97, 55, 48, 50, 45, 57, 102, 48, 99, 49, 52, 98, 98, 101, 97, 98, 48, 24, 3, 50, 65, 8, 173, 189, 167, 202, 6, 24, 1, 37, 0, 188, 14, 64, 40, 1, 53, 0, 136, 164, 191, 56, 1, 69, 66, 154, 113, 67, 72, 1, 85, 255, 59, 168, 60, 88, 1, 101, 197, 143, 134, 194, 104, 1, 117, 64, 61, 38, 64, 120, 1, 133, 1, 0, 0, 0, 0, 136, 1, 1, 149, 1, 0, 0, 0, 0]
systemId: N342ME
endpointUuid: 941c31b8-55f5-4623-a702-9f0c14bbeab0
msgType: BcastMsgType_Data_ADAHRS
dataAdahrs: {
  timestamp: 1766448813
  pitchValid: true
  pitchDeg: 2.230224609375
  rollValid: true
  rollDeg: -1.285400390625
  headingValid: true
  headingDegm: 241.60256958007812
  lateralAccelValid: true
  lateralAccelG: 0.02053642086684704
  altPresValid: true
  altPresMslM: -67.28079986572266
  altIndValid: true
  altIndMslM: 2.5974884033203125
  airspeedTrueValid: true
  airspeedTrueKts: 0.0
  airspeedIndValid: true
  airspeedIndKts: 0.0
}

message on port 8384:
[10, 6, 78, 51, 52, 50, 77, 69, 18, 36, 57, 52, 49, 99, 51, 49, 98, 56, 45, 53, 53, 102, 53, 45, 52, 54, 50, 51, 45, 97, 55, 48, 50, 45, 57, 102, 48, 99, 49, 52, 98, 98, 101, 97, 98, 48, 24, 1, 34, 120, 10, 6, 78, 51, 52, 50, 77, 69, 16, 174, 189, 167, 202, 6, 26, 7, 48, 46, 48, 46, 48, 46, 48, 32, 192, 65, 40, 1, 50, 14, 8, 1, 16, 1, 24, 1, 32, 1, 40, 1, 48, 1, 56, 1, 58, 20, 68, 121, 110, 111, 110, 32, 65, 118, 105, 111, 110, 105, 99, 115, 44, 32, 73, 110, 99, 46, 66, 7, 83, 107, 121, 86, 105, 101, 119, 74, 10, 68, 49, 48, 48, 48, 47, 68, 55, 48, 48, 82, 6, 48, 50, 52, 51, 53, 54, 90, 12, 49, 54, 46, 55, 46, 50, 46, 49, 50, 48, 55, 51, 98, 9, 98, 117, 105, 108, 100, 114, 111, 111, 116]
systemId: N342ME
endpointUuid: 941c31b8-55f5-4623-a702-9f0c14bbeab0
msgType: BcastMsgType_Heartbeat
heartbeat: {
  systemId: N342ME
  timestamp: 1766448814
  ipAddress: 0.0.0.0
  ipPort: 8384
  isEfis: true
  capabilities: {
    status: true
    gps: true
    ahrs: true
    adahrs: true
    fplSend: true
    fplReceive: true
    adsb: true
  }
  prodMake: Dynon Avionics, Inc.
  prodName: SkyView
  prodModel: D1000/D700
  prodSerial: 024356
  prodFirmware: 16.7.2.12073
  hostname: buildroot
}

message on port 8384:
[10, 6, 78, 51, 52, 50, 77, 69, 18, 36, 57, 52, 49, 99, 51, 49, 98, 56, 45, 53, 53, 102, 53, 45, 52, 54, 50, 51, 45, 97, 55, 48, 50, 45, 57, 102, 48, 99, 49, 52, 98, 98, 101, 97, 98, 48, 24, 2, 42, 40, 8, 174, 189, 167, 202, 6, 18, 10, 13, 60, 150, 237, 65, 21, 60, 138, 164, 194, 29, 208, 177, 41, 66, 37, 174, 71, 97, 61, 45, 91, 160, 108, 67, 53, 144, 94, 209, 64, 56, 1]
systemId: N342ME
endpointUuid: 941c31b8-55f5-4623-a702-9f0c14bbeab0
msgType: BcastMsgType_Data_GPS
dataGps: {
  timestamp: 1766448814
  geo: {
    lat: 29.69835662841797
    lon: -82.26998901367188
  }
  altM: 42.42364501953125
  gndSpdKts: 0.054999999701976776
  gndTrkDegt: 236.6263885498047
  magVarDeg: 6.542793273925781
  valid: true
}

message on port 8384:
[10, 6, 78, 51, 52, 50, 77, 69, 18, 36, 57, 52, 49, 99, 51, 49, 98, 56, 45, 53, 53, 102, 53, 45, 52, 54, 50, 51, 45, 97, 55, 48, 50, 45, 57, 102, 48, 99, 49, 52, 98, 98, 101, 97, 98, 48, 24, 3, 50, 65, 8, 174, 189, 167, 202, 6, 24, 1, 37, 0, 188, 14, 64, 40, 1, 53, 0, 164, 166, 191, 56, 1, 69, 218, 152, 113, 67, 72, 1, 85, 105, 134, 215, 60, 88, 1, 101, 197, 143, 134, 194, 104, 1, 117, 64, 61, 38, 64, 120, 1, 133, 1, 0, 0, 0, 0, 136, 1, 1, 149, 1, 0, 0, 0, 0]
systemId: N342ME
endpointUuid: 941c31b8-55f5-4623-a702-9f0c14bbeab0
msgType: BcastMsgType_Data_ADAHRS
dataAdahrs: {
  timestamp: 1766448814
  pitchValid: true
  pitchDeg: 2.230224609375
  rollValid: true
  rollDeg: -1.3018798828125
  headingValid: true
  headingDegm: 241.59707641601562
  lateralAccelValid: true
  lateralAccelG: 0.026309208944439888
  altPresValid: true
  altPresMslM: -67.28079986572266
  altIndValid: true
  altIndMslM: 2.5974884033203125
  airspeedTrueValid: true
  airspeedTrueKts: 0.0
  airspeedIndValid: true
  airspeedIndKts: 0.0
}

4000:Traffic: N342ME/A3C5D4 29.698,-82.270 NIC=10 NACp=10 palt=0 palt=0
4000:Traffic: PDT5973/A89076 29.699,-82.327 NIC=8 NACp=9 palt=575 palt=575
message on port 8384:
[10, 6, 78, 51, 52, 50, 77, 69, 18, 36, 57, 52, 49, 99, 51, 49, 98, 56, 45, 53, 53, 102, 53, 45, 52, 54, 50, 51, 45, 97, 55, 48, 50, 45, 57, 102, 48, 99, 49, 52, 98, 98, 101, 97, 98, 48, 24, 4, 58, 34, 10, 32, 126, 20, 0, 163, 197, 212, 21, 30, 107, 197, 127, 51, 2, 130, 170, 0, 0, 0, 0, 1, 78, 51, 52, 50, 77, 69, 32, 32, 0, 138, 176, 126]
systemId: N342ME
endpointUuid: 941c31b8-55f5-4623-a702-9f0c14bbeab0
msgType: BcastMsgType_Data_ADSB
dataAdsb: {
  rawData: [126, 20, 0, 163, 197, 212, 21, 30, 107, 197, 127, 51, 2, 130, 170, 0, 0, 0, 0, 1, 78, 51, 52, 50, 77, 69, 32, 32, 0, 138, 176, 126]
}

message on port 8384:
[10, 6, 78, 51, 52, 50, 77, 69, 18, 36, 57, 52, 49, 99, 51, 49, 98, 56, 45, 53, 53, 102, 53, 45, 52, 54, 50, 51, 45, 97, 55, 48, 50, 45, 57, 102, 48, 99, 49, 52, 98, 98, 101, 97, 98, 48, 24, 4, 58, 34, 10, 32, 126, 20, 0, 168, 144, 118, 21, 30, 157, 197, 116, 221, 3, 250, 137, 7, 255, 246, 72, 2, 80, 68, 84, 53, 57, 55, 51, 32, 0, 51, 0, 126]
systemId: N342ME
endpointUuid: 941c31b8-55f5-4623-a702-9f0c14bbeab0
msgType: BcastMsgType_Data_ADSB
dataAdsb: {
  rawData: [126, 20, 0, 168, 144, 118, 21, 30, 157, 197, 116, 221, 3, 250, 137, 7, 255, 246, 72, 2, 80, 68, 84, 53, 57, 55, 51, 32, 0, 51, 0, 126]
}

message on port 8384:
[10, 6, 78, 51, 52, 50, 77, 69, 18, 36, 57, 52, 49, 99, 51, 49, 98, 56, 45, 53, 53, 102, 53, 45, 52, 54, 50, 51, 45, 97, 55, 48, 50, 45, 57, 102, 48, 99, 49, 52, 98, 98, 101, 97, 98, 48, 24, 2, 42, 40, 8, 174, 189, 167, 202, 6, 18, 10, 13, 60, 150, 237, 65, 21, 60, 138, 164, 194, 29, 208, 177, 41, 66, 37, 201, 118, 190, 61, 45, 91, 160, 108, 67, 53, 144, 94, 209, 64, 56, 1]
systemId: N342ME
endpointUuid: 941c31b8-55f5-4623-a702-9f0c14bbeab0
msgType: BcastMsgType_Data_GPS
dataGps: {
  timestamp: 1766448814
  geo: {
    lat: 29.69835662841797
    lon: -82.26998901367188
  }
  altM: 42.42364501953125
  gndSpdKts: 0.09300000220537186
  gndTrkDegt: 236.6263885498047
  magVarDeg: 6.542793273925781
  valid: true
}

message on port 8384:
[10, 6, 78, 51, 52, 50, 77, 69, 18, 36, 57, 52, 49, 99, 51, 49, 98, 56, 45, 53, 53, 102, 53, 45, 52, 54, 50, 51, 45, 97, 55, 48, 50, 45, 57, 102, 48, 99, 49, 52, 98, 98, 101, 97, 98, 48, 24, 3, 50, 65, 8, 174, 189, 167, 202, 6, 24, 1, 37, 0, 180, 7, 64, 40, 1, 53, 0, 164, 166, 191, 56, 1, 69, 58, 147, 113, 67, 72, 1, 85, 206, 22, 168, 60, 88, 1, 101, 197, 143, 134, 194, 104, 1, 117, 64, 61, 38, 64, 120, 1, 133, 1, 0, 0, 0, 0, 136, 1, 1, 149, 1, 0, 0, 0, 0]
systemId: N342ME
endpointUuid: 941c31b8-55f5-4623-a702-9f0c14bbeab0
msgType: BcastMsgType_Data_ADAHRS
dataAdahrs: {
  timestamp: 1766448814
  pitchValid: true
  pitchDeg: 2.120361328125
  rollValid: true
  rollDeg: -1.3018798828125
  headingValid: true
  headingDegm: 241.57510375976562
  lateralAccelValid: true
  lateralAccelG: 0.02051868662238121
  altPresValid: true
  altPresMslM: -67.28079986572266
  altIndValid: true
  altIndMslM: 2.5974884033203125
  airspeedTrueValid: true
  airspeedTrueKts: 0.0
  airspeedIndValid: true
  airspeedIndKts: 0.0
}

message on port 8384:
[10, 6, 78, 51, 52, 50, 77, 69, 18, 36, 57, 52, 49, 99, 51, 49, 98, 56, 45, 53, 53, 102, 53, 45, 52, 54, 50, 51, 45, 97, 55, 48, 50, 45, 57, 102, 48, 99, 49, 52, 98, 98, 101, 97, 98, 48, 24, 2, 42, 40, 8, 174, 189, 167, 202, 6, 18, 10, 13, 60, 150, 237, 65, 21, 60, 138, 164, 194, 29, 208, 177, 41, 66, 37, 49, 8, 172, 61, 45, 91, 160, 108, 67, 53, 144, 94, 209, 64, 56, 1]
systemId: N342ME
endpointUuid: 941c31b8-55f5-4623-a702-9f0c14bbeab0
msgType: BcastMsgType_Data_GPS
dataGps: {
  timestamp: 1766448814
  geo: {
    lat: 29.69835662841797
    lon: -82.26998901367188
  }
  altM: 42.42364501953125
  gndSpdKts: 0.08399999886751175
  gndTrkDegt: 236.6263885498047
  magVarDeg: 6.542793273925781
  valid: true
}

message on port 8384:
[10, 6, 78, 51, 52, 50, 77, 69, 18, 36, 57, 52, 49, 99, 51, 49, 98, 56, 45, 53, 53, 102, 53, 45, 52, 54, 50, 51, 45, 97, 55, 48, 50, 45, 57, 102, 48, 99, 49, 52, 98, 98, 101, 97, 98, 48, 24, 3, 50, 65, 8, 174, 189, 167, 202, 6, 24, 1, 37, 0, 180, 7, 64, 40, 1, 53, 0, 164, 166, 191, 56, 1, 69, 10, 150, 113, 67, 72, 1, 85, 77, 192, 172, 60, 88, 1, 101, 197, 143, 134, 194, 104, 1, 117, 64, 61, 38, 64, 120, 1, 133, 1, 0, 0, 0, 0, 136, 1, 1, 149, 1, 0, 0, 0, 0]
systemId: N342ME
endpointUuid: 941c31b8-55f5-4623-a702-9f0c14bbeab0
msgType: BcastMsgType_Data_ADAHRS
dataAdahrs: {
  timestamp: 1766448814
  pitchValid: true
  pitchDeg: 2.120361328125
  rollValid: true
  rollDeg: -1.3018798828125
  headingValid: true
  headingDegm: 241.58609008789062
  lateralAccelValid: true
  lateralAccelG: 0.02108778990805149
  altPresValid: true
  altPresMslM: -67.28079986572266
  altIndValid: true
  altIndMslM: 2.5974884033203125
  airspeedTrueValid: true
  airspeedTrueKts: 0.0
  airspeedIndValid: true
  airspeedIndKts: 0.0
}

4000:Uplink, 436 bytes
message on port 8384:
[10, 6, 78, 51, 52, 50, 77, 69, 18, 36, 57, 52, 49, 99, 51, 49, 98, 56, 45, 53, 53, 102, 53, 45, 52, 54, 50, 51, 45, 97, 55, 48, 50, 45, 57, 102, 48, 99, 49, 52, 98, 98, 101, 97, 98, 48, 24, 4, 58, 187, 3, 10, 184, 3, 126, 7, 0, 0, 0, 42, 60, 15, 138, 250, 224, 163, 128, 0, 0, 0, 0, 0, 0, 0, 0, 0, 0, 0, 0, 0, 0, 0, 0, 0, 0, 0, 0, 0, 0, 0, 0, 0, 0, 0, 0, 0, 0, 0, 0, 0, 0, 0, 0, 0, 0, 0, 0, 0, 0, 0, 0, 0, 0, 0, 0, 0, 0, 0, 0, 0, 0, 0, 0, 0, 0, 0, 0, 0, 0, 0, 0, 0, 0, 0, 0, 0, 0, 0, 0, 0, 0, 0, 0, 0, 0, 0, 0, 0, 0, 0, 0, 0, 0, 0, 0, 0, 0, 0, 0, 0, 0, 0, 0, 0, 0, 0, 0, 0, 0, 0, 0, 0, 0, 0, 0, 0, 0, 0, 0, 0, 0, 0, 0, 0, 0, 0, 0, 0, 0, 0, 0, 0, 0, 0, 0, 0, 0, 0, 0, 0, 0, 0, 0, 0, 0, 0, 0, 0, 0, 0, 0, 0, 0, 0, 0, 0, 0, 0, 0, 0, 0, 0, 0, 0, 0, 0, 0, 0, 0, 0, 0, 0, 0, 0, 0, 0, 0, 0, 0, 0, 0, 0, 0, 0, 0, 0, 0, 0, 0, 0, 0, 0, 0, 0, 0, 0, 0, 0, 0, 0, 0, 0, 0, 0, 0, 0, 0, 0, 0, 0, 0, 0, 0, 0, 0, 0, 0, 0, 0, 0, 0, 0, 0, 0, 0, 0, 0, 0, 0, 0, 0, 0, 0, 0, 0, 0, 0, 0, 0, 0, 0, 0, 0, 0, 0, 0, 0, 0, 0, 0, 0, 0, 0, 0, 0, 0, 0, 0, 0, 0, 0, 0, 0, 0, 0, 0, 0, 0, 0, 0, 0, 0, 0, 0, 0, 0, 0, 0, 0, 0, 0, 0, 0, 0, 0, 0, 0, 0, 0, 0, 0, 0, 0, 0, 0, 0, 0, 0, 0, 0, 0, 0, 0, 0, 0, 0, 0, 0, 0, 0, 0, 0, 0, 0, 0, 0, 0, 0, 0, 0, 0, 0, 0, 0, 0, 0, 0, 0, 0, 0, 0, 0, 0, 0, 0, 0, 0, 0, 0, 0, 0, 0, 0, 0, 0, 0, 0, 0, 0, 0, 0, 0, 0, 0, 0, 0, 0, 0, 0, 0, 0, 0, 0, 0, 0, 0, 0, 0, 0, 0, 0, 0, 0, 0, 0, 0, 0, 0, 0, 0, 0, 0, 0, 0, 0, 0, 0, 0, 0, 0, 0, 0, 0, 0, 0, 0, 0, 0, 0, 0, 0, 0, 0, 0, 0, 0, 0, 0, 0, 0, 0, 0, 0, 0, 0, 0, 0, 0, 0, 0, 0, 0, 0, 0, 0, 0, 0, 0, 0, 0, 0, 244, 33, 126]
systemId: N342ME
endpointUuid: 941c31b8-55f5-4623-a702-9f0c14bbeab0
msgType: BcastMsgType_Data_ADSB
dataAdsb: {
  rawData: [126, 7, 0, 0, 0, 42, 60, 15, 138, 250, 224, 163, 128, 0, 0, 0, 0, 0, 0, 0, 0, 0, 0, 0, 0, 0, 0, 0, 0, 0, 0, 0, 0, 0, 0, 0, 0, 0, 0, 0, 0, 0, 0, 0, 0, 0, 0, 0, 0, 0, 0, 0, 0, 0, 0, 0, 0, 0, 0, 0, 0, 0, 0, 0, 0, 0, 0, 0, 0, 0, 0, 0, 0, 0, 0, 0, 0, 0, 0, 0, 0, 0, 0, 0, 0, 0, 0, 0, 0, 0, 0, 0, 0, 0, 0, 0, 0, 0, 0, 0, 0, 0, 0, 0, 0, 0, 0, 0, 0, 0, 0, 0, 0, 0, 0, 0, 0, 0, 0, 0, 0, 0, 0, 0, 0, 0, 0, 0, 0, 0, 0, 0, 0, 0, 0, 0, 0, 0, 0, 0, 0, 0, 0, 0, 0, 0, 0, 0, 0, 0, 0, 0, 0, 0, 0, 0, 0, 0, 0, 0, 0, 0, 0, 0, 0, 0, 0, 0, 0, 0, 0, 0, 0, 0, 0, 0, 0, 0, 0, 0, 0, 0, 0, 0, 0, 0, 0, 0, 0, 0, 0, 0, 0, 0, 0, 0, 0, 0, 0, 0, 0, 0, 0, 0, 0, 0, 0, 0, 0, 0, 0, 0, 0, 0, 0, 0, 0, 0, 0, 0, 0, 0, 0, 0, 0, 0, 0, 0, 0, 0, 0, 0, 0, 0, 0, 0, 0, 0, 0, 0, 0, 0, 0, 0, 0, 0, 0, 0, 0, 0, 0, 0, 0, 0, 0, 0, 0, 0, 0, 0, 0, 0, 0, 0, 0, 0, 0, 0, 0, 0, 0, 0, 0, 0, 0, 0, 0, 0, 0, 0, 0, 0, 0, 0, 0, 0, 0, 0, 0, 0, 0, 0, 0, 0, 0, 0, 0, 0, 0, 0, 0, 0, 0, 0, 0, 0, 0, 0, 0, 0, 0, 0, 0, 0, 0, 0, 0, 0, 0, 0, 0, 0, 0, 0, 0, 0, 0, 0, 0, 0, 0, 0, 0, 0, 0, 0, 0, 0, 0, 0, 0, 0, 0, 0, 0, 0, 0, 0, 0, 0, 0, 0, 0, 0, 0, 0, 0, 0, 0, 0, 0, 0, 0, 0, 0, 0, 0, 0, 0, 0, 0, 0, 0, 0, 0, 0, 0, 0, 0, 0, 0, 0, 0, 0, 0, 0, 0, 0, 0, 0, 0, 0, 0, 0, 0, 0, 0, 0, 0, 0, 0, 0, 0, 0, 0, 0, 0, 0, 0, 0, 0, 0, 0, 0, 0, 0, 0, 0, 0, 0, 0, 0, 0, 0, 0, 0, 0, 0, 0, 0, 0, 0, 0, 0, 0, 0, 0, 244, 33, 126]
}

message on port 8384:
[10, 6, 78, 51, 52, 50, 77, 69, 18, 36, 57, 52, 49, 99, 51, 49, 98, 56, 45, 53, 53, 102, 53, 45, 52, 54, 50, 51, 45, 97, 55, 48, 50, 45, 57, 102, 48, 99, 49, 52, 98, 98, 101, 97, 98, 48, 24, 2, 42, 40, 8, 174, 189, 167, 202, 6, 18, 10, 13, 60, 150, 237, 65, 21, 60, 138, 164, 194, 29, 208, 177, 41, 66, 37, 135, 22, 89, 61, 45, 91, 160, 108, 67, 53, 144, 94, 209, 64, 56, 1]
systemId: N342ME
endpointUuid: 941c31b8-55f5-4623-a702-9f0c14bbeab0
msgType: BcastMsgType_Data_GPS
dataGps: {
  timestamp: 1766448814
  geo: {
    lat: 29.69835662841797
    lon: -82.26998901367188
  }
  altM: 42.42364501953125
  gndSpdKts: 0.05299999937415123
  gndTrkDegt: 236.6263885498047
  magVarDeg: 6.542793273925781
  valid: true
}

message on port 8384:
[10, 6, 78, 51, 52, 50, 77, 69, 18, 36, 57, 52, 49, 99, 51, 49, 98, 56, 45, 53, 53, 102, 53, 45, 52, 54, 50, 51, 45, 97, 55, 48, 50, 45, 57, 102, 48, 99, 49, 52, 98, 98, 101, 97, 98, 48, 24, 3, 50, 65, 8, 174, 189, 167, 202, 6, 24, 1, 37, 0, 84, 13, 64, 40, 1, 53, 0, 32, 163, 191, 56, 1, 69, 58, 147, 113, 67, 72, 1, 85, 190, 198, 171, 60, 88, 1, 101, 197, 143, 134, 194, 104, 1, 117, 64, 61, 38, 64, 120, 1, 133, 1, 0, 0, 0, 0, 136, 1, 1, 149, 1, 0, 0, 0, 0]
systemId: N342ME
endpointUuid: 941c31b8-55f5-4623-a702-9f0c14bbeab0
msgType: BcastMsgType_Data_ADAHRS
dataAdahrs: {
  timestamp: 1766448814
  pitchValid: true
  pitchDeg: 2.208251953125
  rollValid: true
  rollDeg: -1.2744140625
  headingValid: true
  headingDegm: 241.57510375976562
  lateralAccelValid: true
  lateralAccelG: 0.020968791097402573
  altPresValid: true
  altPresMslM: -67.28079986572266
  altIndValid: true
  altIndMslM: 2.5974884033203125
  airspeedTrueValid: true
  airspeedTrueKts: 0.0
  airspeedIndValid: true
  airspeedIndKts: 0.0
}

4000:Uplink, 436 bytes
message on port 8384:
[10, 6, 78, 51, 52, 50, 77, 69, 18, 36, 57, 52, 49, 99, 51, 49, 98, 56, 45, 53, 53, 102, 53, 45, 52, 54, 50, 51, 45, 97, 55, 48, 50, 45, 57, 102, 48, 99, 49, 52, 98, 98, 101, 97, 98, 48, 24, 4, 58, 187, 3, 10, 184, 3, 126, 7, 0, 0, 0, 42, 60, 15, 138, 250, 224, 186, 128, 0, 0, 0, 0, 0, 0, 0, 0, 0, 0, 0, 0, 0, 0, 0, 0, 0, 0, 0, 0, 0, 0, 0, 0, 0, 0, 0, 0, 0, 0, 0, 0, 0, 0, 0, 0, 0, 0, 0, 0, 0, 0, 0, 0, 0, 0, 0, 0, 0, 0, 0, 0, 0, 0, 0, 0, 0, 0, 0, 0, 0, 0, 0, 0, 0, 0, 0, 0, 0, 0, 0, 0, 0, 0, 0, 0, 0, 0, 0, 0, 0, 0, 0, 0, 0, 0, 0, 0, 0, 0, 0, 0, 0, 0, 0, 0, 0, 0, 0, 0, 0, 0, 0, 0, 0, 0, 0, 0, 0, 0, 0, 0, 0, 0, 0, 0, 0, 0, 0, 0, 0, 0, 0, 0, 0, 0, 0, 0, 0, 0, 0, 0, 0, 0, 0, 0, 0, 0, 0, 0, 0, 0, 0, 0, 0, 0, 0, 0, 0, 0, 0, 0, 0, 0, 0, 0, 0, 0, 0, 0, 0, 0, 0, 0, 0, 0, 0, 0, 0, 0, 0, 0, 0, 0, 0, 0, 0, 0, 0, 0, 0, 0, 0, 0, 0, 0, 0, 0, 0, 0, 0, 0, 0, 0, 0, 0, 0, 0, 0, 0, 0, 0, 0, 0, 0, 0, 0, 0, 0, 0, 0, 0, 0, 0, 0, 0, 0, 0, 0, 0, 0, 0, 0, 0, 0, 0, 0, 0, 0, 0, 0, 0, 0, 0, 0, 0, 0, 0, 0, 0, 0, 0, 0, 0, 0, 0, 0, 0, 0, 0, 0, 0, 0, 0, 0, 0, 0, 0, 0, 0, 0, 0, 0, 0, 0, 0, 0, 0, 0, 0, 0, 0, 0, 0, 0, 0, 0, 0, 0, 0, 0, 0, 0, 0, 0, 0, 0, 0, 0, 0, 0, 0, 0, 0, 0, 0, 0, 0, 0, 0, 0, 0, 0, 0, 0, 0, 0, 0, 0, 0, 0, 0, 0, 0, 0, 0, 0, 0, 0, 0, 0, 0, 0, 0, 0, 0, 0, 0, 0, 0, 0, 0, 0, 0, 0, 0, 0, 0, 0, 0, 0, 0, 0, 0, 0, 0, 0, 0, 0, 0, 0, 0, 0, 0, 0, 0, 0, 0, 0, 0, 0, 0, 0, 0, 0, 0, 0, 0, 0, 0, 0, 0, 0, 0, 0, 0, 0, 0, 0, 0, 0, 0, 0, 0, 0, 0, 0, 0, 0, 0, 0, 0, 0, 0, 0, 0, 0, 0, 0, 0, 0, 0, 0, 0, 0, 0, 0, 0, 0, 0, 0, 0, 0, 0, 0, 0, 0, 0, 0, 0, 0, 0, 0, 0, 10, 136, 126]
systemId: N342ME
endpointUuid: 941c31b8-55f5-4623-a702-9f0c14bbeab0
msgType: BcastMsgType_Data_ADSB
dataAdsb: {
  rawData: [126, 7, 0, 0, 0, 42, 60, 15, 138, 250, 224, 186, 128, 0, 0, 0, 0, 0, 0, 0, 0, 0, 0, 0, 0, 0, 0, 0, 0, 0, 0, 0, 0, 0, 0, 0, 0, 0, 0, 0, 0, 0, 0, 0, 0, 0, 0, 0, 0, 0, 0, 0, 0, 0, 0, 0, 0, 0, 0, 0, 0, 0, 0, 0, 0, 0, 0, 0, 0, 0, 0, 0, 0, 0, 0, 0, 0, 0, 0, 0, 0, 0, 0, 0, 0, 0, 0, 0, 0, 0, 0, 0, 0, 0, 0, 0, 0, 0, 0, 0, 0, 0, 0, 0, 0, 0, 0, 0, 0, 0, 0, 0, 0, 0, 0, 0, 0, 0, 0, 0, 0, 0, 0, 0, 0, 0, 0, 0, 0, 0, 0, 0, 0, 0, 0, 0, 0, 0, 0, 0, 0, 0, 0, 0, 0, 0, 0, 0, 0, 0, 0, 0, 0, 0, 0, 0, 0, 0, 0, 0, 0, 0, 0, 0, 0, 0, 0, 0, 0, 0, 0, 0, 0, 0, 0, 0, 0, 0, 0, 0, 0, 0, 0, 0, 0, 0, 0, 0, 0, 0, 0, 0, 0, 0, 0, 0, 0, 0, 0, 0, 0, 0, 0, 0, 0, 0, 0, 0, 0, 0, 0, 0, 0, 0, 0, 0, 0, 0, 0, 0, 0, 0, 0, 0, 0, 0, 0, 0, 0, 0, 0, 0, 0, 0, 0, 0, 0, 0, 0, 0, 0, 0, 0, 0, 0, 0, 0, 0, 0, 0, 0, 0, 0, 0, 0, 0, 0, 0, 0, 0, 0, 0, 0, 0, 0, 0, 0, 0, 0, 0, 0, 0, 0, 0, 0, 0, 0, 0, 0, 0, 0, 0, 0, 0, 0, 0, 0, 0, 0, 0, 0, 0, 0, 0, 0, 0, 0, 0, 0, 0, 0, 0, 0, 0, 0, 0, 0, 0, 0, 0, 0, 0, 0, 0, 0, 0, 0, 0, 0, 0, 0, 0, 0, 0, 0, 0, 0, 0, 0, 0, 0, 0, 0, 0, 0, 0, 0, 0, 0, 0, 0, 0, 0, 0, 0, 0, 0, 0, 0, 0, 0, 0, 0, 0, 0, 0, 0, 0, 0, 0, 0, 0, 0, 0, 0, 0, 0, 0, 0, 0, 0, 0, 0, 0, 0, 0, 0, 0, 0, 0, 0, 0, 0, 0, 0, 0, 0, 0, 0, 0, 0, 0, 0, 0, 0, 0, 0, 0, 0, 0, 0, 0, 0, 0, 0, 0, 0, 0, 0, 0, 0, 0, 0, 0, 0, 0, 0, 0, 0, 0, 0, 0, 0, 0, 0, 0, 0, 0, 0, 0, 0, 0, 0, 0, 0, 0, 0, 10, 136, 126]
}

message on port 8384:
[10, 6, 78, 51, 52, 50, 77, 69, 18, 36, 57, 52, 49, 99, 51, 49, 98, 56, 45, 53, 53, 102, 53, 45, 52, 54, 50, 51, 45, 97, 55, 48, 50, 45, 57, 102, 48, 99, 49, 52, 98, 98, 101, 97, 98, 48, 24, 1, 34, 120, 10, 6, 78, 51, 52, 50, 77, 69, 16, 175, 189, 167, 202, 6, 26, 7, 48, 46, 48, 46, 48, 46, 48, 32, 192, 65, 40, 1, 50, 14, 8, 1, 16, 1, 24, 1, 32, 1, 40, 1, 48, 1, 56, 1, 58, 20, 68, 121, 110, 111, 110, 32, 65, 118, 105, 111, 110, 105, 99, 115, 44, 32, 73, 110, 99, 46, 66, 7, 83, 107, 121, 86, 105, 101, 119, 74, 10, 68, 49, 48, 48, 48, 47, 68, 55, 48, 48, 82, 6, 48, 50, 52, 51, 53, 54, 90, 12, 49, 54, 46, 55, 46, 50, 46, 49, 50, 48, 55, 51, 98, 9, 98, 117, 105, 108, 100, 114, 111, 111, 116]
systemId: N342ME
endpointUuid: 941c31b8-55f5-4623-a702-9f0c14bbeab0
msgType: BcastMsgType_Heartbeat
heartbeat: {
  systemId: N342ME
  timestamp: 1766448815
  ipAddress: 0.0.0.0
  ipPort: 8384
  isEfis: true
  capabilities: {
    status: true
    gps: true
    ahrs: true
    adahrs: true
    fplSend: true
    fplReceive: true
    adsb: true
  }
  prodMake: Dynon Avionics, Inc.
  prodName: SkyView
  prodModel: D1000/D700
  prodSerial: 024356
  prodFirmware: 16.7.2.12073
  hostname: buildroot
}

message on port 8384:
[10, 6, 78, 51, 52, 50, 77, 69, 18, 36, 57, 52, 49, 99, 51, 49, 98, 56, 45, 53, 53, 102, 53, 45, 52, 54, 50, 51, 45, 97, 55, 48, 50, 45, 57, 102, 48, 99, 49, 52, 98, 98, 101, 97, 98, 48, 24, 2, 42, 40, 8, 175, 189, 167, 202, 6, 18, 10, 13, 60, 150, 237, 65, 21, 60, 138, 164, 194, 29, 208, 177, 41, 66, 37, 119, 190, 31, 61, 45, 91, 160, 108, 67, 53, 144, 94, 209, 64, 56, 1]
systemId: N342ME
endpointUuid: 941c31b8-55f5-4623-a702-9f0c14bbeab0
msgType: BcastMsgType_Data_GPS
dataGps: {
  timestamp: 1766448815
  geo: {
    lat: 29.69835662841797
    lon: -82.26998901367188
  }
  altM: 42.42364501953125
  gndSpdKts: 0.039000000804662704
  gndTrkDegt: 236.6263885498047
  magVarDeg: 6.542793273925781
  valid: true
}

message on port 8384:
[10, 6, 78, 51, 52, 50, 77, 69, 18, 36, 57, 52, 49, 99, 51, 49, 98, 56, 45, 53, 53, 102, 53, 45, 52, 54, 50, 51, 45, 97, 55, 48, 50, 45, 57, 102, 48, 99, 49, 52, 98, 98, 101, 97, 98, 48, 24, 3, 50, 65, 8, 175, 189, 167, 202, 6, 24, 1, 37, 0, 84, 13, 64, 40, 1, 53, 0, 32, 163, 191, 56, 1, 69, 66, 154, 113, 67, 72, 1, 85, 130, 144, 165, 60, 88, 1, 101, 197, 143, 134, 194, 104, 1, 117, 64, 61, 38, 64, 120, 1, 133, 1, 0, 0, 0, 0, 136, 1, 1, 149, 1, 0, 0, 0, 0]
systemId: N342ME
endpointUuid: 941c31b8-55f5-4623-a702-9f0c14bbeab0
msgType: BcastMsgType_Data_ADAHRS
dataAdahrs: {
  timestamp: 1766448815
  pitchValid: true
  pitchDeg: 2.208251953125
  rollValid: true
  rollDeg: -1.2744140625
  headingValid: true
  headingDegm: 241.60256958007812
  lateralAccelValid: true
  lateralAccelG: 0.02021050825715065
  altPresValid: true
  altPresMslM: -67.28079986572266
  altIndValid: true
  altIndMslM: 2.5974884033203125
  airspeedTrueValid: true
  airspeedTrueKts: 0.0
  airspeedIndValid: true
  airspeedIndKts: 0.0
}

4000:Traffic: N342ME/A3C5D4 29.698,-82.270 NIC=10 NACp=10 palt=0 palt=0
4000:Traffic: PDT5973/A89076 29.699,-82.325 NIC=8 NACp=9 palt=550 palt=550
message on port 8384:
[10, 6, 78, 51, 52, 50, 77, 69, 18, 36, 57, 52, 49, 99, 51, 49, 98, 56, 45, 53, 53, 102, 53, 45, 52, 54, 50, 51, 45, 97, 55, 48, 50, 45, 57, 102, 48, 99, 49, 52, 98, 98, 101, 97, 98, 48, 24, 4, 58, 34, 10, 32, 126, 20, 0, 163, 197, 212, 21, 30, 107, 197, 127, 51, 2, 130, 170, 0, 0, 0, 0, 1, 78, 51, 52, 50, 77, 69, 32, 32, 0, 138, 176, 126]
systemId: N342ME
endpointUuid: 941c31b8-55f5-4623-a702-9f0c14bbeab0
msgType: BcastMsgType_Data_ADSB
dataAdsb: {
  rawData: [126, 20, 0, 163, 197, 212, 21, 30, 107, 197, 127, 51, 2, 130, 170, 0, 0, 0, 0, 1, 78, 51, 52, 50, 77, 69, 32, 32, 0, 138, 176, 126]
}

message on port 8384:
[10, 6, 78, 51, 52, 50, 77, 69, 18, 36, 57, 52, 49, 99, 51, 49, 98, 56, 45, 53, 53, 102, 53, 45, 52, 54, 50, 51, 45, 97, 55, 48, 50, 45, 57, 102, 48, 99, 49, 52, 98, 98, 101, 97, 98, 48, 24, 4, 58, 34, 10, 32, 126, 20, 0, 168, 144, 118, 21, 30, 136, 197, 117, 70, 3, 234, 137, 7, 255, 247, 72, 2, 80, 68, 84, 53, 57, 55, 51, 32, 0, 141, 205, 126]
systemId: N342ME
endpointUuid: 941c31b8-55f5-4623-a702-9f0c14bbeab0
msgType: BcastMsgType_Data_ADSB
dataAdsb: {
  rawData: [126, 20, 0, 168, 144, 118, 21, 30, 136, 197, 117, 70, 3, 234, 137, 7, 255, 247, 72, 2, 80, 68, 84, 53, 57, 55, 51, 32, 0, 141, 205, 126]
}

message on port 8384:
[10, 6, 78, 51, 52, 50, 77, 69, 18, 36, 57, 52, 49, 99, 51, 49, 98, 56, 45, 53, 53, 102, 53, 45, 52, 54, 50, 51, 45, 97, 55, 48, 50, 45, 57, 102, 48, 99, 49, 52, 98, 98, 101, 97, 98, 48, 24, 2, 42, 40, 8, 175, 189, 167, 202, 6, 18, 10, 13, 60, 150, 237, 65, 21, 60, 138, 164, 194, 29, 208, 177, 41, 66, 37, 119, 190, 31, 61, 45, 91, 160, 108, 67, 53, 144, 94, 209, 64, 56, 1]
systemId: N342ME
endpointUuid: 941c31b8-55f5-4623-a702-9f0c14bbeab0
msgType: BcastMsgType_Data_GPS
dataGps: {
  timestamp: 1766448815
  geo: {
    lat: 29.69835662841797
    lon: -82.26998901367188
  }
  altM: 42.42364501953125
  gndSpdKts: 0.039000000804662704
  gndTrkDegt: 236.6263885498047
  magVarDeg: 6.542793273925781
  valid: true
}

message on port 8384:
[10, 6, 78, 51, 52, 50, 77, 69, 18, 36, 57, 52, 49, 99, 51, 49, 98, 56, 45, 53, 53, 102, 53, 45, 52, 54, 50, 51, 45, 97, 55, 48, 50, 45, 57, 102, 48, 99, 49, 52, 98, 98, 101, 97, 98, 48, 24, 3, 50, 65, 8, 175, 189, 167, 202, 6, 24, 1, 37, 0, 84, 13, 64, 40, 1, 53, 0, 164, 166, 191, 56, 1, 69, 218, 152, 113, 67, 72, 1, 85, 161, 132, 160, 60, 88, 1, 101, 197, 143, 134, 194, 104, 1, 117, 64, 61, 38, 64, 120, 1, 133, 1, 0, 0, 0, 0, 136, 1, 1, 149, 1, 0, 0, 0, 0]
systemId: N342ME
endpointUuid: 941c31b8-55f5-4623-a702-9f0c14bbeab0
msgType: BcastMsgType_Data_ADAHRS
dataAdahrs: {
  timestamp: 1766448815
  pitchValid: true
  pitchDeg: 2.208251953125
  rollValid: true
  rollDeg: -1.3018798828125
  headingValid: true
  headingDegm: 241.59707641601562
  lateralAccelValid: true
  lateralAccelG: 0.01959449239075184
  altPresValid: true
  altPresMslM: -67.28079986572266
  altIndValid: true
  altIndMslM: 2.5974884033203125
  airspeedTrueValid: true
  airspeedTrueKts: 0.0
  airspeedIndValid: true
  airspeedIndKts: 0.0
}

message on port 8384:
[10, 6, 78, 51, 52, 50, 77, 69, 18, 36, 57, 52, 49, 99, 51, 49, 98, 56, 45, 53, 53, 102, 53, 45, 52, 54, 50, 51, 45, 97, 55, 48, 50, 45, 57, 102, 48, 99, 49, 52, 98, 98, 101, 97, 98, 48, 24, 2, 42, 40, 8, 175, 189, 167, 202, 6, 18, 10, 13, 60, 150, 237, 65, 21, 60, 138, 164, 194, 29, 208, 177, 41, 66, 37, 88, 57, 180, 61, 45, 91, 160, 108, 67, 53, 144, 94, 209, 64, 56, 1]
systemId: N342ME
endpointUuid: 941c31b8-55f5-4623-a702-9f0c14bbeab0
msgType: BcastMsgType_Data_GPS
dataGps: {
  timestamp: 1766448815
  geo: {
    lat: 29.69835662841797
    lon: -82.26998901367188
  }
  altM: 42.42364501953125
  gndSpdKts: 0.08799999952316284
  gndTrkDegt: 236.6263885498047
  magVarDeg: 6.542793273925781
  valid: true
}

message on port 8384:
[10, 6, 78, 51, 52, 50, 77, 69, 18, 36, 57, 52, 49, 99, 51, 49, 98, 56, 45, 53, 53, 102, 53, 45, 52, 54, 50, 51, 45, 97, 55, 48, 50, 45, 57, 102, 48, 99, 49, 52, 98, 98, 101, 97, 98, 48, 24, 3, 50, 65, 8, 175, 189, 167, 202, 6, 24, 1, 37, 0, 222, 10, 64, 40, 1, 53, 0, 164, 166, 191, 56, 1, 69, 210, 145, 113, 67, 72, 1, 85, 40, 20, 144, 60, 88, 1, 101, 197, 143, 134, 194, 104, 1, 117, 64, 61, 38, 64, 120, 1, 133, 1, 0, 0, 0, 0, 136, 1, 1, 149, 1, 0, 0, 0, 0]
systemId: N342ME
endpointUuid: 941c31b8-55f5-4623-a702-9f0c14bbeab0
msgType: BcastMsgType_Data_ADAHRS
dataAdahrs: {
  timestamp: 1766448815
  pitchValid: true
  pitchDeg: 2.1697998046875
  rollValid: true
  rollDeg: -1.3018798828125
  headingValid: true
  headingDegm: 241.56961059570312
  lateralAccelValid: true
  lateralAccelG: 0.017587736248970032
  altPresValid: true
  altPresMslM: -67.28079986572266
  altIndValid: true
  altIndMslM: 2.5974884033203125
  airspeedTrueValid: true
  airspeedTrueKts: 0.0
  airspeedIndValid: true
  airspeedIndKts: 0.0
}

message on port 8384:
[10, 6, 78, 51, 52, 50, 77, 69, 18, 36, 57, 52, 49, 99, 51, 49, 98, 56, 45, 53, 53, 102, 53, 45, 52, 54, 50, 51, 45, 97, 55, 48, 50, 45, 57, 102, 48, 99, 49, 52, 98, 98, 101, 97, 98, 48, 24, 2, 42, 40, 8, 175, 189, 167, 202, 6, 18, 10, 13, 60, 150, 237, 65, 21, 60, 138, 164, 194, 29, 208, 177, 41, 66, 37, 119, 190, 31, 61, 45, 91, 160, 108, 67, 53, 144, 94, 209, 64, 56, 1]
systemId: N342ME
endpointUuid: 941c31b8-55f5-4623-a702-9f0c14bbeab0
msgType: BcastMsgType_Data_GPS
dataGps: {
  timestamp: 1766448815
  geo: {
    lat: 29.69835662841797
    lon: -82.26998901367188
  }
  altM: 42.42364501953125
  gndSpdKts: 0.039000000804662704
  gndTrkDegt: 236.6263885498047
  magVarDeg: 6.542793273925781
  valid: true
}

message on port 8384:
[10, 6, 78, 51, 52, 50, 77, 69, 18, 36, 57, 52, 49, 99, 51, 49, 98, 56, 45, 53, 53, 102, 53, 45, 52, 54, 50, 51, 45, 97, 55, 48, 50, 45, 57, 102, 48, 99, 49, 52, 98, 98, 101, 97, 98, 48, 24, 3, 50, 65, 8, 175, 189, 167, 202, 6, 24, 1, 37, 0, 222, 10, 64, 40, 1, 53, 0, 136, 164, 191, 56, 1, 69, 58, 147, 113, 67, 72, 1, 85, 204, 78, 189, 60, 88, 1, 101, 197, 143, 134, 194, 104, 1, 117, 64, 61, 38, 64, 120, 1, 133, 1, 0, 0, 0, 0, 136, 1, 1, 149, 1, 0, 0, 0, 0]
systemId: N342ME
endpointUuid: 941c31b8-55f5-4623-a702-9f0c14bbeab0
msgType: BcastMsgType_Data_ADAHRS
dataAdahrs: {
  timestamp: 1766448815
  pitchValid: true
  pitchDeg: 2.1697998046875
  rollValid: true
  rollDeg: -1.285400390625
  headingValid: true
  headingDegm: 241.57510375976562
  lateralAccelValid: true
  lateralAccelG: 0.023108862340450287
  altPresValid: true
  altPresMslM: -67.28079986572266
  altIndValid: true
  altIndMslM: 2.5974884033203125
  airspeedTrueValid: true
  airspeedTrueKts: 0.0
  airspeedIndValid: true
  airspeedIndKts: 0.0
}

message on port 8384:
[10, 6, 78, 51, 52, 50, 77, 69, 18, 36, 57, 52, 49, 99, 51, 49, 98, 56, 45, 53, 53, 102, 53, 45, 52, 54, 50, 51, 45, 97, 55, 48, 50, 45, 57, 102, 48, 99, 49, 52, 98, 98, 101, 97, 98, 48, 24, 4, 58, 187, 3, 10, 184, 3, 126, 7, 0, 0, 0, 42, 60, 15, 138, 250, 224, 164, 128, 21, 128, 0, 33, 98, 138, 112, 130, 16, 44, 148, 205, 0, 8, 46, 229, 50, 1, 44, 148, 205, 0, 0, 0, 0, 0, 0, 0, 15, 217, 0, 12, 10, 5, 14, 12, 25, 4, 14, 198, 22, 226, 131, 192, 0, 0, 0, 0, 0, 0, 0, 0, 0, 0, 0, 0, 0, 0, 0, 0, 0, 0, 0, 0, 0, 0, 0, 0, 0, 0, 0, 0, 0, 0, 0, 0, 0, 0, 0, 0, 0, 0, 0, 0, 0, 0, 0, 0, 0, 0, 0, 0, 0, 0, 0, 0, 0, 0, 0, 0, 0, 0, 0, 0, 0, 0, 0, 0, 0, 0, 0, 0, 0, 0, 0, 0, 0, 0, 0, 0, 0, 0, 0, 0, 0, 0, 0, 0, 0, 0, 0, 0, 0, 0, 0, 0, 0, 0, 0, 0, 0, 0, 0, 0, 0, 0, 0, 0, 0, 0, 0, 0, 0, 0, 0, 0, 0, 0, 0, 0, 0, 0, 0, 0, 0, 0, 0, 0, 0, 0, 0, 0, 0, 0, 0, 0, 0, 0, 0, 0, 0, 0, 0, 0, 0, 0, 0, 0, 0, 0, 0, 0, 0, 0, 0, 0, 0, 0, 0, 0, 0, 0, 0, 0, 0, 0, 0, 0, 0, 0, 0, 0, 0, 0, 0, 0, 0, 0, 0, 0, 0, 0, 0, 0, 0, 0, 0, 0, 0, 0, 0, 0, 0, 0, 0, 0, 0, 0, 0, 0, 0, 0, 0, 0, 0, 0, 0, 0, 0, 0, 0, 0, 0, 0, 0, 0, 0, 0, 0, 0, 0, 0, 0, 0, 0, 0, 0, 0, 0, 0, 0, 0, 0, 0, 0, 0, 0, 0, 0, 0, 0, 0, 0, 0, 0, 0, 0, 0, 0, 0, 0, 0, 0, 0, 0, 0, 0, 0, 0, 0, 0, 0, 0, 0, 0, 0, 0, 0, 0, 0, 0, 0, 0, 0, 0, 0, 0, 0, 0, 0, 0, 0, 0, 0, 0, 0, 0, 0, 0, 0, 0, 0, 0, 0, 0, 0, 0, 0, 0, 0, 0, 0, 0, 0, 0, 0, 0, 0, 0, 0, 0, 0, 0, 0, 0, 0, 0, 0, 0, 0, 0, 0, 0, 0, 0, 0, 0, 0, 0, 0, 0, 0, 0, 0, 0, 0, 0, 0, 0, 0, 0, 0, 0, 0, 0, 0, 0, 0, 0, 0, 0, 0, 0, 0, 0, 0, 0, 0, 0, 0, 0, 0, 0, 0, 0, 0, 0, 0, 0, 0, 0, 0, 0, 0, 0, 0, 0, 0, 0, 0, 0, 0, 0, 0, 65, 131, 126]
systemId: N342ME
endpointUuid: 941c31b8-55f5-4623-a702-9f0c14bbeab0
msgType: BcastMsgType_Data_ADSB
dataAdsb: {
  rawData: [126, 7, 0, 0, 0, 42, 60, 15, 138, 250, 224, 164, 128, 21, 128, 0, 33, 98, 138, 112, 130, 16, 44, 148, 205, 0, 8, 46, 229, 50, 1, 44, 148, 205, 0, 0, 0, 0, 0, 0, 0, 15, 217, 0, 12, 10, 5, 14, 12, 25, 4, 14, 198, 22, 226, 131, 192, 0, 0, 0, 0, 0, 0, 0, 0, 0, 0, 0, 0, 0, 0, 0, 0, 0, 0, 0, 0, 0, 0, 0, 0, 0, 0, 0, 0, 0, 0, 0, 0, 0, 0, 0, 0, 0, 0, 0, 0, 0, 0, 0, 0, 0, 0, 0, 0, 0, 0, 0, 0, 0, 0, 0, 0, 0, 0, 0, 0, 0, 0, 0, 0, 0, 0, 0, 0, 0, 0, 0, 0, 0, 0, 0, 0, 0, 0, 0, 0, 0, 0, 0, 0, 0, 0, 0, 0, 0, 0, 0, 0, 0, 0, 0, 0, 0, 0, 0, 0, 0, 0, 0, 0, 0, 0, 0, 0, 0, 0, 0, 0, 0, 0, 0, 0, 0, 0, 0, 0, 0, 0, 0, 0, 0, 0, 0, 0, 0, 0, 0, 0, 0, 0, 0, 0, 0, 0, 0, 0, 0, 0, 0, 0, 0, 0, 0, 0, 0, 0, 0, 0, 0, 0, 0, 0, 0, 0, 0, 0, 0, 0, 0, 0, 0, 0, 0, 0, 0, 0, 0, 0, 0, 0, 0, 0, 0, 0, 0, 0, 0, 0, 0, 0, 0, 0, 0, 0, 0, 0, 0, 0, 0, 0, 0, 0, 0, 0, 0, 0, 0, 0, 0, 0, 0, 0, 0, 0, 0, 0, 0, 0, 0, 0, 0, 0, 0, 0, 0, 0, 0, 0, 0, 0, 0, 0, 0, 0, 0, 0, 0, 0, 0, 0, 0, 0, 0, 0, 0, 0, 0, 0, 0, 0, 0, 0, 0, 0, 0, 0, 0, 0, 0, 0, 0, 0, 0, 0, 0, 0, 0, 0, 0, 0, 0, 0, 0, 0, 0, 0, 0, 0, 0, 0, 0, 0, 0, 0, 0, 0, 0, 0, 0, 0, 0, 0, 0, 0, 0, 0, 0, 0, 0, 0, 0, 0, 0, 0, 0, 0, 0, 0, 0, 0, 0, 0, 0, 0, 0, 0, 0, 0, 0, 0, 0, 0, 0, 0, 0, 0, 0, 0, 0, 0, 0, 0, 0, 0, 0, 0, 0, 0, 0, 0, 0, 0, 0, 0, 0, 0, 0, 0, 0, 0, 0, 0, 0, 0, 0, 0, 0, 0, 0, 0, 0, 0, 0, 0, 0, 0, 0, 0, 0, 0, 0, 0, 0, 0, 0, 0, 0, 0, 0, 0, 0, 0, 0, 0, 0, 0, 65, 131, 126]
}

4000:Uplink, 436 bytes
4000:Uplink, 436 bytes
message on port 8384:
[10, 6, 78, 51, 52, 50, 77, 69, 18, 36, 57, 52, 49, 99, 51, 49, 98, 56, 45, 53, 53, 102, 53, 45, 52, 54, 50, 51, 45, 97, 55, 48, 50, 45, 57, 102, 48, 99, 49, 52, 98, 98, 101, 97, 98, 48, 24, 4, 58, 187, 3, 10, 184, 3, 126, 7, 0, 0, 0, 42, 60, 15, 138, 250, 224, 187, 128, 0, 0, 0, 0, 0, 0, 0, 0, 0, 0, 0, 0, 0, 0, 0, 0, 0, 0, 0, 0, 0, 0, 0, 0, 0, 0, 0, 0, 0, 0, 0, 0, 0, 0, 0, 0, 0, 0, 0, 0, 0, 0, 0, 0, 0, 0, 0, 0, 0, 0, 0, 0, 0, 0, 0, 0, 0, 0, 0, 0, 0, 0, 0, 0, 0, 0, 0, 0, 0, 0, 0, 0, 0, 0, 0, 0, 0, 0, 0, 0, 0, 0, 0, 0, 0, 0, 0, 0, 0, 0, 0, 0, 0, 0, 0, 0, 0, 0, 0, 0, 0, 0, 0, 0, 0, 0, 0, 0, 0, 0, 0, 0, 0, 0, 0, 0, 0, 0, 0, 0, 0, 0, 0, 0, 0, 0, 0, 0, 0, 0, 0, 0, 0, 0, 0, 0, 0, 0, 0, 0, 0, 0, 0, 0, 0, 0, 0, 0, 0, 0, 0, 0, 0, 0, 0, 0, 0, 0, 0, 0, 0, 0, 0, 0, 0, 0, 0, 0, 0, 0, 0, 0, 0, 0, 0, 0, 0, 0, 0, 0, 0, 0, 0, 0, 0, 0, 0, 0, 0, 0, 0, 0, 0, 0, 0, 0, 0, 0, 0, 0, 0, 0, 0, 0, 0, 0, 0, 0, 0, 0, 0, 0, 0, 0, 0, 0, 0, 0, 0, 0, 0, 0, 0, 0, 0, 0, 0, 0, 0, 0, 0, 0, 0, 0, 0, 0, 0, 0, 0, 0, 0, 0, 0, 0, 0, 0, 0, 0, 0, 0, 0, 0, 0, 0, 0, 0, 0, 0, 0, 0, 0, 0, 0, 0, 0, 0, 0, 0, 0, 0, 0, 0, 0, 0, 0, 0, 0, 0, 0, 0, 0, 0, 0, 0, 0, 0, 0, 0, 0, 0, 0, 0, 0, 0, 0, 0, 0, 0, 0, 0, 0, 0, 0, 0, 0, 0, 0, 0, 0, 0, 0, 0, 0, 0, 0, 0, 0, 0, 0, 0, 0, 0, 0, 0, 0, 0, 0, 0, 0, 0, 0, 0, 0, 0, 0, 0, 0, 0, 0, 0, 0, 0, 0, 0, 0, 0, 0, 0, 0, 0, 0, 0, 0, 0, 0, 0, 0, 0, 0, 0, 0, 0, 0, 0, 0, 0, 0, 0, 0, 0, 0, 0, 0, 0, 0, 0, 0, 0, 0, 0, 0, 0, 0, 0, 0, 0, 0, 0, 0, 0, 0, 0, 0, 0, 0, 0, 0, 0, 0, 0, 0, 0, 0, 0, 0, 0, 0, 0, 0, 0, 0, 0, 0, 0, 0, 0, 0, 0, 0, 0, 0, 0, 0, 0, 100, 132, 126]
systemId: N342ME
endpointUuid: 941c31b8-55f5-4623-a702-9f0c14bbeab0
msgType: BcastMsgType_Data_ADSB
dataAdsb: {
  rawData: [126, 7, 0, 0, 0, 42, 60, 15, 138, 250, 224, 187, 128, 0, 0, 0, 0, 0, 0, 0, 0, 0, 0, 0, 0, 0, 0, 0, 0, 0, 0, 0, 0, 0, 0, 0, 0, 0, 0, 0, 0, 0, 0, 0, 0, 0, 0, 0, 0, 0, 0, 0, 0, 0, 0, 0, 0, 0, 0, 0, 0, 0, 0, 0, 0, 0, 0, 0, 0, 0, 0, 0, 0, 0, 0, 0, 0, 0, 0, 0, 0, 0, 0, 0, 0, 0, 0, 0, 0, 0, 0, 0, 0, 0, 0, 0, 0, 0, 0, 0, 0, 0, 0, 0, 0, 0, 0, 0, 0, 0, 0, 0, 0, 0, 0, 0, 0, 0, 0, 0, 0, 0, 0, 0, 0, 0, 0, 0, 0, 0, 0, 0, 0, 0, 0, 0, 0, 0, 0, 0, 0, 0, 0, 0, 0, 0, 0, 0, 0, 0, 0, 0, 0, 0, 0, 0, 0, 0, 0, 0, 0, 0, 0, 0, 0, 0, 0, 0, 0, 0, 0, 0, 0, 0, 0, 0, 0, 0, 0, 0, 0, 0, 0, 0, 0, 0, 0, 0, 0, 0, 0, 0, 0, 0, 0, 0, 0, 0, 0, 0, 0, 0, 0, 0, 0, 0, 0, 0, 0, 0, 0, 0, 0, 0, 0, 0, 0, 0, 0, 0, 0, 0, 0, 0, 0, 0, 0, 0, 0, 0, 0, 0, 0, 0, 0, 0, 0, 0, 0, 0, 0, 0, 0, 0, 0, 0, 0, 0, 0, 0, 0, 0, 0, 0, 0, 0, 0, 0, 0, 0, 0, 0, 0, 0, 0, 0, 0, 0, 0, 0, 0, 0, 0, 0, 0, 0, 0, 0, 0, 0, 0, 0, 0, 0, 0, 0, 0, 0, 0, 0, 0, 0, 0, 0, 0, 0, 0, 0, 0, 0, 0, 0, 0, 0, 0, 0, 0, 0, 0, 0, 0, 0, 0, 0, 0, 0, 0, 0, 0, 0, 0, 0, 0, 0, 0, 0, 0, 0, 0, 0, 0, 0, 0, 0, 0, 0, 0, 0, 0, 0, 0, 0, 0, 0, 0, 0, 0, 0, 0, 0, 0, 0, 0, 0, 0, 0, 0, 0, 0, 0, 0, 0, 0, 0, 0, 0, 0, 0, 0, 0, 0, 0, 0, 0, 0, 0, 0, 0, 0, 0, 0, 0, 0, 0, 0, 0, 0, 0, 0, 0, 0, 0, 0, 0, 0, 0, 0, 0, 0, 0, 0, 0, 0, 0, 0, 0, 0, 0, 0, 0, 0, 0, 0, 0, 0, 0, 0, 0, 0, 0, 0, 0, 0, 0, 0, 0, 0, 0, 0, 0, 0, 0, 0, 0, 0, 0, 0, 100, 132, 126]
}

message on port 8384:
[10, 6, 78, 51, 52, 50, 77, 69, 18, 36, 57, 52, 49, 99, 51, 49, 98, 56, 45, 53, 53, 102, 53, 45, 52, 54, 50, 51, 45, 97, 55, 48, 50, 45, 57, 102, 48, 99, 49, 52, 98, 98, 101, 97, 98, 48, 24, 2, 42, 40, 8, 175, 189, 167, 202, 6, 18, 10, 13, 60, 150, 237, 65, 21, 60, 138, 164, 194, 29, 208, 177, 41, 66, 37, 11, 215, 35, 60, 45, 91, 160, 108, 67, 53, 144, 94, 209, 64, 56, 1]
systemId: N342ME
endpointUuid: 941c31b8-55f5-4623-a702-9f0c14bbeab0
msgType: BcastMsgType_Data_GPS
dataGps: {
  timestamp: 1766448815
  geo: {
    lat: 29.69835662841797
    lon: -82.26998901367188
  }
  altM: 42.42364501953125
  gndSpdKts: 0.010000000707805157
  gndTrkDegt: 236.6263885498047
  magVarDeg: 6.542793273925781
  valid: true
}

message on port 8384:
[10, 6, 78, 51, 52, 50, 77, 69, 18, 36, 57, 52, 49, 99, 51, 49, 98, 56, 45, 53, 53, 102, 53, 45, 52, 54, 50, 51, 45, 97, 55, 48, 50, 45, 57, 102, 48, 99, 49, 52, 98, 98, 101, 97, 98, 48, 24, 3, 50, 65, 8, 175, 189, 167, 202, 6, 24, 1, 37, 0, 236, 11, 64, 40, 1, 53, 0, 136, 164, 191, 56, 1, 69, 170, 155, 113, 67, 72, 1, 85, 92, 227, 186, 60, 88, 1, 101, 197, 143, 134, 194, 104, 1, 117, 64, 61, 38, 64, 120, 1, 133, 1, 0, 0, 0, 0, 136, 1, 1, 149, 1, 0, 0, 0, 0]
systemId: N342ME
endpointUuid: 941c31b8-55f5-4623-a702-9f0c14bbeab0
msgType: BcastMsgType_Data_ADAHRS
dataAdahrs: {
  timestamp: 1766448815
  pitchValid: true
  pitchDeg: 2.186279296875
  rollValid: true
  rollDeg: -1.285400390625
  headingValid: true
  headingDegm: 241.60806274414062
  lateralAccelValid: true
  lateralAccelG: 0.02281349152326584
  altPresValid: true
  altPresMslM: -67.28079986572266
  altIndValid: true
  altIndMslM: 2.5974884033203125
  airspeedTrueValid: true
  airspeedTrueKts: 0.0
  airspeedIndValid: true
  airspeedIndKts: 0.0
}

message on port 8384:
[10, 6, 78, 51, 52, 50, 77, 69, 18, 36, 57, 52, 49, 99, 51, 49, 98, 56, 45, 53, 53, 102, 53, 45, 52, 54, 50, 51, 45, 97, 55, 48, 50, 45, 57, 102, 48, 99, 49, 52, 98, 98, 101, 97, 98, 48, 24, 1, 34, 120, 10, 6, 78, 51, 52, 50, 77, 69, 16, 176, 189, 167, 202, 6, 26, 7, 48, 46, 48, 46, 48, 46, 48, 32, 192, 65, 40, 1, 50, 14, 8, 1, 16, 1, 24, 1, 32, 1, 40, 1, 48, 1, 56, 1, 58, 20, 68, 121, 110, 111, 110, 32, 65, 118, 105, 111, 110, 105, 99, 115, 44, 32, 73, 110, 99, 46, 66, 7, 83, 107, 121, 86, 105, 101, 119, 74, 10, 68, 49, 48, 48, 48, 47, 68, 55, 48, 48, 82, 6, 48, 50, 52, 51, 53, 54, 90, 12, 49, 54, 46, 55, 46, 50, 46, 49, 50, 48, 55, 51, 98, 9, 98, 117, 105, 108, 100, 114, 111, 111, 116]
systemId: N342ME
endpointUuid: 941c31b8-55f5-4623-a702-9f0c14bbeab0
msgType: BcastMsgType_Heartbeat
heartbeat: {
  systemId: N342ME
  timestamp: 1766448816
  ipAddress: 0.0.0.0
  ipPort: 8384
  isEfis: true
  capabilities: {
    status: true
    gps: true
    ahrs: true
    adahrs: true
    fplSend: true
    fplReceive: true
    adsb: true
  }
  prodMake: Dynon Avionics, Inc.
  prodName: SkyView
  prodModel: D1000/D700
  prodSerial: 024356
  prodFirmware: 16.7.2.12073
  hostname: buildroot
}

message on port 8384:
[10, 6, 78, 51, 52, 50, 77, 69, 18, 36, 57, 52, 49, 99, 51, 49, 98, 56, 45, 53, 53, 102, 53, 45, 52, 54, 50, 51, 45, 97, 55, 48, 50, 45, 57, 102, 48, 99, 49, 52, 98, 98, 101, 97, 98, 48, 24, 2, 42, 40, 8, 176, 189, 167, 202, 6, 18, 10, 13, 60, 150, 237, 65, 21, 60, 138, 164, 194, 29, 208, 177, 41, 66, 37, 97, 229, 208, 61, 45, 91, 160, 108, 67, 53, 144, 94, 209, 64, 56, 1]
systemId: N342ME
endpointUuid: 941c31b8-55f5-4623-a702-9f0c14bbeab0
msgType: BcastMsgType_Data_GPS
dataGps: {
  timestamp: 1766448816
  geo: {
    lat: 29.69835662841797
    lon: -82.26998901367188
  }
  altM: 42.42364501953125
  gndSpdKts: 0.10200000554323196
  gndTrkDegt: 236.6263885498047
  magVarDeg: 6.542793273925781
  valid: true
}

message on port 8384:
[10, 6, 78, 51, 52, 50, 77, 69, 18, 36, 57, 52, 49, 99, 51, 49, 98, 56, 45, 53, 53, 102, 53, 45, 52, 54, 50, 51, 45, 97, 55, 48, 50, 45, 57, 102, 48, 99, 49, 52, 98, 98, 101, 97, 98, 48, 24, 3, 50, 65, 8, 176, 189, 167, 202, 6, 24, 1, 37, 0, 236, 11, 64, 40, 1, 53, 0, 136, 164, 191, 56, 1, 69, 74, 161, 113, 67, 72, 1, 85, 214, 151, 182, 60, 88, 1, 101, 197, 143, 134, 194, 104, 1, 117, 64, 61, 38, 64, 120, 1, 133, 1, 0, 0, 0, 0, 136, 1, 1, 149, 1, 0, 0, 0, 0]
systemId: N342ME
endpointUuid: 941c31b8-55f5-4623-a702-9f0c14bbeab0
msgType: BcastMsgType_Data_ADAHRS
dataAdahrs: {
  timestamp: 1766448816
  pitchValid: true
  pitchDeg: 2.186279296875
  rollValid: true
  rollDeg: -1.285400390625
  headingValid: true
  headingDegm: 241.63003540039062
  lateralAccelValid: true
  lateralAccelG: 0.022289197891950607
  altPresValid: true
  altPresMslM: -67.28079986572266
  altIndValid: true
  altIndMslM: 2.5974884033203125
  airspeedTrueValid: true
  airspeedTrueKts: 0.0
  airspeedIndValid: true
  airspeedIndKts: 0.0
}

4000:Traffic: N342ME/A3C5D4 29.698,-82.270 NIC=10 NACp=10 palt=0 palt=0
4000:Traffic: PDT5973/A89076 29.699,-82.325 NIC=8 NACp=9 palt=550 palt=550
message on port 8384:
[10, 6, 78, 51, 52, 50, 77, 69, 18, 36, 57, 52, 49, 99, 51, 49, 98, 56, 45, 53, 53, 102, 53, 45, 52, 54, 50, 51, 45, 97, 55, 48, 50, 45, 57, 102, 48, 99, 49, 52, 98, 98, 101, 97, 98, 48, 24, 4, 58, 34, 10, 32, 126, 20, 0, 163, 197, 212, 21, 30, 107, 197, 127, 51, 2, 130, 170, 0, 0, 0, 0, 1, 78, 51, 52, 50, 77, 69, 32, 32, 0, 138, 176, 126]
systemId: N342ME
endpointUuid: 941c31b8-55f5-4623-a702-9f0c14bbeab0
msgType: BcastMsgType_Data_ADSB
dataAdsb: {
  rawData: [126, 20, 0, 163, 197, 212, 21, 30, 107, 197, 127, 51, 2, 130, 170, 0, 0, 0, 0, 1, 78, 51, 52, 50, 77, 69, 32, 32, 0, 138, 176, 126]
}

message on port 8384:
[10, 6, 78, 51, 52, 50, 77, 69, 18, 36, 57, 52, 49, 99, 51, 49, 98, 56, 45, 53, 53, 102, 53, 45, 52, 54, 50, 51, 45, 97, 55, 48, 50, 45, 57, 102, 48, 99, 49, 52, 98, 98, 101, 97, 98, 48, 24, 4, 58, 34, 10, 32, 126, 20, 0, 168, 144, 118, 21, 30, 136, 197, 117, 70, 3, 234, 137, 7, 255, 246, 72, 2, 80, 68, 84, 53, 57, 55, 51, 32, 0, 200, 162, 126]
systemId: N342ME
endpointUuid: 941c31b8-55f5-4623-a702-9f0c14bbeab0
msgType: BcastMsgType_Data_ADSB
dataAdsb: {
  rawData: [126, 20, 0, 168, 144, 118, 21, 30, 136, 197, 117, 70, 3, 234, 137, 7, 255, 246, 72, 2, 80, 68, 84, 53, 57, 55, 51, 32, 0, 200, 162, 126]
}

message on port 8384:
[10, 6, 78, 51, 52, 50, 77, 69, 18, 36, 57, 52, 49, 99, 51, 49, 98, 56, 45, 53, 53, 102, 53, 45, 52, 54, 50, 51, 45, 97, 55, 48, 50, 45, 57, 102, 48, 99, 49, 52, 98, 98, 101, 97, 98, 48, 24, 2, 42, 40, 8, 176, 189, 167, 202, 6, 18, 10, 13, 60, 150, 237, 65, 21, 60, 138, 164, 194, 29, 208, 177, 41, 66, 37, 66, 96, 229, 59, 45, 91, 160, 108, 67, 53, 144, 94, 209, 64, 56, 1]
systemId: N342ME
endpointUuid: 941c31b8-55f5-4623-a702-9f0c14bbeab0
msgType: BcastMsgType_Data_GPS
dataGps: {
  timestamp: 1766448816
  geo: {
    lat: 29.69835662841797
    lon: -82.26998901367188
  }
  altM: 42.42364501953125
  gndSpdKts: 0.007000000216066837
  gndTrkDegt: 236.6263885498047
  magVarDeg: 6.542793273925781
  valid: true
}

message on port 8384:
[10, 6, 78, 51, 52, 50, 77, 69, 18, 36, 57, 52, 49, 99, 51, 49, 98, 56, 45, 53, 53, 102, 53, 45, 52, 54, 50, 51, 45, 97, 55, 48, 50, 45, 57, 102, 48, 99, 49, 52, 98, 98, 101, 97, 98, 48, 24, 3, 50, 65, 8, 176, 189, 167, 202, 6, 24, 1, 37, 0, 250, 12, 64, 40, 1, 53, 0, 156, 159, 191, 56, 1, 69, 10, 150, 113, 67, 72, 1, 85, 102, 15, 164, 60, 88, 1, 101, 197, 143, 134, 194, 104, 1, 117, 64, 61, 38, 64, 120, 1, 133, 1, 0, 0, 0, 0, 136, 1, 1, 149, 1, 0, 0, 0, 0]
systemId: N342ME
endpointUuid: 941c31b8-55f5-4623-a702-9f0c14bbeab0
msgType: BcastMsgType_Data_ADAHRS
dataAdahrs: {
  timestamp: 1766448816
  pitchValid: true
  pitchDeg: 2.2027587890625
  rollValid: true
  rollDeg: -1.2469482421875
  headingValid: true
  headingDegm: 241.58609008789062
  lateralAccelValid: true
  lateralAccelG: 0.02002687379717827
  altPresValid: true
  altPresMslM: -67.28079986572266
  altIndValid: true
  altIndMslM: 2.5974884033203125
  airspeedTrueValid: true
  airspeedTrueKts: 0.0
  airspeedIndValid: true
  airspeedIndKts: 0.0
}

message on port 8384:
[10, 6, 78, 51, 52, 50, 77, 69, 18, 36, 57, 52, 49, 99, 51, 49, 98, 56, 45, 53, 53, 102, 53, 45, 52, 54, 50, 51, 45, 97, 55, 48, 50, 45, 57, 102, 48, 99, 49, 52, 98, 98, 101, 97, 98, 48, 24, 2, 42, 40, 8, 176, 189, 167, 202, 6, 18, 10, 13, 59, 150, 237, 65, 21, 60, 138, 164, 194, 29, 208, 177, 41, 66, 37, 244, 253, 212, 61, 45, 91, 160, 108, 67, 53, 144, 94, 209, 64, 56, 1]
systemId: N342ME
endpointUuid: 941c31b8-55f5-4623-a702-9f0c14bbeab0
msgType: BcastMsgType_Data_GPS
dataGps: {
  timestamp: 1766448816
  geo: {
    lat: 29.698354721069336
    lon: -82.26998901367188
  }
  altM: 42.42364501953125
  gndSpdKts: 0.10400000214576721
  gndTrkDegt: 236.6263885498047
  magVarDeg: 6.542793273925781
  valid: true
}

message on port 8384:
[10, 6, 78, 51, 52, 50, 77, 69, 18, 36, 57, 52, 49, 99, 51, 49, 98, 56, 45, 53, 53, 102, 53, 45, 52, 54, 50, 51, 45, 97, 55, 48, 50, 45, 57, 102, 48, 99, 49, 52, 98, 98, 101, 97, 98, 48, 24, 3, 50, 65, 8, 176, 189, 167, 202, 6, 24, 1, 37, 0, 250, 12, 64, 40, 1, 53, 0, 156, 159, 191, 56, 1, 69, 2, 143, 113, 67, 72, 1, 85, 191, 117, 181, 60, 88, 1, 101, 197, 143, 134, 194, 104, 1, 117, 64, 61, 38, 64, 120, 1, 133, 1, 0, 0, 0, 0, 136, 1, 1, 149, 1, 0, 0, 0, 0]
systemId: N342ME
endpointUuid: 941c31b8-55f5-4623-a702-9f0c14bbeab0
msgType: BcastMsgType_Data_ADAHRS
dataAdahrs: {
  timestamp: 1766448816
  pitchValid: true
  pitchDeg: 2.2027587890625
  rollValid: true
  rollDeg: -1.2469482421875
  headingValid: true
  headingDegm: 241.55862426757812
  lateralAccelValid: true
  lateralAccelG: 0.02215087227523327
  altPresValid: true
  altPresMslM: -67.28079986572266
  altIndValid: true
  altIndMslM: 2.5974884033203125
  airspeedTrueValid: true
  airspeedTrueKts: 0.0
  airspeedIndValid: true
  airspeedIndKts: 0.0
}

4000:Uplink, 436 bytes
message on port 8384:
[10, 6, 78, 51, 52, 50, 77, 69, 18, 36, 57, 52, 49, 99, 51, 49, 98, 56, 45, 53, 53, 102, 53, 45, 52, 54, 50, 51, 45, 97, 55, 48, 50, 45, 57, 102, 48, 99, 49, 52, 98, 98, 101, 97, 98, 48, 24, 4, 58, 187, 3, 10, 184, 3, 126, 7, 0, 0, 0, 42, 60, 15, 138, 250, 224, 165, 128, 2, 14, 1, 128, 50, 0, 2, 14, 1, 96, 50, 0, 21, 128, 0, 33, 100, 140, 80, 130, 16, 44, 65, 68, 0, 8, 47, 197, 50, 33, 44, 65, 68, 0, 0, 0, 0, 0, 0, 0, 15, 217, 0, 12, 18, 6, 10, 1, 2, 5, 10, 198, 50, 226, 149, 108, 0, 21, 128, 0, 33, 98, 38, 32, 130, 16, 45, 164, 8, 0, 8, 23, 211, 10, 33, 45, 164, 8, 0, 0, 0, 0, 0, 0, 0, 15, 217, 0, 12, 8, 19, 4, 2, 13, 19, 4, 197, 148, 34, 130, 80, 0, 21, 128, 0, 33, 99, 199, 24, 130, 16, 44, 98, 78, 0, 8, 46, 227, 50, 33, 44, 98, 78, 0, 0, 0, 0, 0, 0, 0, 15, 217, 0, 12, 15, 3, 35, 3, 14, 23, 59, 198, 64, 194, 158, 124, 0, 21, 128, 0, 33, 98, 109, 104, 130, 16, 44, 49, 195, 0, 8, 46, 227, 50, 33, 44, 49, 195, 0, 0, 0, 0, 0, 0, 0, 15, 217, 0, 12, 9, 22, 45, 1, 9, 23, 59, 197, 71, 226, 144, 228, 0, 21, 128, 0, 33, 99, 36, 64, 130, 16, 45, 99, 4, 0, 8, 46, 241, 50, 33, 45, 99, 4, 0, 0, 0, 0, 0, 0, 0, 15, 217, 0, 12, 12, 18, 8, 12, 31, 22, 0, 196, 200, 34, 188, 112, 0, 21, 128, 0, 33, 98, 104, 144, 130, 16, 44, 100, 25, 0, 8, 47, 96, 50, 33, 44, 100, 25, 0, 0, 0, 0, 0, 0, 0, 15, 217, 0, 12, 9, 20, 18, 5, 6, 21, 11, 196, 144, 130, 172, 68, 0, 21, 128, 0, 33, 94, 31, 216, 130, 16, 44, 49, 195, 0, 8, 46, 228, 50, 33, 44, 49, 195, 0, 0, 0, 0, 0, 0, 0, 15, 217, 0, 11, 24, 15, 59, 1, 24, 23, 59, 197, 71, 226, 144, 228, 0, 21, 128, 0, 33, 97, 25, 208, 130, 16, 44, 240, 198, 0, 8, 46, 230, 50, 33, 44, 240, 198, 0, 0, 0, 0, 0, 0, 0, 15, 217, 0, 12, 4, 12, 58, 1, 4, 23, 59, 197, 135, 162, 151, 208, 0, 21, 128, 0, 33, 96, 228, 232, 130, 16, 44, 148, 205, 0, 8, 46, 226, 50, 1, 44, 148, 205, 0, 0, 0, 0, 0, 0, 0, 15, 217, 0, 12, 3, 18, 29, 12, 31, 23, 59, 198, 22, 226, 131, 192, 0, 0, 0, 0, 0, 0, 0, 0, 80, 58, 126]
systemId: N342ME
endpointUuid: 941c31b8-55f5-4623-a702-9f0c14bbeab0
msgType: BcastMsgType_Data_ADSB
dataAdsb: {
  rawData: [126, 7, 0, 0, 0, 42, 60, 15, 138, 250, 224, 165, 128, 2, 14, 1, 128, 50, 0, 2, 14, 1, 96, 50, 0, 21, 128, 0, 33, 100, 140, 80, 130, 16, 44, 65, 68, 0, 8, 47, 197, 50, 33, 44, 65, 68, 0, 0, 0, 0, 0, 0, 0, 15, 217, 0, 12, 18, 6, 10, 1, 2, 5, 10, 198, 50, 226, 149, 108, 0, 21, 128, 0, 33, 98, 38, 32, 130, 16, 45, 164, 8, 0, 8, 23, 211, 10, 33, 45, 164, 8, 0, 0, 0, 0, 0, 0, 0, 15, 217, 0, 12, 8, 19, 4, 2, 13, 19, 4, 197, 148, 34, 130, 80, 0, 21, 128, 0, 33, 99, 199, 24, 130, 16, 44, 98, 78, 0, 8, 46, 227, 50, 33, 44, 98, 78, 0, 0, 0, 0, 0, 0, 0, 15, 217, 0, 12, 15, 3, 35, 3, 14, 23, 59, 198, 64, 194, 158, 124, 0, 21, 128, 0, 33, 98, 109, 104, 130, 16, 44, 49, 195, 0, 8, 46, 227, 50, 33, 44, 49, 195, 0, 0, 0, 0, 0, 0, 0, 15, 217, 0, 12, 9, 22, 45, 1, 9, 23, 59, 197, 71, 226, 144, 228, 0, 21, 128, 0, 33, 99, 36, 64, 130, 16, 45, 99, 4, 0, 8, 46, 241, 50, 33, 45, 99, 4, 0, 0, 0, 0, 0, 0, 0, 15, 217, 0, 12, 12, 18, 8, 12, 31, 22, 0, 196, 200, 34, 188, 112, 0, 21, 128, 0, 33, 98, 104, 144, 130, 16, 44, 100, 25, 0, 8, 47, 96, 50, 33, 44, 100, 25, 0, 0, 0, 0, 0, 0, 0, 15, 217, 0, 12, 9, 20, 18, 5, 6, 21, 11, 196, 144, 130, 172, 68, 0, 21, 128, 0, 33, 94, 31, 216, 130, 16, 44, 49, 195, 0, 8, 46, 228, 50, 33, 44, 49, 195, 0, 0, 0, 0, 0, 0, 0, 15, 217, 0, 11, 24, 15, 59, 1, 24, 23, 59, 197, 71, 226, 144, 228, 0, 21, 128, 0, 33, 97, 25, 208, 130, 16, 44, 240, 198, 0, 8, 46, 230, 50, 33, 44, 240, 198, 0, 0, 0, 0, 0, 0, 0, 15, 217, 0, 12, 4, 12, 58, 1, 4, 23, 59, 197, 135, 162, 151, 208, 0, 21, 128, 0, 33, 96, 228, 232, 130, 16, 44, 148, 205, 0, 8, 46, 226, 50, 1, 44, 148, 205, 0, 0, 0, 0, 0, 0, 0, 15, 217, 0, 12, 3, 18, 29, 12, 31, 23, 59, 198, 22, 226, 131, 192, 0, 0, 0, 0, 0, 0, 0, 0, 80, 58, 126]
}

message on port 8384:
[10, 6, 78, 51, 52, 50, 77, 69, 18, 36, 57, 52, 49, 99, 51, 49, 98, 56, 45, 53, 53, 102, 53, 45, 52, 54, 50, 51, 45, 97, 55, 48, 50, 45, 57, 102, 48, 99, 49, 52, 98, 98, 101, 97, 98, 48, 24, 2, 42, 40, 8, 176, 189, 167, 202, 6, 18, 10, 13, 59, 150, 237, 65, 21, 60, 138, 164, 194, 29, 157, 126, 42, 66, 37, 244, 253, 212, 61, 45, 91, 160, 108, 67, 53, 144, 94, 209, 64, 56, 1]
systemId: N342ME
endpointUuid: 941c31b8-55f5-4623-a702-9f0c14bbeab0
msgType: BcastMsgType_Data_GPS
dataGps: {
  timestamp: 1766448816
  geo: {
    lat: 29.698354721069336
    lon: -82.26998901367188
  }
  altM: 42.6236457824707
  gndSpdKts: 0.10400000214576721
  gndTrkDegt: 236.6263885498047
  magVarDeg: 6.542793273925781
  valid: true
}

message on port 8384:
[10, 6, 78, 51, 52, 50, 77, 69, 18, 36, 57, 52, 49, 99, 51, 49, 98, 56, 45, 53, 53, 102, 53, 45, 52, 54, 50, 51, 45, 97, 55, 48, 50, 45, 57, 102, 48, 99, 49, 52, 98, 98, 101, 97, 98, 48, 24, 3, 50, 65, 8, 176, 189, 167, 202, 6, 24, 1, 37, 0, 250, 12, 64, 40, 1, 53, 0, 108, 162, 191, 56, 1, 69, 58, 147, 113, 67, 72, 1, 85, 216, 43, 187, 60, 88, 1, 101, 197, 143, 134, 194, 104, 1, 117, 64, 61, 38, 64, 120, 1, 133, 1, 0, 0, 0, 0, 136, 1, 1, 149, 1, 0, 0, 0, 0]
systemId: N342ME
endpointUuid: 941c31b8-55f5-4623-a702-9f0c14bbeab0
msgType: BcastMsgType_Data_ADAHRS
dataAdahrs: {
  timestamp: 1766448816
  pitchValid: true
  pitchDeg: 2.2027587890625
  rollValid: true
  rollDeg: -1.2689208984375
  headingValid: true
  headingDegm: 241.57510375976562
  lateralAccelValid: true
  lateralAccelG: 0.022848054766654968
  altPresValid: true
  altPresMslM: -67.28079986572266
  altIndValid: true
  altIndMslM: 2.5974884033203125
  airspeedTrueValid: true
  airspeedTrueKts: 0.0
  airspeedIndValid: true
  airspeedIndKts: 0.0
}

4000:Uplink, 436 bytes
message on port 8384:
[10, 6, 78, 51, 52, 50, 77, 69, 18, 36, 57, 52, 49, 99, 51, 49, 98, 56, 45, 53, 53, 102, 53, 45, 52, 54, 50, 51, 45, 97, 55, 48, 50, 45, 57, 102, 48, 99, 49, 52, 98, 98, 101, 97, 98, 48, 24, 4, 58, 187, 3, 10, 184, 3, 126, 7, 0, 0, 0, 42, 60, 15, 138, 250, 224, 188, 128, 21, 128, 0, 33, 94, 220, 184, 130, 16, 44, 160, 88, 0, 8, 8, 203, 10, 33, 44, 160, 88, 0, 0, 0, 0, 0, 0, 0, 15, 217, 0, 11, 27, 14, 23, 1, 11, 14, 23, 197, 233, 66, 181, 232, 0, 21, 128, 0, 33, 97, 29, 208, 130, 16, 44, 208, 207, 0, 8, 47, 5, 50, 33, 44, 208, 207, 0, 0, 0, 0, 0, 0, 0, 15, 217, 0, 12, 4, 14, 58, 1, 31, 23, 59, 198, 46, 66, 134, 236, 0, 21, 128, 0, 33, 97, 173, 48, 130, 16, 44, 240, 198, 0, 8, 46, 234, 50, 33, 44, 240, 198, 0, 0, 0, 0, 0, 0, 0, 15, 217, 0, 12, 6, 22, 38, 1, 20, 22, 37, 197, 135, 162, 151, 208, 0, 21, 128, 0, 33, 98, 198, 8, 130, 16, 44, 193, 69, 0, 8, 46, 228, 50, 33, 44, 193, 69, 0, 0, 0, 0, 0, 0, 0, 15, 217, 0, 12, 11, 3, 1, 4, 10, 3, 1, 197, 211, 98, 143, 224, 0, 0, 0, 0, 0, 0, 0, 0, 0, 0, 0, 0, 0, 0, 0, 0, 0, 0, 0, 0, 0, 0, 0, 0, 0, 0, 0, 0, 0, 0, 0, 0, 0, 0, 0, 0, 0, 0, 0, 0, 0, 0, 0, 0, 0, 0, 0, 0, 0, 0, 0, 0, 0, 0, 0, 0, 0, 0, 0, 0, 0, 0, 0, 0, 0, 0, 0, 0, 0, 0, 0, 0, 0, 0, 0, 0, 0, 0, 0, 0, 0, 0, 0, 0, 0, 0, 0, 0, 0, 0, 0, 0, 0, 0, 0, 0, 0, 0, 0, 0, 0, 0, 0, 0, 0, 0, 0, 0, 0, 0, 0, 0, 0, 0, 0, 0, 0, 0, 0, 0, 0, 0, 0, 0, 0, 0, 0, 0, 0, 0, 0, 0, 0, 0, 0, 0, 0, 0, 0, 0, 0, 0, 0, 0, 0, 0, 0, 0, 0, 0, 0, 0, 0, 0, 0, 0, 0, 0, 0, 0, 0, 0, 0, 0, 0, 0, 0, 0, 0, 0, 0, 0, 0, 0, 0, 0, 0, 0, 0, 0, 0, 0, 0, 0, 0, 0, 0, 0, 0, 0, 0, 0, 0, 0, 0, 0, 0, 0, 0, 0, 0, 0, 0, 0, 0, 0, 0, 0, 0, 0, 0, 0, 0, 0, 0, 0, 0, 0, 0, 0, 0, 0, 0, 0, 0, 0, 0, 0, 0, 0, 0, 0, 0, 0, 0, 0, 0, 0, 0, 0, 0, 0, 0, 0, 0, 242, 20, 126]
systemId: N342ME
endpointUuid: 941c31b8-55f5-4623-a702-9f0c14bbeab0
msgType: BcastMsgType_Data_ADSB
dataAdsb: {
  rawData: [126, 7, 0, 0, 0, 42, 60, 15, 138, 250, 224, 188, 128, 21, 128, 0, 33, 94, 220, 184, 130, 16, 44, 160, 88, 0, 8, 8, 203, 10, 33, 44, 160, 88, 0, 0, 0, 0, 0, 0, 0, 15, 217, 0, 11, 27, 14, 23, 1, 11, 14, 23, 197, 233, 66, 181, 232, 0, 21, 128, 0, 33, 97, 29, 208, 130, 16, 44, 208, 207, 0, 8, 47, 5, 50, 33, 44, 208, 207, 0, 0, 0, 0, 0, 0, 0, 15, 217, 0, 12, 4, 14, 58, 1, 31, 23, 59, 198, 46, 66, 134, 236, 0, 21, 128, 0, 33, 97, 173, 48, 130, 16, 44, 240, 198, 0, 8, 46, 234, 50, 33, 44, 240, 198, 0, 0, 0, 0, 0, 0, 0, 15, 217, 0, 12, 6, 22, 38, 1, 20, 22, 37, 197, 135, 162, 151, 208, 0, 21, 128, 0, 33, 98, 198, 8, 130, 16, 44, 193, 69, 0, 8, 46, 228, 50, 33, 44, 193, 69, 0, 0, 0, 0, 0, 0, 0, 15, 217, 0, 12, 11, 3, 1, 4, 10, 3, 1, 197, 211, 98, 143, 224, 0, 0, 0, 0, 0, 0, 0, 0, 0, 0, 0, 0, 0, 0, 0, 0, 0, 0, 0, 0, 0, 0, 0, 0, 0, 0, 0, 0, 0, 0, 0, 0, 0, 0, 0, 0, 0, 0, 0, 0, 0, 0, 0, 0, 0, 0, 0, 0, 0, 0, 0, 0, 0, 0, 0, 0, 0, 0, 0, 0, 0, 0, 0, 0, 0, 0, 0, 0, 0, 0, 0, 0, 0, 0, 0, 0, 0, 0, 0, 0, 0, 0, 0, 0, 0, 0, 0, 0, 0, 0, 0, 0, 0, 0, 0, 0, 0, 0, 0, 0, 0, 0, 0, 0, 0, 0, 0, 0, 0, 0, 0, 0, 0, 0, 0, 0, 0, 0, 0, 0, 0, 0, 0, 0, 0, 0, 0, 0, 0, 0, 0, 0, 0, 0, 0, 0, 0, 0, 0, 0, 0, 0, 0, 0, 0, 0, 0, 0, 0, 0, 0, 0, 0, 0, 0, 0, 0, 0, 0, 0, 0, 0, 0, 0, 0, 0, 0, 0, 0, 0, 0, 0, 0, 0, 0, 0, 0, 0, 0, 0, 0, 0, 0, 0, 0, 0, 0, 0, 0, 0, 0, 0, 0, 0, 0, 0, 0, 0, 0, 0, 0, 0, 0, 0, 0, 0, 0, 0, 0, 0, 0, 0, 0, 0, 0, 0, 0, 0, 0, 0, 0, 0, 0, 0, 0, 0, 0, 0, 0, 0, 0, 0, 0, 0, 0, 0, 0, 0, 0, 0, 0, 0, 0, 0, 0, 242, 20, 126]
}

message on port 8384:
[10, 6, 78, 51, 52, 50, 77, 69, 18, 36, 57, 52, 49, 99, 51, 49, 98, 56, 45, 53, 53, 102, 53, 45, 52, 54, 50, 51, 45, 97, 55, 48, 50, 45, 57, 102, 48, 99, 49, 52, 98, 98, 101, 97, 98, 48, 24, 1, 34, 120, 10, 6, 78, 51, 52, 50, 77, 69, 16, 177, 189, 167, 202, 6, 26, 7, 48, 46, 48, 46, 48, 46, 48, 32, 192, 65, 40, 1, 50, 14, 8, 1, 16, 1, 24, 1, 32, 1, 40, 1, 48, 1, 56, 1, 58, 20, 68, 121, 110, 111, 110, 32, 65, 118, 105, 111, 110, 105, 99, 115, 44, 32, 73, 110, 99, 46, 66, 7, 83, 107, 121, 86, 105, 101, 119, 74, 10, 68, 49, 48, 48, 48, 47, 68, 55, 48, 48, 82, 6, 48, 50, 52, 51, 53, 54, 90, 12, 49, 54, 46, 55, 46, 50, 46, 49, 50, 48, 55, 51, 98, 9, 98, 117, 105, 108, 100, 114, 111, 111, 116]
systemId: N342ME
endpointUuid: 941c31b8-55f5-4623-a702-9f0c14bbeab0
msgType: BcastMsgType_Heartbeat
heartbeat: {
  systemId: N342ME
  timestamp: 1766448817
  ipAddress: 0.0.0.0
  ipPort: 8384
  isEfis: true
  capabilities: {
    status: true
    gps: true
    ahrs: true
    adahrs: true
    fplSend: true
    fplReceive: true
    adsb: true
  }
  prodMake: Dynon Avionics, Inc.
  prodName: SkyView
  prodModel: D1000/D700
  prodSerial: 024356
  prodFirmware: 16.7.2.12073
  hostname: buildroot
}

message on port 8384:
[10, 6, 78, 51, 52, 50, 77, 69, 18, 36, 57, 52, 49, 99, 51, 49, 98, 56, 45, 53, 53, 102, 53, 45, 52, 54, 50, 51, 45, 97, 55, 48, 50, 45, 57, 102, 48, 99, 49, 52, 98, 98, 101, 97, 98, 48, 24, 2, 42, 40, 8, 177, 189, 167, 202, 6, 18, 10, 13, 59, 150, 237, 65, 21, 60, 138, 164, 194, 29, 157, 126, 42, 66, 37, 193, 202, 161, 61, 45, 91, 160, 108, 67, 53, 144, 94, 209, 64, 56, 1]
systemId: N342ME
endpointUuid: 941c31b8-55f5-4623-a702-9f0c14bbeab0
msgType: BcastMsgType_Data_GPS
dataGps: {
  timestamp: 1766448817
  geo: {
    lat: 29.698354721069336
    lon: -82.26998901367188
  }
  altM: 42.6236457824707
  gndSpdKts: 0.07900000363588333
  gndTrkDegt: 236.6263885498047
  magVarDeg: 6.542793273925781
  valid: true
}

message on port 8384:
[10, 6, 78, 51, 52, 50, 77, 69, 18, 36, 57, 52, 49, 99, 51, 49, 98, 56, 45, 53, 53, 102, 53, 45, 52, 54, 50, 51, 45, 97, 55, 48, 50, 45, 57, 102, 48, 99, 49, 52, 98, 98, 101, 97, 98, 48, 24, 3, 50, 65, 8, 177, 189, 167, 202, 6, 24, 1, 37, 0, 0, 7, 64, 40, 1, 53, 0, 108, 162, 191, 56, 1, 69, 210, 145, 113, 67, 72, 1, 85, 168, 196, 147, 60, 88, 1, 101, 197, 143, 134, 194, 104, 1, 117, 64, 61, 38, 64, 120, 1, 133, 1, 0, 0, 0, 0, 136, 1, 1, 149, 1, 0, 0, 0, 0]
systemId: N342ME
endpointUuid: 941c31b8-55f5-4623-a702-9f0c14bbeab0
msgType: BcastMsgType_Data_ADAHRS
dataAdahrs: {
  timestamp: 1766448817
  pitchValid: true
  pitchDeg: 2.109375
  rollValid: true
  rollDeg: -1.2689208984375
  headingValid: true
  headingDegm: 241.56961059570312
  lateralAccelValid: true
  lateralAccelG: 0.018038108944892883
  altPresValid: true
  altPresMslM: -67.28079986572266
  altIndValid: true
  altIndMslM: 2.5974884033203125
  airspeedTrueValid: true
  airspeedTrueKts: 0.0
  airspeedIndValid: true
  airspeedIndKts: 0.0
}

message on port 8384:
[10, 6, 78, 51, 52, 50, 77, 69, 18, 36, 57, 52, 49, 99, 51, 49, 98, 56, 45, 53, 53, 102, 53, 45, 52, 54, 50, 51, 45, 97, 55, 48, 50, 45, 57, 102, 48, 99, 49, 52, 98, 98, 101, 97, 98, 48, 24, 2, 42, 40, 8, 177, 189, 167, 202, 6, 18, 10, 13, 59, 150, 237, 65, 21, 60, 138, 164, 194, 29, 157, 126, 42, 66, 37, 105, 145, 237, 60, 45, 91, 160, 108, 67, 53, 144, 94, 209, 64, 56, 1]
systemId: N342ME
endpointUuid: 941c31b8-55f5-4623-a702-9f0c14bbeab0
msgType: BcastMsgType_Data_GPS
dataGps: {
  timestamp: 1766448817
  geo: {
    lat: 29.698354721069336
    lon: -82.26998901367188
  }
  altM: 42.6236457824707
  gndSpdKts: 0.029000001028180122
  gndTrkDegt: 236.6263885498047
  magVarDeg: 6.542793273925781
  valid: true
}

message on port 8384:
[10, 6, 78, 51, 52, 50, 77, 69, 18, 36, 57, 52, 49, 99, 51, 49, 98, 56, 45, 53, 53, 102, 53, 45, 52, 54, 50, 51, 45, 97, 55, 48, 50, 45, 57, 102, 48, 99, 49, 52, 98, 98, 101, 97, 98, 48, 24, 3, 50, 65, 8, 177, 189, 167, 202, 6, 24, 1, 37, 0, 0, 7, 64, 40, 1, 53, 0, 156, 159, 191, 56, 1, 69, 146, 134, 113, 67, 72, 1, 85, 153, 246, 168, 60, 88, 1, 101, 197, 143, 134, 194, 104, 1, 117, 64, 61, 38, 64, 120, 1, 133, 1, 0, 0, 0, 0, 136, 1, 1, 149, 1, 0, 0, 0, 0]
systemId: N342ME
endpointUuid: 941c31b8-55f5-4623-a702-9f0c14bbeab0
msgType: BcastMsgType_Data_ADAHRS
dataAdahrs: {
  timestamp: 1766448817
  pitchValid: true
  pitchDeg: 2.109375
  rollValid: true
  rollDeg: -1.2469482421875
  headingValid: true
  headingDegm: 241.52566528320312
  lateralAccelValid: true
  lateralAccelG: 0.0206253994256258
  altPresValid: true
  altPresMslM: -67.28079986572266
  altIndValid: true
  altIndMslM: 2.5974884033203125
  airspeedTrueValid: true
  airspeedTrueKts: 0.0
  airspeedIndValid: true
  airspeedIndKts: 0.0
}

4000:Traffic: N342ME/A3C5D4 29.698,-82.270 NIC=10 NACp=10 palt=0 palt=0
4000:Traffic: PDT5973/A89076 29.699,-82.325 NIC=8 NACp=9 palt=550 palt=550
message on port 8384:
[10, 6, 78, 51, 52, 50, 77, 69, 18, 36, 57, 52, 49, 99, 51, 49, 98, 56, 45, 53, 53, 102, 53, 45, 52, 54, 50, 51, 45, 97, 55, 48, 50, 45, 57, 102, 48, 99, 49, 52, 98, 98, 101, 97, 98, 48, 24, 4, 58, 34, 10, 32, 126, 20, 0, 163, 197, 212, 21, 30, 107, 197, 127, 51, 2, 130, 170, 0, 0, 0, 0, 1, 78, 51, 52, 50, 77, 69, 32, 32, 0, 138, 176, 126]
systemId: N342ME
endpointUuid: 941c31b8-55f5-4623-a702-9f0c14bbeab0
msgType: BcastMsgType_Data_ADSB
dataAdsb: {
  rawData: [126, 20, 0, 163, 197, 212, 21, 30, 107, 197, 127, 51, 2, 130, 170, 0, 0, 0, 0, 1, 78, 51, 52, 50, 77, 69, 32, 32, 0, 138, 176, 126]
}

message on port 8384:
[10, 6, 78, 51, 52, 50, 77, 69, 18, 36, 57, 52, 49, 99, 51, 49, 98, 56, 45, 53, 53, 102, 53, 45, 52, 54, 50, 51, 45, 97, 55, 48, 50, 45, 57, 102, 48, 99, 49, 52, 98, 98, 101, 97, 98, 48, 24, 4, 58, 34, 10, 32, 126, 20, 0, 168, 144, 118, 21, 30, 136, 197, 117, 70, 3, 234, 137, 7, 255, 246, 72, 2, 80, 68, 84, 53, 57, 55, 51, 32, 0, 200, 162, 126]
systemId: N342ME
endpointUuid: 941c31b8-55f5-4623-a702-9f0c14bbeab0
msgType: BcastMsgType_Data_ADSB
dataAdsb: {
  rawData: [126, 20, 0, 168, 144, 118, 21, 30, 136, 197, 117, 70, 3, 234, 137, 7, 255, 246, 72, 2, 80, 68, 84, 53, 57, 55, 51, 32, 0, 200, 162, 126]
}

message on port 8384:
[10, 6, 78, 51, 52, 50, 77, 69, 18, 36, 57, 52, 49, 99, 51, 49, 98, 56, 45, 53, 53, 102, 53, 45, 52, 54, 50, 51, 45, 97, 55, 48, 50, 45, 57, 102, 48, 99, 49, 52, 98, 98, 101, 97, 98, 48, 24, 2, 42, 40, 8, 177, 189, 167, 202, 6, 18, 10, 13, 59, 150, 237, 65, 21, 60, 138, 164, 194, 29, 157, 126, 42, 66, 37, 115, 104, 145, 61, 45, 91, 160, 108, 67, 53, 144, 94, 209, 64, 56, 1]
systemId: N342ME
endpointUuid: 941c31b8-55f5-4623-a702-9f0c14bbeab0
msgType: BcastMsgType_Data_GPS
dataGps: {
  timestamp: 1766448817
  geo: {
    lat: 29.698354721069336
    lon: -82.26998901367188
  }
  altM: 42.6236457824707
  gndSpdKts: 0.07100000232458115
  gndTrkDegt: 236.6263885498047
  magVarDeg: 6.542793273925781
  valid: true
}

message on port 8384:
[10, 6, 78, 51, 52, 50, 77, 69, 18, 36, 57, 52, 49, 99, 51, 49, 98, 56, 45, 53, 53, 102, 53, 45, 52, 54, 50, 51, 45, 97, 55, 48, 50, 45, 57, 102, 48, 99, 49, 52, 98, 98, 101, 97, 98, 48, 24, 3, 50, 65, 8, 177, 189, 167, 202, 6, 24, 1, 37, 0, 70, 12, 64, 40, 1, 53, 0, 156, 159, 191, 56, 1, 69, 242, 128, 113, 67, 72, 1, 85, 235, 76, 191, 60, 88, 1, 101, 197, 143, 134, 194, 104, 1, 117, 64, 61, 38, 64, 120, 1, 133, 1, 0, 0, 0, 0, 136, 1, 1, 149, 1, 0, 0, 0, 0]
systemId: N342ME
endpointUuid: 941c31b8-55f5-4623-a702-9f0c14bbeab0
msgType: BcastMsgType_Data_ADAHRS
dataAdahrs: {
  timestamp: 1766448817
  pitchValid: true
  pitchDeg: 2.1917724609375
  rollValid: true
  rollDeg: -1.2469482421875
  headingValid: true
  headingDegm: 241.50369262695312
  lateralAccelValid: true
  lateralAccelG: 0.023352107033133507
  altPresValid: true
  altPresMslM: -67.28079986572266
  altIndValid: true
  altIndMslM: 2.5974884033203125
  airspeedTrueValid: true
  airspeedTrueKts: 0.0
  airspeedIndValid: true
  airspeedIndKts: 0.0
}

message on port 8384:
[10, 6, 78, 51, 52, 50, 77, 69, 18, 36, 57, 52, 49, 99, 51, 49, 98, 56, 45, 53, 53, 102, 53, 45, 52, 54, 50, 51, 45, 97, 55, 48, 50, 45, 57, 102, 48, 99, 49, 52, 98, 98, 101, 97, 98, 48, 24, 2, 42, 40, 8, 177, 189, 167, 202, 6, 18, 10, 13, 60, 150, 237, 65, 21, 60, 138, 164, 194, 29, 157, 126, 42, 66, 37, 189, 116, 147, 60, 45, 91, 160, 108, 67, 53, 144, 94, 209, 64, 56, 1]
systemId: N342ME
endpointUuid: 941c31b8-55f5-4623-a702-9f0c14bbeab0
msgType: BcastMsgType_Data_GPS
dataGps: {
  timestamp: 1766448817
  geo: {
    lat: 29.69835662841797
    lon: -82.26998901367188
  }
  altM: 42.6236457824707
  gndSpdKts: 0.018000001087784767
  gndTrkDegt: 236.6263885498047
  magVarDeg: 6.542793273925781
  valid: true
}

message on port 8384:
[10, 6, 78, 51, 52, 50, 77, 69, 18, 36, 57, 52, 49, 99, 51, 49, 98, 56, 45, 53, 53, 102, 53, 45, 52, 54, 50, 51, 45, 97, 55, 48, 50, 45, 57, 102, 48, 99, 49, 52, 98, 98, 101, 97, 98, 48, 24, 3, 50, 65, 8, 177, 189, 167, 202, 6, 24, 1, 37, 0, 70, 12, 64, 40, 1, 53, 0, 156, 159, 191, 56, 1, 69, 50, 140, 113, 67, 72, 1, 85, 134, 41, 181, 60, 88, 1, 101, 197, 143, 134, 194, 104, 1, 117, 64, 61, 38, 64, 120, 1, 133, 1, 0, 0, 0, 0, 136, 1, 1, 149, 1, 0, 0, 0, 0]
systemId: N342ME
endpointUuid: 941c31b8-55f5-4623-a702-9f0c14bbeab0
msgType: BcastMsgType_Data_ADAHRS
dataAdahrs: {
  timestamp: 1766448817
  pitchValid: true
  pitchDeg: 2.1917724609375
  rollValid: true
  rollDeg: -1.2469482421875
  headingValid: true
  headingDegm: 241.54763793945312
  lateralAccelValid: true
  lateralAccelG: 0.022114526480436325
  altPresValid: true
  altPresMslM: -67.28079986572266
  altIndValid: true
  altIndMslM: 2.5974884033203125
  airspeedTrueValid: true
  airspeedTrueKts: 0.0
  airspeedIndValid: true
  airspeedIndKts: 0.0
}

4000:Uplink, 436 bytes
message on port 8384:
[10, 6, 78, 51, 52, 50, 77, 69, 18, 36, 57, 52, 49, 99, 51, 49, 98, 56, 45, 53, 53, 102, 53, 45, 52, 54, 50, 51, 45, 97, 55, 48, 50, 45, 57, 102, 48, 99, 49, 52, 98, 98, 101, 97, 98, 48, 24, 4, 58, 187, 3, 10, 184, 3, 126, 7, 0, 0, 0, 42, 60, 15, 138, 250, 224, 166, 128, 16, 15, 8, 161, 11, 178, 8, 171, 153, 178, 8, 166, 246, 212, 8, 161, 247, 82, 8, 172, 156, 80, 8, 169, 174, 18, 8, 164, 194, 241, 8, 165, 71, 134, 21, 128, 0, 33, 100, 133, 192, 130, 16, 44, 53, 25, 0, 8, 47, 220, 50, 1, 44, 53, 25, 0, 0, 0, 0, 0, 0, 0, 15, 217, 0, 12, 18, 2, 56, 12, 31, 23, 59, 196, 231, 98, 162, 92, 0, 21, 128, 0, 33, 97, 41, 56, 130, 16, 44, 244, 140, 0, 8, 46, 247, 50, 33, 44, 244, 140, 0, 0, 0, 0, 0, 0, 0, 15, 217, 0, 12, 4, 20, 39, 1, 23, 22, 30, 198, 41, 226, 137, 144, 0, 21, 128, 0, 33, 97, 85, 64, 130, 16, 44, 98, 78, 0, 8, 46, 225, 50, 33, 44, 98, 78, 0, 0, 0, 0, 0, 0, 0, 15, 217, 0, 12, 5, 10, 40, 3, 5, 23, 59, 198, 64, 194, 158, 124, 0, 21, 128, 0, 33, 99, 36, 80, 130, 16, 45, 99, 4, 0, 8, 46, 242, 50, 33, 45, 99, 4, 0, 0, 0, 0, 0, 0, 0, 15, 217, 0, 12, 12, 18, 10, 12, 31, 22, 0, 196, 200, 34, 188, 112, 0, 21, 128, 0, 33, 100, 30, 8, 130, 16, 44, 98, 2, 0, 8, 47, 197, 50, 1, 44, 98, 2, 0, 0, 0, 0, 0, 0, 0, 15, 217, 0, 12, 16, 15, 1, 12, 25, 23, 59, 198, 18, 130, 184, 148, 0, 21, 128, 0, 33, 98, 228, 64, 130, 16, 45, 49, 130, 0, 8, 31, 29, 10, 33, 45, 49, 130, 0, 0, 0, 0, 0, 0, 0, 15, 217, 0, 12, 11, 18, 8, 7, 23, 18, 8, 198, 59, 194, 142, 212, 0, 21, 128, 0, 33, 98, 80, 176, 130, 16, 44, 22, 83, 0, 8, 46, 230, 50, 1, 44, 22, 83, 0, 0, 0, 0, 0, 0, 0, 15, 217, 0, 12, 9, 8, 22, 12, 30, 20, 0, 197, 104, 130, 199, 16, 0, 21, 128, 0, 33, 94, 31, 64, 130, 16, 44, 208, 207, 0, 8, 47, 157, 50, 33, 44, 208, 207, 0, 0, 0, 0, 0, 0, 0, 15, 217, 0, 11, 24, 15, 40, 12, 31, 23, 59, 198, 46, 66, 134, 236, 0, 0, 0, 0, 0, 0, 0, 0, 0, 0, 0, 0, 0, 0, 0, 0, 0, 0, 0, 0, 0, 0, 0, 0, 0, 0, 0, 0, 0, 0, 0, 162, 206, 126]
systemId: N342ME
endpointUuid: 941c31b8-55f5-4623-a702-9f0c14bbeab0
msgType: BcastMsgType_Data_ADSB
dataAdsb: {
  rawData: [126, 7, 0, 0, 0, 42, 60, 15, 138, 250, 224, 166, 128, 16, 15, 8, 161, 11, 178, 8, 171, 153, 178, 8, 166, 246, 212, 8, 161, 247, 82, 8, 172, 156, 80, 8, 169, 174, 18, 8, 164, 194, 241, 8, 165, 71, 134, 21, 128, 0, 33, 100, 133, 192, 130, 16, 44, 53, 25, 0, 8, 47, 220, 50, 1, 44, 53, 25, 0, 0, 0, 0, 0, 0, 0, 15, 217, 0, 12, 18, 2, 56, 12, 31, 23, 59, 196, 231, 98, 162, 92, 0, 21, 128, 0, 33, 97, 41, 56, 130, 16, 44, 244, 140, 0, 8, 46, 247, 50, 33, 44, 244, 140, 0, 0, 0, 0, 0, 0, 0, 15, 217, 0, 12, 4, 20, 39, 1, 23, 22, 30, 198, 41, 226, 137, 144, 0, 21, 128, 0, 33, 97, 85, 64, 130, 16, 44, 98, 78, 0, 8, 46, 225, 50, 33, 44, 98, 78, 0, 0, 0, 0, 0, 0, 0, 15, 217, 0, 12, 5, 10, 40, 3, 5, 23, 59, 198, 64, 194, 158, 124, 0, 21, 128, 0, 33, 99, 36, 80, 130, 16, 45, 99, 4, 0, 8, 46, 242, 50, 33, 45, 99, 4, 0, 0, 0, 0, 0, 0, 0, 15, 217, 0, 12, 12, 18, 10, 12, 31, 22, 0, 196, 200, 34, 188, 112, 0, 21, 128, 0, 33, 100, 30, 8, 130, 16, 44, 98, 2, 0, 8, 47, 197, 50, 1, 44, 98, 2, 0, 0, 0, 0, 0, 0, 0, 15, 217, 0, 12, 16, 15, 1, 12, 25, 23, 59, 198, 18, 130, 184, 148, 0, 21, 128, 0, 33, 98, 228, 64, 130, 16, 45, 49, 130, 0, 8, 31, 29, 10, 33, 45, 49, 130, 0, 0, 0, 0, 0, 0, 0, 15, 217, 0, 12, 11, 18, 8, 7, 23, 18, 8, 198, 59, 194, 142, 212, 0, 21, 128, 0, 33, 98, 80, 176, 130, 16, 44, 22, 83, 0, 8, 46, 230, 50, 1, 44, 22, 83, 0, 0, 0, 0, 0, 0, 0, 15, 217, 0, 12, 9, 8, 22, 12, 30, 20, 0, 197, 104, 130, 199, 16, 0, 21, 128, 0, 33, 94, 31, 64, 130, 16, 44, 208, 207, 0, 8, 47, 157, 50, 33, 44, 208, 207, 0, 0, 0, 0, 0, 0, 0, 15, 217, 0, 11, 24, 15, 40, 12, 31, 23, 59, 198, 46, 66, 134, 236, 0, 0, 0, 0, 0, 0, 0, 0, 0, 0, 0, 0, 0, 0, 0, 0, 0, 0, 0, 0, 0, 0, 0, 0, 0, 0, 0, 0, 0, 0, 0, 162, 206, 126]
}

message on port 8384:
[10, 6, 78, 51, 52, 50, 77, 69, 18, 36, 57, 52, 49, 99, 51, 49, 98, 56, 45, 53, 53, 102, 53, 45, 52, 54, 50, 51, 45, 97, 55, 48, 50, 45, 57, 102, 48, 99, 49, 52, 98, 98, 101, 97, 98, 48, 24, 2, 42, 40, 8, 177, 189, 167, 202, 6, 18, 10, 13, 60, 150, 237, 65, 21, 60, 138, 164, 194, 29, 4, 229, 42, 66, 37, 11, 215, 163, 60, 45, 91, 160, 108, 67, 53, 144, 94, 209, 64, 56, 1]
systemId: N342ME
endpointUuid: 941c31b8-55f5-4623-a702-9f0c14bbeab0
msgType: BcastMsgType_Data_GPS
dataGps: {
  timestamp: 1766448817
  geo: {
    lat: 29.69835662841797
    lon: -82.26998901367188
  }
  altM: 42.72364807128906
  gndSpdKts: 0.020000001415610313
  gndTrkDegt: 236.6263885498047
  magVarDeg: 6.542793273925781
  valid: true
}

message on port 8384:
[10, 6, 78, 51, 52, 50, 77, 69, 18, 36, 57, 52, 49, 99, 51, 49, 98, 56, 45, 53, 53, 102, 53, 45, 52, 54, 50, 51, 45, 97, 55, 48, 50, 45, 57, 102, 48, 99, 49, 52, 98, 98, 101, 97, 98, 48, 24, 3, 50, 65, 8, 177, 189, 167, 202, 6, 24, 1, 37, 0, 76, 6, 64, 40, 1, 53, 0, 156, 159, 191, 56, 1, 69, 42, 133, 113, 67, 72, 1, 85, 2, 245, 140, 60, 88, 1, 101, 197, 143, 134, 194, 104, 1, 117, 64, 61, 38, 64, 120, 1, 133, 1, 0, 0, 0, 0, 136, 1, 1, 149, 1, 0, 0, 0, 0]
systemId: N342ME
endpointUuid: 941c31b8-55f5-4623-a702-9f0c14bbeab0
msgType: BcastMsgType_Data_ADAHRS
dataAdahrs: {
  timestamp: 1766448817
  pitchValid: true
  pitchDeg: 2.098388671875
  rollValid: true
  rollDeg: -1.2469482421875
  headingValid: true
  headingDegm: 241.52017211914062
  lateralAccelValid: true
  lateralAccelG: 0.017206672579050064
  altPresValid: true
  altPresMslM: -67.28079986572266
  altIndValid: true
  altIndMslM: 2.5974884033203125
  airspeedTrueValid: true
  airspeedTrueKts: 0.0
  airspeedIndValid: true
  airspeedIndKts: 0.0
}

4000:Uplink, 436 bytes
message on port 8384:
[10, 6, 78, 51, 52, 50, 77, 69, 18, 36, 57, 52, 49, 99, 51, 49, 98, 56, 45, 53, 53, 102, 53, 45, 52, 54, 50, 51, 45, 97, 55, 48, 50, 45, 57, 102, 48, 99, 49, 52, 98, 98, 101, 97, 98, 48, 24, 4, 58, 187, 3, 10, 184, 3, 126, 7, 0, 0, 0, 42, 60, 15, 138, 250, 224, 189, 128, 21, 128, 0, 33, 94, 150, 0, 130, 16, 44, 65, 68, 0, 8, 47, 236, 50, 1, 44, 65, 68, 0, 0, 0, 0, 0, 0, 0, 15, 217, 0, 11, 26, 11, 0, 12, 26, 23, 0, 198, 50, 226, 149, 108, 0, 0, 0, 0, 0, 0, 0, 0, 0, 0, 0, 0, 0, 0, 0, 0, 0, 0, 0, 0, 0, 0, 0, 0, 0, 0, 0, 0, 0, 0, 0, 0, 0, 0, 0, 0, 0, 0, 0, 0, 0, 0, 0, 0, 0, 0, 0, 0, 0, 0, 0, 0, 0, 0, 0, 0, 0, 0, 0, 0, 0, 0, 0, 0, 0, 0, 0, 0, 0, 0, 0, 0, 0, 0, 0, 0, 0, 0, 0, 0, 0, 0, 0, 0, 0, 0, 0, 0, 0, 0, 0, 0, 0, 0, 0, 0, 0, 0, 0, 0, 0, 0, 0, 0, 0, 0, 0, 0, 0, 0, 0, 0, 0, 0, 0, 0, 0, 0, 0, 0, 0, 0, 0, 0, 0, 0, 0, 0, 0, 0, 0, 0, 0, 0, 0, 0, 0, 0, 0, 0, 0, 0, 0, 0, 0, 0, 0, 0, 0, 0, 0, 0, 0, 0, 0, 0, 0, 0, 0, 0, 0, 0, 0, 0, 0, 0, 0, 0, 0, 0, 0, 0, 0, 0, 0, 0, 0, 0, 0, 0, 0, 0, 0, 0, 0, 0, 0, 0, 0, 0, 0, 0, 0, 0, 0, 0, 0, 0, 0, 0, 0, 0, 0, 0, 0, 0, 0, 0, 0, 0, 0, 0, 0, 0, 0, 0, 0, 0, 0, 0, 0, 0, 0, 0, 0, 0, 0, 0, 0, 0, 0, 0, 0, 0, 0, 0, 0, 0, 0, 0, 0, 0, 0, 0, 0, 0, 0, 0, 0, 0, 0, 0, 0, 0, 0, 0, 0, 0, 0, 0, 0, 0, 0, 0, 0, 0, 0, 0, 0, 0, 0, 0, 0, 0, 0, 0, 0, 0, 0, 0, 0, 0, 0, 0, 0, 0, 0, 0, 0, 0, 0, 0, 0, 0, 0, 0, 0, 0, 0, 0, 0, 0, 0, 0, 0, 0, 0, 0, 0, 0, 0, 0, 0, 0, 0, 0, 0, 0, 0, 0, 0, 0, 0, 0, 0, 0, 0, 0, 0, 0, 0, 0, 0, 0, 0, 0, 0, 0, 0, 0, 0, 0, 0, 0, 0, 0, 0, 0, 0, 0, 0, 0, 0, 0, 0, 0, 0, 0, 0, 0, 0, 0, 0, 0, 0, 0, 0, 0, 0, 0, 0, 0, 0, 0, 0, 0, 0, 0, 0, 0, 143, 115, 126]
systemId: N342ME
endpointUuid: 941c31b8-55f5-4623-a702-9f0c14bbeab0
msgType: BcastMsgType_Data_ADSB
dataAdsb: {
  rawData: [126, 7, 0, 0, 0, 42, 60, 15, 138, 250, 224, 189, 128, 21, 128, 0, 33, 94, 150, 0, 130, 16, 44, 65, 68, 0, 8, 47, 236, 50, 1, 44, 65, 68, 0, 0, 0, 0, 0, 0, 0, 15, 217, 0, 11, 26, 11, 0, 12, 26, 23, 0, 198, 50, 226, 149, 108, 0, 0, 0, 0, 0, 0, 0, 0, 0, 0, 0, 0, 0, 0, 0, 0, 0, 0, 0, 0, 0, 0, 0, 0, 0, 0, 0, 0, 0, 0, 0, 0, 0, 0, 0, 0, 0, 0, 0, 0, 0, 0, 0, 0, 0, 0, 0, 0, 0, 0, 0, 0, 0, 0, 0, 0, 0, 0, 0, 0, 0, 0, 0, 0, 0, 0, 0, 0, 0, 0, 0, 0, 0, 0, 0, 0, 0, 0, 0, 0, 0, 0, 0, 0, 0, 0, 0, 0, 0, 0, 0, 0, 0, 0, 0, 0, 0, 0, 0, 0, 0, 0, 0, 0, 0, 0, 0, 0, 0, 0, 0, 0, 0, 0, 0, 0, 0, 0, 0, 0, 0, 0, 0, 0, 0, 0, 0, 0, 0, 0, 0, 0, 0, 0, 0, 0, 0, 0, 0, 0, 0, 0, 0, 0, 0, 0, 0, 0, 0, 0, 0, 0, 0, 0, 0, 0, 0, 0, 0, 0, 0, 0, 0, 0, 0, 0, 0, 0, 0, 0, 0, 0, 0, 0, 0, 0, 0, 0, 0, 0, 0, 0, 0, 0, 0, 0, 0, 0, 0, 0, 0, 0, 0, 0, 0, 0, 0, 0, 0, 0, 0, 0, 0, 0, 0, 0, 0, 0, 0, 0, 0, 0, 0, 0, 0, 0, 0, 0, 0, 0, 0, 0, 0, 0, 0, 0, 0, 0, 0, 0, 0, 0, 0, 0, 0, 0, 0, 0, 0, 0, 0, 0, 0, 0, 0, 0, 0, 0, 0, 0, 0, 0, 0, 0, 0, 0, 0, 0, 0, 0, 0, 0, 0, 0, 0, 0, 0, 0, 0, 0, 0, 0, 0, 0, 0, 0, 0, 0, 0, 0, 0, 0, 0, 0, 0, 0, 0, 0, 0, 0, 0, 0, 0, 0, 0, 0, 0, 0, 0, 0, 0, 0, 0, 0, 0, 0, 0, 0, 0, 0, 0, 0, 0, 0, 0, 0, 0, 0, 0, 0, 0, 0, 0, 0, 0, 0, 0, 0, 0, 0, 0, 0, 0, 0, 0, 0, 0, 0, 0, 0, 0, 0, 0, 0, 0, 0, 0, 0, 0, 0, 0, 0, 0, 0, 0, 0, 0, 0, 0, 0, 0, 0, 0, 0, 0, 0, 0, 0, 0, 0, 0, 0, 0, 0, 0, 0, 0, 0, 0, 0, 143, 115, 126]
}

message on port 8384:
[10, 6, 78, 51, 52, 50, 77, 69, 18, 36, 57, 52, 49, 99, 51, 49, 98, 56, 45, 53, 53, 102, 53, 45, 52, 54, 50, 51, 45, 97, 55, 48, 50, 45, 57, 102, 48, 99, 49, 52, 98, 98, 101, 97, 98, 48, 24, 1, 34, 120, 10, 6, 78, 51, 52, 50, 77, 69, 16, 178, 189, 167, 202, 6, 26, 7, 48, 46, 48, 46, 48, 46, 48, 32, 192, 65, 40, 1, 50, 14, 8, 1, 16, 1, 24, 1, 32, 1, 40, 1, 48, 1, 56, 1, 58, 20, 68, 121, 110, 111, 110, 32, 65, 118, 105, 111, 110, 105, 99, 115, 44, 32, 73, 110, 99, 46, 66, 7, 83, 107, 121, 86, 105, 101, 119, 74, 10, 68, 49, 48, 48, 48, 47, 68, 55, 48, 48, 82, 6, 48, 50, 52, 51, 53, 54, 90, 12, 49, 54, 46, 55, 46, 50, 46, 49, 50, 48, 55, 51, 98, 9, 98, 117, 105, 108, 100, 114, 111, 111, 116]
systemId: N342ME
endpointUuid: 941c31b8-55f5-4623-a702-9f0c14bbeab0
msgType: BcastMsgType_Heartbeat
heartbeat: {
  systemId: N342ME
  timestamp: 1766448818
  ipAddress: 0.0.0.0
  ipPort: 8384
  isEfis: true
  capabilities: {
    status: true
    gps: true
    ahrs: true
    adahrs: true
    fplSend: true
    fplReceive: true
    adsb: true
  }
  prodMake: Dynon Avionics, Inc.
  prodName: SkyView
  prodModel: D1000/D700
  prodSerial: 024356
  prodFirmware: 16.7.2.12073
  hostname: buildroot
}

message on port 8384:
[10, 6, 78, 51, 52, 50, 77, 69, 18, 36, 57, 52, 49, 99, 51, 49, 98, 56, 45, 53, 53, 102, 53, 45, 52, 54, 50, 51, 45, 97, 55, 48, 50, 45, 57, 102, 48, 99, 49, 52, 98, 98, 101, 97, 98, 48, 24, 2, 42, 40, 8, 178, 189, 167, 202, 6, 18, 10, 13, 61, 150, 237, 65, 21, 60, 138, 164, 194, 29, 4, 229, 42, 66, 37, 57, 180, 72, 61, 45, 91, 160, 108, 67, 53, 144, 94, 209, 64, 56, 1]
systemId: N342ME
endpointUuid: 941c31b8-55f5-4623-a702-9f0c14bbeab0
msgType: BcastMsgType_Data_GPS
dataGps: {
  timestamp: 1766448818
  geo: {
    lat: 29.6983585357666
    lon: -82.26998901367188
  }
  altM: 42.72364807128906
  gndSpdKts: 0.04899999871850014
  gndTrkDegt: 236.6263885498047
  magVarDeg: 6.542793273925781
  valid: true
}

message on port 8384:
[10, 6, 78, 51, 52, 50, 77, 69, 18, 36, 57, 52, 49, 99, 51, 49, 98, 56, 45, 53, 53, 102, 53, 45, 52, 54, 50, 51, 45, 97, 55, 48, 50, 45, 57, 102, 48, 99, 49, 52, 98, 98, 101, 97, 98, 48, 24, 3, 50, 65, 8, 178, 189, 167, 202, 6, 24, 1, 37, 0, 76, 6, 64, 40, 1, 53, 0, 156, 159, 191, 56, 1, 69, 34, 126, 113, 67, 72, 1, 85, 255, 250, 157, 60, 88, 1, 101, 197, 143, 134, 194, 104, 1, 117, 64, 61, 38, 64, 120, 1, 133, 1, 0, 0, 0, 0, 136, 1, 1, 149, 1, 0, 0, 0, 0]
systemId: N342ME
endpointUuid: 941c31b8-55f5-4623-a702-9f0c14bbeab0
msgType: BcastMsgType_Data_ADAHRS
dataAdahrs: {
  timestamp: 1766448818
  pitchValid: true
  pitchDeg: 2.098388671875
  rollValid: true
  rollDeg: -1.2469482421875
  headingValid: true
  headingDegm: 241.49270629882812
  lateralAccelValid: true
  lateralAccelG: 0.019284723326563835
  altPresValid: true
  altPresMslM: -67.28079986572266
  altIndValid: true
  altIndMslM: 2.5974884033203125
  airspeedTrueValid: true
  airspeedTrueKts: 0.0
  airspeedIndValid: true
  airspeedIndKts: 0.0
}

4000:Traffic: N342ME/A3C5D4 29.698,-82.270 NIC=10 NACp=10 palt=0 palt=0
4000:Traffic: PDT5973/A89076 29.699,-82.323 NIC=8 NACp=9 palt=500 palt=500
message on port 8384:
[10, 6, 78, 51, 52, 50, 77, 69, 18, 36, 57, 52, 49, 99, 51, 49, 98, 56, 45, 53, 53, 102, 53, 45, 52, 54, 50, 51, 45, 97, 55, 48, 50, 45, 57, 102, 48, 99, 49, 52, 98, 98, 101, 97, 98, 48, 24, 4, 58, 34, 10, 32, 126, 20, 0, 163, 197, 212, 21, 30, 107, 197, 127, 51, 2, 130, 170, 0, 0, 0, 0, 1, 78, 51, 52, 50, 77, 69, 32, 32, 0, 138, 176, 126]
systemId: N342ME
endpointUuid: 941c31b8-55f5-4623-a702-9f0c14bbeab0
msgType: BcastMsgType_Data_ADSB
dataAdsb: {
  rawData: [126, 20, 0, 163, 197, 212, 21, 30, 107, 197, 127, 51, 2, 130, 170, 0, 0, 0, 0, 1, 78, 51, 52, 50, 77, 69, 32, 32, 0, 138, 176, 126]
}

message on port 8384:
[10, 6, 78, 51, 52, 50, 77, 69, 18, 36, 57, 52, 49, 99, 51, 49, 98, 56, 45, 53, 53, 102, 53, 45, 52, 54, 50, 51, 45, 97, 55, 48, 50, 45, 57, 102, 48, 99, 49, 52, 98, 98, 101, 97, 98, 48, 24, 4, 58, 34, 10, 32, 126, 20, 0, 168, 144, 118, 21, 30, 119, 197, 117, 162, 3, 202, 137, 7, 255, 246, 72, 2, 80, 68, 84, 53, 57, 55, 51, 32, 0, 227, 212, 126]
systemId: N342ME
endpointUuid: 941c31b8-55f5-4623-a702-9f0c14bbeab0
msgType: BcastMsgType_Data_ADSB
dataAdsb: {
  rawData: [126, 20, 0, 168, 144, 118, 21, 30, 119, 197, 117, 162, 3, 202, 137, 7, 255, 246, 72, 2, 80, 68, 84, 53, 57, 55, 51, 32, 0, 227, 212, 126]
}

message on port 8384:
[10, 6, 78, 51, 52, 50, 77, 69, 18, 36, 57, 52, 49, 99, 51, 49, 98, 56, 45, 53, 53, 102, 53, 45, 52, 54, 50, 51, 45, 97, 55, 48, 50, 45, 57, 102, 48, 99, 49, 52, 98, 98, 101, 97, 98, 48, 24, 2, 42, 40, 8, 178, 189, 167, 202, 6, 18, 10, 13, 61, 150, 237, 65, 21, 60, 138, 164, 194, 29, 55, 24, 44, 66, 37, 57, 180, 72, 61, 45, 91, 160, 108, 67, 53, 144, 94, 209, 64, 56, 1]
systemId: N342ME
endpointUuid: 941c31b8-55f5-4623-a702-9f0c14bbeab0
msgType: BcastMsgType_Data_GPS
dataGps: {
  timestamp: 1766448818
  geo: {
    lat: 29.6983585357666
    lon: -82.26998901367188
  }
  altM: 43.02364730834961
  gndSpdKts: 0.04899999871850014
  gndTrkDegt: 236.6263885498047
  magVarDeg: 6.542793273925781
  valid: true
}

message on port 8384:
[10, 6, 78, 51, 52, 50, 77, 69, 18, 36, 57, 52, 49, 99, 51, 49, 98, 56, 45, 53, 53, 102, 53, 45, 52, 54, 50, 51, 45, 97, 55, 48, 50, 45, 57, 102, 48, 99, 49, 52, 98, 98, 101, 97, 98, 48, 24, 3, 50, 65, 8, 178, 189, 167, 202, 6, 24, 1, 37, 0, 76, 6, 64, 40, 1, 53, 0, 136, 164, 191, 56, 1, 69, 90, 130, 113, 67, 72, 1, 85, 165, 66, 197, 60, 88, 1, 101, 197, 143, 134, 194, 104, 1, 117, 64, 61, 38, 64, 120, 1, 133, 1, 0, 0, 0, 0, 136, 1, 1, 149, 1, 0, 0, 0, 0]
systemId: N342ME
endpointUuid: 941c31b8-55f5-4623-a702-9f0c14bbeab0
msgType: BcastMsgType_Data_ADAHRS
dataAdahrs: {
  timestamp: 1766448818
  pitchValid: true
  pitchDeg: 2.098388671875
  rollValid: true
  rollDeg: -1.285400390625
  headingValid: true
  headingDegm: 241.50918579101562
  lateralAccelValid: true
  lateralAccelG: 0.02407963015139103
  altPresValid: true
  altPresMslM: -67.28079986572266
  altIndValid: true
  altIndMslM: 2.5974884033203125
  airspeedTrueValid: true
  airspeedTrueKts: 0.0
  airspeedIndValid: true
  airspeedIndKts: 0.0
}

message on port 8384:
[10, 6, 78, 51, 52, 50, 77, 69, 18, 36, 57, 52, 49, 99, 51, 49, 98, 56, 45, 53, 53, 102, 53, 45, 52, 54, 50, 51, 45, 97, 55, 48, 50, 45, 57, 102, 48, 99, 49, 52, 98, 98, 101, 97, 98, 48, 24, 2, 42, 40, 8, 178, 189, 167, 202, 6, 18, 10, 13, 61, 150, 237, 65, 21, 60, 138, 164, 194, 29, 55, 24, 44, 66, 37, 240, 167, 198, 61, 45, 91, 160, 108, 67, 53, 144, 94, 209, 64, 56, 1]
systemId: N342ME
endpointUuid: 941c31b8-55f5-4623-a702-9f0c14bbeab0
msgType: BcastMsgType_Data_GPS
dataGps: {
  timestamp: 1766448818
  geo: {
    lat: 29.6983585357666
    lon: -82.26998901367188
  }
  altM: 43.02364730834961
  gndSpdKts: 0.09700000286102295
  gndTrkDegt: 236.6263885498047
  magVarDeg: 6.542793273925781
  valid: true
}

message on port 8384:
[10, 6, 78, 51, 52, 50, 77, 69, 18, 36, 57, 52, 49, 99, 51, 49, 98, 56, 45, 53, 53, 102, 53, 45, 52, 54, 50, 51, 45, 97, 55, 48, 50, 45, 57, 102, 48, 99, 49, 52, 98, 98, 101, 97, 98, 48, 24, 3, 50, 65, 8, 178, 189, 167, 202, 6, 24, 1, 37, 0, 70, 12, 64, 40, 1, 53, 0, 136, 164, 191, 56, 1, 69, 98, 137, 113, 67, 72, 1, 85, 194, 240, 171, 60, 88, 1, 101, 197, 143, 134, 194, 104, 1, 117, 64, 61, 38, 64, 120, 1, 133, 1, 0, 0, 0, 0, 136, 1, 1, 149, 1, 0, 0, 0, 0]
systemId: N342ME
endpointUuid: 941c31b8-55f5-4623-a702-9f0c14bbeab0
msgType: BcastMsgType_Data_ADAHRS
dataAdahrs: {
  timestamp: 1766448818
  pitchValid: true
  pitchDeg: 2.1917724609375
  rollValid: true
  rollDeg: -1.285400390625
  headingValid: true
  headingDegm: 241.53665161132812
  lateralAccelValid: true
  lateralAccelG: 0.0209888257086277
  altPresValid: true
  altPresMslM: -67.28079986572266
  altIndValid: true
  altIndMslM: 2.5974884033203125
  airspeedTrueValid: true
  airspeedTrueKts: 0.0
  airspeedIndValid: true
  airspeedIndKts: 0.0
}

message on port 8384:
[10, 6, 78, 51, 52, 50, 77, 69, 18, 36, 57, 52, 49, 99, 51, 49, 98, 56, 45, 53, 53, 102, 53, 45, 52, 54, 50, 51, 45, 97, 55, 48, 50, 45, 57, 102, 48, 99, 49, 52, 98, 98, 101, 97, 98, 48, 24, 2, 42, 40, 8, 178, 189, 167, 202, 6, 18, 10, 13, 61, 150, 237, 65, 21, 60, 138, 164, 194, 29, 55, 24, 44, 66, 37, 223, 79, 141, 61, 45, 91, 160, 108, 67, 53, 144, 94, 209, 64, 56, 1]
systemId: N342ME
endpointUuid: 941c31b8-55f5-4623-a702-9f0c14bbeab0
msgType: BcastMsgType_Data_GPS
dataGps: {
  timestamp: 1766448818
  geo: {
    lat: 29.6983585357666
    lon: -82.26998901367188
  }
  altM: 43.02364730834961
  gndSpdKts: 0.0689999982714653
  gndTrkDegt: 236.6263885498047
  magVarDeg: 6.542793273925781
  valid: true
}

message on port 8384:
[10, 6, 78, 51, 52, 50, 77, 69, 18, 36, 57, 52, 49, 99, 51, 49, 98, 56, 45, 53, 53, 102, 53, 45, 52, 54, 50, 51, 45, 97, 55, 48, 50, 45, 57, 102, 48, 99, 49, 52, 98, 98, 101, 97, 98, 48, 24, 3, 50, 65, 8, 178, 189, 167, 202, 6, 24, 1, 37, 0, 70, 12, 64, 40, 1, 53, 0, 184, 161, 191, 56, 1, 69, 2, 143, 113, 67, 72, 1, 85, 83, 177, 174, 60, 88, 1, 101, 197, 143, 134, 194, 104, 1, 117, 64, 61, 38, 64, 120, 1, 133, 1, 0, 0, 0, 0, 136, 1, 1, 149, 1, 0, 0, 0, 0]
systemId: N342ME
endpointUuid: 941c31b8-55f5-4623-a702-9f0c14bbeab0
msgType: BcastMsgType_Data_ADAHRS
dataAdahrs: {
  timestamp: 1766448818
  pitchValid: true
  pitchDeg: 2.1917724609375
  rollValid: true
  rollDeg: -1.263427734375
  headingValid: true
  headingDegm: 241.55862426757812
  lateralAccelValid: true
  lateralAccelG: 0.02132478915154934
  altPresValid: true
  altPresMslM: -67.28079986572266
  altIndValid: true
  altIndMslM: 2.5974884033203125
  airspeedTrueValid: true
  airspeedTrueKts: 0.0
  airspeedIndValid: true
  airspeedIndKts: 0.0
}

message on port 8384:
[10, 6, 78, 51, 52, 50, 77, 69, 18, 36, 57, 52, 49, 99, 51, 49, 98, 56, 45, 53, 53, 102, 53, 45, 52, 54, 50, 51, 45, 97, 55, 48, 50, 45, 57, 102, 48, 99, 49, 52, 98, 98, 101, 97, 98, 48, 24, 2, 42, 40, 8, 178, 189, 167, 202, 6, 18, 10, 13, 61, 150, 237, 65, 21, 60, 138, 164, 194, 29, 55, 24, 44, 66, 37, 76, 55, 137, 61, 45, 91, 160, 108, 67, 53, 144, 94, 209, 64, 56, 1]
systemId: N342ME
endpointUuid: 941c31b8-55f5-4623-a702-9f0c14bbeab0
msgType: BcastMsgType_Data_GPS
dataGps: {
  timestamp: 1766448818
  geo: {
    lat: 29.6983585357666
    lon: -82.26998901367188
  }
  altM: 43.02364730834961
  gndSpdKts: 0.06700000166893005
  gndTrkDegt: 236.6263885498047
  magVarDeg: 6.542793273925781
  valid: true
}

message on port 8384:
[10, 6, 78, 51, 52, 50, 77, 69, 18, 36, 57, 52, 49, 99, 51, 49, 98, 56, 45, 53, 53, 102, 53, 45, 52, 54, 50, 51, 45, 97, 55, 48, 50, 45, 57, 102, 48, 99, 49, 52, 98, 98, 101, 97, 98, 48, 24, 3, 50, 65, 8, 178, 189, 167, 202, 6, 24, 1, 37, 0, 174, 13, 64, 40, 1, 53, 0, 184, 161, 191, 56, 1, 69, 162, 148, 113, 67, 72, 1, 85, 70, 115, 184, 60, 88, 1, 101, 197, 143, 134, 194, 104, 1, 117, 64, 61, 38, 64, 120, 1, 133, 1, 0, 0, 0, 0, 136, 1, 1, 149, 1, 0, 0, 0, 0]
systemId: N342ME
endpointUuid: 941c31b8-55f5-4623-a702-9f0c14bbeab0
msgType: BcastMsgType_Data_ADAHRS
dataAdahrs: {
  timestamp: 1766448818
  pitchValid: true
  pitchDeg: 2.2137451171875
  rollValid: true
  rollDeg: -1.263427734375
  headingValid: true
  headingDegm: 241.58059692382812
  lateralAccelValid: true
  lateralAccelG: 0.022515904158353806
  altPresValid: true
  altPresMslM: -67.28079986572266
  altIndValid: true
  altIndMslM: 2.5974884033203125
  airspeedTrueValid: true
  airspeedTrueKts: 0.0
  airspeedIndValid: true
  airspeedIndKts: 0.0
}

message on port 8384:
[10, 6, 78, 51, 52, 50, 77, 69, 18, 36, 57, 52, 49, 99, 51, 49, 98, 56, 45, 53, 53, 102, 53, 45, 52, 54, 50, 51, 45, 97, 55, 48, 50, 45, 57, 102, 48, 99, 49, 52, 98, 98, 101, 97, 98, 48, 24, 1, 34, 120, 10, 6, 78, 51, 52, 50, 77, 69, 16, 179, 189, 167, 202, 6, 26, 7, 48, 46, 48, 46, 48, 46, 48, 32, 192, 65, 40, 1, 50, 14, 8, 1, 16, 1, 24, 1, 32, 1, 40, 1, 48, 1, 56, 1, 58, 20, 68, 121, 110, 111, 110, 32, 65, 118, 105, 111, 110, 105, 99, 115, 44, 32, 73, 110, 99, 46, 66, 7, 83, 107, 121, 86, 105, 101, 119, 74, 10, 68, 49, 48, 48, 48, 47, 68, 55, 48, 48, 82, 6, 48, 50, 52, 51, 53, 54, 90, 12, 49, 54, 46, 55, 46, 50, 46, 49, 50, 48, 55, 51, 98, 9, 98, 117, 105, 108, 100, 114, 111, 111, 116]
systemId: N342ME
endpointUuid: 941c31b8-55f5-4623-a702-9f0c14bbeab0
msgType: BcastMsgType_Heartbeat
heartbeat: {
  systemId: N342ME
  timestamp: 1766448819
  ipAddress: 0.0.0.0
  ipPort: 8384
  isEfis: true
  capabilities: {
    status: true
    gps: true
    ahrs: true
    adahrs: true
    fplSend: true
    fplReceive: true
    adsb: true
  }
  prodMake: Dynon Avionics, Inc.
  prodName: SkyView
  prodModel: D1000/D700
  prodSerial: 024356
  prodFirmware: 16.7.2.12073
  hostname: buildroot
}

message on port 8384:
[10, 6, 78, 51, 52, 50, 77, 69, 18, 36, 57, 52, 49, 99, 51, 49, 98, 56, 45, 53, 53, 102, 53, 45, 52, 54, 50, 51, 45, 97, 55, 48, 50, 45, 57, 102, 48, 99, 49, 52, 98, 98, 101, 97, 98, 48, 24, 2, 42, 40, 8, 179, 189, 167, 202, 6, 18, 10, 13, 61, 150, 237, 65, 21, 60, 138, 164, 194, 29, 55, 24, 44, 66, 37, 189, 116, 147, 61, 45, 91, 160, 108, 67, 53, 144, 94, 209, 64, 56, 1]
systemId: N342ME
endpointUuid: 941c31b8-55f5-4623-a702-9f0c14bbeab0
msgType: BcastMsgType_Data_GPS
dataGps: {
  timestamp: 1766448819
  geo: {
    lat: 29.6983585357666
    lon: -82.26998901367188
  }
  altM: 43.02364730834961
  gndSpdKts: 0.07200000435113907
  gndTrkDegt: 236.6263885498047
  magVarDeg: 6.542793273925781
  valid: true
}

message on port 8384:
[10, 6, 78, 51, 52, 50, 77, 69, 18, 36, 57, 52, 49, 99, 51, 49, 98, 56, 45, 53, 53, 102, 53, 45, 52, 54, 50, 51, 45, 97, 55, 48, 50, 45, 57, 102, 48, 99, 49, 52, 98, 98, 101, 97, 98, 48, 24, 3, 50, 65, 8, 179, 189, 167, 202, 6, 24, 1, 37, 0, 174, 13, 64, 40, 1, 53, 0, 184, 161, 191, 56, 1, 69, 170, 155, 113, 67, 72, 1, 85, 127, 98, 165, 60, 88, 1, 101, 197, 143, 134, 194, 104, 1, 117, 64, 61, 38, 64, 120, 1, 133, 1, 0, 0, 0, 0, 136, 1, 1, 149, 1, 0, 0, 0, 0]
systemId: N342ME
endpointUuid: 941c31b8-55f5-4623-a702-9f0c14bbeab0
msgType: BcastMsgType_Data_ADAHRS
dataAdahrs: {
  timestamp: 1766448819
  pitchValid: true
  pitchDeg: 2.2137451171875
  rollValid: true
  rollDeg: -1.263427734375
  headingValid: true
  headingDegm: 241.60806274414062
  lateralAccelValid: true
  lateralAccelG: 0.02018856815993786
  altPresValid: true
  altPresMslM: -67.28079986572266
  altIndValid: true
  altIndMslM: 2.5974884033203125
  airspeedTrueValid: true
  airspeedTrueKts: 0.0
  airspeedIndValid: true
  airspeedIndKts: 0.0
}

4000:Traffic: N342ME/A3C5D4 29.698,-82.270 NIC=10 NACp=10 palt=0 palt=0
4000:Traffic: PDT5973/A89076 29.699,-82.323 NIC=8 NACp=9 palt=500 palt=500
message on port 8384:
[10, 6, 78, 51, 52, 50, 77, 69, 18, 36, 57, 52, 49, 99, 51, 49, 98, 56, 45, 53, 53, 102, 53, 45, 52, 54, 50, 51, 45, 97, 55, 48, 50, 45, 57, 102, 48, 99, 49, 52, 98, 98, 101, 97, 98, 48, 24, 4, 58, 34, 10, 32, 126, 20, 0, 163, 197, 212, 21, 30, 107, 197, 127, 51, 2, 130, 170, 0, 0, 0, 0, 1, 78, 51, 52, 50, 77, 69, 32, 32, 0, 138, 176, 126]
systemId: N342ME
endpointUuid: 941c31b8-55f5-4623-a702-9f0c14bbeab0
msgType: BcastMsgType_Data_ADSB
dataAdsb: {
  rawData: [126, 20, 0, 163, 197, 212, 21, 30, 107, 197, 127, 51, 2, 130, 170, 0, 0, 0, 0, 1, 78, 51, 52, 50, 77, 69, 32, 32, 0, 138, 176, 126]
}

message on port 8384:
[10, 6, 78, 51, 52, 50, 77, 69, 18, 36, 57, 52, 49, 99, 51, 49, 98, 56, 45, 53, 53, 102, 53, 45, 52, 54, 50, 51, 45, 97, 55, 48, 50, 45, 57, 102, 48, 99, 49, 52, 98, 98, 101, 97, 98, 48, 24, 4, 58, 34, 10, 32, 126, 20, 0, 168, 144, 118, 21, 30, 119, 197, 117, 162, 3, 202, 137, 7, 255, 246, 72, 2, 80, 68, 84, 53, 57, 55, 51, 32, 0, 227, 212, 126]
systemId: N342ME
endpointUuid: 941c31b8-55f5-4623-a702-9f0c14bbeab0
msgType: BcastMsgType_Data_ADSB
dataAdsb: {
  rawData: [126, 20, 0, 168, 144, 118, 21, 30, 119, 197, 117, 162, 3, 202, 137, 7, 255, 246, 72, 2, 80, 68, 84, 53, 57, 55, 51, 32, 0, 227, 212, 126]
}

message on port 8384:
[10, 6, 78, 51, 52, 50, 77, 69, 18, 36, 57, 52, 49, 99, 51, 49, 98, 56, 45, 53, 53, 102, 53, 45, 52, 54, 50, 51, 45, 97, 55, 48, 50, 45, 57, 102, 48, 99, 49, 52, 98, 98, 101, 97, 98, 48, 24, 2, 42, 40, 8, 179, 189, 167, 202, 6, 18, 10, 13, 61, 150, 237, 65, 21, 60, 138, 164, 194, 29, 55, 24, 44, 66, 37, 143, 194, 245, 60, 45, 91, 160, 108, 67, 53, 144, 94, 209, 64, 56, 1]
systemId: N342ME
endpointUuid: 941c31b8-55f5-4623-a702-9f0c14bbeab0
msgType: BcastMsgType_Data_GPS
dataGps: {
  timestamp: 1766448819
  geo: {
    lat: 29.6983585357666
    lon: -82.26998901367188
  }
  altM: 43.02364730834961
  gndSpdKts: 0.029999999329447746
  gndTrkDegt: 236.6263885498047
  magVarDeg: 6.542793273925781
  valid: true
}

message on port 8384:
[10, 6, 78, 51, 52, 50, 77, 69, 18, 36, 57, 52, 49, 99, 51, 49, 98, 56, 45, 53, 53, 102, 53, 45, 52, 54, 50, 51, 45, 97, 55, 48, 50, 45, 57, 102, 48, 99, 49, 52, 98, 98, 101, 97, 98, 48, 24, 3, 50, 65, 8, 179, 189, 167, 202, 6, 24, 1, 37, 0, 70, 12, 64, 40, 1, 53, 0, 24, 156, 191, 56, 1, 69, 162, 148, 113, 67, 72, 1, 85, 229, 144, 176, 60, 88, 1, 101, 197, 15, 134, 194, 104, 1, 117, 64, 61, 38, 64, 120, 1, 133, 1, 0, 0, 0, 0, 136, 1, 1, 149, 1, 0, 0, 0, 0]
systemId: N342ME
endpointUuid: 941c31b8-55f5-4623-a702-9f0c14bbeab0
msgType: BcastMsgType_Data_ADAHRS
dataAdahrs: {
  timestamp: 1766448819
  pitchValid: true
  pitchDeg: 2.1917724609375
  rollValid: true
  rollDeg: -1.219482421875
  headingValid: true
  headingDegm: 241.58059692382812
  lateralAccelValid: true
  lateralAccelG: 0.021553466096520424
  altPresValid: true
  altPresMslM: -67.03079986572266
  altIndValid: true
  altIndMslM: 2.5974884033203125
  airspeedTrueValid: true
  airspeedTrueKts: 0.0
  airspeedIndValid: true
  airspeedIndKts: 0.0
}

message on port 8384:
[10, 6, 78, 51, 52, 50, 77, 69, 18, 36, 57, 52, 49, 99, 51, 49, 98, 56, 45, 53, 53, 102, 53, 45, 52, 54, 50, 51, 45, 97, 55, 48, 50, 45, 57, 102, 48, 99, 49, 52, 98, 98, 101, 97, 98, 48, 24, 2, 42, 40, 8, 179, 189, 167, 202, 6, 18, 10, 13, 61, 150, 237, 65, 21, 61, 138, 164, 194, 29, 55, 24, 44, 66, 37, 27, 47, 221, 60, 45, 91, 160, 108, 67, 53, 136, 94, 209, 64, 56, 1]
systemId: N342ME
endpointUuid: 941c31b8-55f5-4623-a702-9f0c14bbeab0
msgType: BcastMsgType_Data_GPS
dataGps: {
  timestamp: 1766448819
  geo: {
    lat: 29.6983585357666
    lon: -82.2699966430664
  }
  altM: 43.02364730834961
  gndSpdKts: 0.027000000700354576
  gndTrkDegt: 236.6263885498047
  magVarDeg: 6.542789459228516
  valid: true
}

message on port 8384:
[10, 6, 78, 51, 52, 50, 77, 69, 18, 36, 57, 52, 49, 99, 51, 49, 98, 56, 45, 53, 53, 102, 53, 45, 52, 54, 50, 51, 45, 97, 55, 48, 50, 45, 57, 102, 48, 99, 49, 52, 98, 98, 101, 97, 98, 48, 24, 3, 50, 65, 8, 179, 189, 167, 202, 6, 24, 1, 37, 0, 70, 12, 64, 40, 1, 53, 0, 24, 156, 191, 56, 1, 69, 170, 155, 113, 67, 72, 1, 85, 164, 232, 201, 60, 88, 1, 101, 197, 15, 134, 194, 104, 1, 117, 64, 61, 54, 64, 120, 1, 133, 1, 0, 0, 0, 0, 136, 1, 1, 149, 1, 0, 0, 0, 0]
systemId: N342ME
endpointUuid: 941c31b8-55f5-4623-a702-9f0c14bbeab0
msgType: BcastMsgType_Data_ADAHRS
dataAdahrs: {
  timestamp: 1766448819
  pitchValid: true
  pitchDeg: 2.1917724609375
  rollValid: true
  rollDeg: -1.219482421875
  headingValid: true
  headingDegm: 241.60806274414062
  lateralAccelValid: true
  lateralAccelG: 0.0246470645070076
  altPresValid: true
  altPresMslM: -67.03079986572266
  altIndValid: true
  altIndMslM: 2.8474884033203125
  airspeedTrueValid: true
  airspeedTrueKts: 0.0
  airspeedIndValid: true
  airspeedIndKts: 0.0
}

4000:Uplink, 436 bytes
message on port 8384:
[10, 6, 78, 51, 52, 50, 77, 69, 18, 36, 57, 52, 49, 99, 51, 49, 98, 56, 45, 53, 53, 102, 53, 45, 52, 54, 50, 51, 45, 97, 55, 48, 50, 45, 57, 102, 48, 99, 49, 52, 98, 98, 101, 97, 98, 48, 24, 4, 58, 187, 3, 10, 184, 3, 126, 7, 0, 0, 0, 42, 60, 15, 138, 250, 224, 168, 128, 0, 0, 0, 0, 0, 0, 0, 0, 0, 0, 0, 0, 0, 0, 0, 0, 0, 0, 0, 0, 0, 0, 0, 0, 0, 0, 0, 0, 0, 0, 0, 0, 0, 0, 0, 0, 0, 0, 0, 0, 0, 0, 0, 0, 0, 0, 0, 0, 0, 0, 0, 0, 0, 0, 0, 0, 0, 0, 0, 0, 0, 0, 0, 0, 0, 0, 0, 0, 0, 0, 0, 0, 0, 0, 0, 0, 0, 0, 0, 0, 0, 0, 0, 0, 0, 0, 0, 0, 0, 0, 0, 0, 0, 0, 0, 0, 0, 0, 0, 0, 0, 0, 0, 0, 0, 0, 0, 0, 0, 0, 0, 0, 0, 0, 0, 0, 0, 0, 0, 0, 0, 0, 0, 0, 0, 0, 0, 0, 0, 0, 0, 0, 0, 0, 0, 0, 0, 0, 0, 0, 0, 0, 0, 0, 0, 0, 0, 0, 0, 0, 0, 0, 0, 0, 0, 0, 0, 0, 0, 0, 0, 0, 0, 0, 0, 0, 0, 0, 0, 0, 0, 0, 0, 0, 0, 0, 0, 0, 0, 0, 0, 0, 0, 0, 0, 0, 0, 0, 0, 0, 0, 0, 0, 0, 0, 0, 0, 0, 0, 0, 0, 0, 0, 0, 0, 0, 0, 0, 0, 0, 0, 0, 0, 0, 0, 0, 0, 0, 0, 0, 0, 0, 0, 0, 0, 0, 0, 0, 0, 0, 0, 0, 0, 0, 0, 0, 0, 0, 0, 0, 0, 0, 0, 0, 0, 0, 0, 0, 0, 0, 0, 0, 0, 0, 0, 0, 0, 0, 0, 0, 0, 0, 0, 0, 0, 0, 0, 0, 0, 0, 0, 0, 0, 0, 0, 0, 0, 0, 0, 0, 0, 0, 0, 0, 0, 0, 0, 0, 0, 0, 0, 0, 0, 0, 0, 0, 0, 0, 0, 0, 0, 0, 0, 0, 0, 0, 0, 0, 0, 0, 0, 0, 0, 0, 0, 0, 0, 0, 0, 0, 0, 0, 0, 0, 0, 0, 0, 0, 0, 0, 0, 0, 0, 0, 0, 0, 0, 0, 0, 0, 0, 0, 0, 0, 0, 0, 0, 0, 0, 0, 0, 0, 0, 0, 0, 0, 0, 0, 0, 0, 0, 0, 0, 0, 0, 0, 0, 0, 0, 0, 0, 0, 0, 0, 0, 0, 0, 0, 0, 0, 0, 0, 0, 0, 0, 0, 0, 0, 0, 0, 0, 0, 0, 0, 0, 0, 0, 0, 0, 0, 0, 0, 0, 0, 0, 0, 0, 0, 0, 0, 0, 0, 0, 0, 0, 0, 0, 0, 0, 0, 0, 0, 0, 0, 54, 86, 126]
systemId: N342ME
endpointUuid: 941c31b8-55f5-4623-a702-9f0c14bbeab0
msgType: BcastMsgType_Data_ADSB
dataAdsb: {
  rawData: [126, 7, 0, 0, 0, 42, 60, 15, 138, 250, 224, 168, 128, 0, 0, 0, 0, 0, 0, 0, 0, 0, 0, 0, 0, 0, 0, 0, 0, 0, 0, 0, 0, 0, 0, 0, 0, 0, 0, 0, 0, 0, 0, 0, 0, 0, 0, 0, 0, 0, 0, 0, 0, 0, 0, 0, 0, 0, 0, 0, 0, 0, 0, 0, 0, 0, 0, 0, 0, 0, 0, 0, 0, 0, 0, 0, 0, 0, 0, 0, 0, 0, 0, 0, 0, 0, 0, 0, 0, 0, 0, 0, 0, 0, 0, 0, 0, 0, 0, 0, 0, 0, 0, 0, 0, 0, 0, 0, 0, 0, 0, 0, 0, 0, 0, 0, 0, 0, 0, 0, 0, 0, 0, 0, 0, 0, 0, 0, 0, 0, 0, 0, 0, 0, 0, 0, 0, 0, 0, 0, 0, 0, 0, 0, 0, 0, 0, 0, 0, 0, 0, 0, 0, 0, 0, 0, 0, 0, 0, 0, 0, 0, 0, 0, 0, 0, 0, 0, 0, 0, 0, 0, 0, 0, 0, 0, 0, 0, 0, 0, 0, 0, 0, 0, 0, 0, 0, 0, 0, 0, 0, 0, 0, 0, 0, 0, 0, 0, 0, 0, 0, 0, 0, 0, 0, 0, 0, 0, 0, 0, 0, 0, 0, 0, 0, 0, 0, 0, 0, 0, 0, 0, 0, 0, 0, 0, 0, 0, 0, 0, 0, 0, 0, 0, 0, 0, 0, 0, 0, 0, 0, 0, 0, 0, 0, 0, 0, 0, 0, 0, 0, 0, 0, 0, 0, 0, 0, 0, 0, 0, 0, 0, 0, 0, 0, 0, 0, 0, 0, 0, 0, 0, 0, 0, 0, 0, 0, 0, 0, 0, 0, 0, 0, 0, 0, 0, 0, 0, 0, 0, 0, 0, 0, 0, 0, 0, 0, 0, 0, 0, 0, 0, 0, 0, 0, 0, 0, 0, 0, 0, 0, 0, 0, 0, 0, 0, 0, 0, 0, 0, 0, 0, 0, 0, 0, 0, 0, 0, 0, 0, 0, 0, 0, 0, 0, 0, 0, 0, 0, 0, 0, 0, 0, 0, 0, 0, 0, 0, 0, 0, 0, 0, 0, 0, 0, 0, 0, 0, 0, 0, 0, 0, 0, 0, 0, 0, 0, 0, 0, 0, 0, 0, 0, 0, 0, 0, 0, 0, 0, 0, 0, 0, 0, 0, 0, 0, 0, 0, 0, 0, 0, 0, 0, 0, 0, 0, 0, 0, 0, 0, 0, 0, 0, 0, 0, 0, 0, 0, 0, 0, 0, 0, 0, 0, 0, 0, 0, 0, 0, 0, 0, 0, 0, 0, 0, 0, 0, 0, 0, 0, 0, 0, 0, 0, 0, 0, 0, 54, 86, 126]
}

message on port 8384:
[10, 6, 78, 51, 52, 50, 77, 69, 18, 36, 57, 52, 49, 99, 51, 49, 98, 56, 45, 53, 53, 102, 53, 45, 52, 54, 50, 51, 45, 97, 55, 48, 50, 45, 57, 102, 48, 99, 49, 52, 98, 98, 101, 97, 98, 48, 24, 2, 42, 40, 8, 179, 189, 167, 202, 6, 18, 10, 13, 61, 150, 237, 65, 21, 61, 138, 164, 194, 29, 157, 126, 44, 66, 37, 27, 47, 221, 60, 45, 91, 160, 108, 67, 53, 136, 94, 209, 64, 56, 1]
systemId: N342ME
endpointUuid: 941c31b8-55f5-4623-a702-9f0c14bbeab0
msgType: BcastMsgType_Data_GPS
dataGps: {
  timestamp: 1766448819
  geo: {
    lat: 29.6983585357666
    lon: -82.2699966430664
  }
  altM: 43.1236457824707
  gndSpdKts: 0.027000000700354576
  gndTrkDegt: 236.6263885498047
  magVarDeg: 6.542789459228516
  valid: true
}

message on port 8384:
[10, 6, 78, 51, 52, 50, 77, 69, 18, 36, 57, 52, 49, 99, 51, 49, 98, 56, 45, 53, 53, 102, 53, 45, 52, 54, 50, 51, 45, 97, 55, 48, 50, 45, 57, 102, 48, 99, 49, 52, 98, 98, 101, 97, 98, 48, 24, 3, 50, 65, 8, 179, 189, 167, 202, 6, 24, 1, 37, 0, 70, 12, 64, 40, 1, 53, 0, 128, 157, 191, 56, 1, 69, 226, 159, 113, 67, 72, 1, 85, 108, 236, 181, 60, 88, 1, 101, 197, 15, 134, 194, 104, 1, 117, 64, 61, 54, 64, 120, 1, 133, 1, 0, 0, 0, 0, 136, 1, 1, 149, 1, 0, 0, 0, 0]
systemId: N342ME
endpointUuid: 941c31b8-55f5-4623-a702-9f0c14bbeab0
msgType: BcastMsgType_Data_ADAHRS
dataAdahrs: {
  timestamp: 1766448819
  pitchValid: true
  pitchDeg: 2.1917724609375
  rollValid: true
  rollDeg: -1.23046875
  headingValid: true
  headingDegm: 241.62454223632812
  lateralAccelValid: true
  lateralAccelG: 0.022207461297512054
  altPresValid: true
  altPresMslM: -67.03079986572266
  altIndValid: true
  altIndMslM: 2.8474884033203125
  airspeedTrueValid: true
  airspeedTrueKts: 0.0
  airspeedIndValid: true
  airspeedIndKts: 0.0
}

4000:Uplink, 436 bytes
message on port 8384:
[10, 6, 78, 51, 52, 50, 77, 69, 18, 36, 57, 52, 49, 99, 51, 49, 98, 56, 45, 53, 53, 102, 53, 45, 52, 54, 50, 51, 45, 97, 55, 48, 50, 45, 57, 102, 48, 99, 49, 52, 98, 98, 101, 97, 98, 48, 24, 4, 58, 187, 3, 10, 184, 3, 126, 7, 0, 0, 0, 42, 60, 15, 138, 250, 224, 191, 128, 0, 0, 0, 0, 0, 0, 0, 0, 0, 0, 0, 0, 0, 0, 0, 0, 0, 0, 0, 0, 0, 0, 0, 0, 0, 0, 0, 0, 0, 0, 0, 0, 0, 0, 0, 0, 0, 0, 0, 0, 0, 0, 0, 0, 0, 0, 0, 0, 0, 0, 0, 0, 0, 0, 0, 0, 0, 0, 0, 0, 0, 0, 0, 0, 0, 0, 0, 0, 0, 0, 0, 0, 0, 0, 0, 0, 0, 0, 0, 0, 0, 0, 0, 0, 0, 0, 0, 0, 0, 0, 0, 0, 0, 0, 0, 0, 0, 0, 0, 0, 0, 0, 0, 0, 0, 0, 0, 0, 0, 0, 0, 0, 0, 0, 0, 0, 0, 0, 0, 0, 0, 0, 0, 0, 0, 0, 0, 0, 0, 0, 0, 0, 0, 0, 0, 0, 0, 0, 0, 0, 0, 0, 0, 0, 0, 0, 0, 0, 0, 0, 0, 0, 0, 0, 0, 0, 0, 0, 0, 0, 0, 0, 0, 0, 0, 0, 0, 0, 0, 0, 0, 0, 0, 0, 0, 0, 0, 0, 0, 0, 0, 0, 0, 0, 0, 0, 0, 0, 0, 0, 0, 0, 0, 0, 0, 0, 0, 0, 0, 0, 0, 0, 0, 0, 0, 0, 0, 0, 0, 0, 0, 0, 0, 0, 0, 0, 0, 0, 0, 0, 0, 0, 0, 0, 0, 0, 0, 0, 0, 0, 0, 0, 0, 0, 0, 0, 0, 0, 0, 0, 0, 0, 0, 0, 0, 0, 0, 0, 0, 0, 0, 0, 0, 0, 0, 0, 0, 0, 0, 0, 0, 0, 0, 0, 0, 0, 0, 0, 0, 0, 0, 0, 0, 0, 0, 0, 0, 0, 0, 0, 0, 0, 0, 0, 0, 0, 0, 0, 0, 0, 0, 0, 0, 0, 0, 0, 0, 0, 0, 0, 0, 0, 0, 0, 0, 0, 0, 0, 0, 0, 0, 0, 0, 0, 0, 0, 0, 0, 0, 0, 0, 0, 0, 0, 0, 0, 0, 0, 0, 0, 0, 0, 0, 0, 0, 0, 0, 0, 0, 0, 0, 0, 0, 0, 0, 0, 0, 0, 0, 0, 0, 0, 0, 0, 0, 0, 0, 0, 0, 0, 0, 0, 0, 0, 0, 0, 0, 0, 0, 0, 0, 0, 0, 0, 0, 0, 0, 0, 0, 0, 0, 0, 0, 0, 0, 0, 0, 0, 0, 0, 0, 0, 0, 0, 0, 0, 0, 0, 0, 0, 0, 0, 0, 0, 0, 0, 0, 0, 0, 0, 0, 0, 0, 0, 0, 0, 0, 0, 0, 0, 0, 0, 0, 0, 220, 181, 126]
systemId: N342ME
endpointUuid: 941c31b8-55f5-4623-a702-9f0c14bbeab0
msgType: BcastMsgType_Data_ADSB
dataAdsb: {
  rawData: [126, 7, 0, 0, 0, 42, 60, 15, 138, 250, 224, 191, 128, 0, 0, 0, 0, 0, 0, 0, 0, 0, 0, 0, 0, 0, 0, 0, 0, 0, 0, 0, 0, 0, 0, 0, 0, 0, 0, 0, 0, 0, 0, 0, 0, 0, 0, 0, 0, 0, 0, 0, 0, 0, 0, 0, 0, 0, 0, 0, 0, 0, 0, 0, 0, 0, 0, 0, 0, 0, 0, 0, 0, 0, 0, 0, 0, 0, 0, 0, 0, 0, 0, 0, 0, 0, 0, 0, 0, 0, 0, 0, 0, 0, 0, 0, 0, 0, 0, 0, 0, 0, 0, 0, 0, 0, 0, 0, 0, 0, 0, 0, 0, 0, 0, 0, 0, 0, 0, 0, 0, 0, 0, 0, 0, 0, 0, 0, 0, 0, 0, 0, 0, 0, 0, 0, 0, 0, 0, 0, 0, 0, 0, 0, 0, 0, 0, 0, 0, 0, 0, 0, 0, 0, 0, 0, 0, 0, 0, 0, 0, 0, 0, 0, 0, 0, 0, 0, 0, 0, 0, 0, 0, 0, 0, 0, 0, 0, 0, 0, 0, 0, 0, 0, 0, 0, 0, 0, 0, 0, 0, 0, 0, 0, 0, 0, 0, 0, 0, 0, 0, 0, 0, 0, 0, 0, 0, 0, 0, 0, 0, 0, 0, 0, 0, 0, 0, 0, 0, 0, 0, 0, 0, 0, 0, 0, 0, 0, 0, 0, 0, 0, 0, 0, 0, 0, 0, 0, 0, 0, 0, 0, 0, 0, 0, 0, 0, 0, 0, 0, 0, 0, 0, 0, 0, 0, 0, 0, 0, 0, 0, 0, 0, 0, 0, 0, 0, 0, 0, 0, 0, 0, 0, 0, 0, 0, 0, 0, 0, 0, 0, 0, 0, 0, 0, 0, 0, 0, 0, 0, 0, 0, 0, 0, 0, 0, 0, 0, 0, 0, 0, 0, 0, 0, 0, 0, 0, 0, 0, 0, 0, 0, 0, 0, 0, 0, 0, 0, 0, 0, 0, 0, 0, 0, 0, 0, 0, 0, 0, 0, 0, 0, 0, 0, 0, 0, 0, 0, 0, 0, 0, 0, 0, 0, 0, 0, 0, 0, 0, 0, 0, 0, 0, 0, 0, 0, 0, 0, 0, 0, 0, 0, 0, 0, 0, 0, 0, 0, 0, 0, 0, 0, 0, 0, 0, 0, 0, 0, 0, 0, 0, 0, 0, 0, 0, 0, 0, 0, 0, 0, 0, 0, 0, 0, 0, 0, 0, 0, 0, 0, 0, 0, 0, 0, 0, 0, 0, 0, 0, 0, 0, 0, 0, 0, 0, 0, 0, 0, 0, 0, 0, 0, 0, 0, 0, 0, 0, 0, 0, 0, 0, 0, 0, 0, 0, 0, 0, 220, 181, 126]
}

message on port 8384:
[10, 6, 78, 51, 52, 50, 77, 69, 18, 36, 57, 52, 49, 99, 51, 49, 98, 56, 45, 53, 53, 102, 53, 45, 52, 54, 50, 51, 45, 97, 55, 48, 50, 45, 57, 102, 48, 99, 49, 52, 98, 98, 101, 97, 98, 48, 24, 2, 42, 40, 8, 179, 189, 167, 202, 6, 18, 10, 13, 61, 150, 237, 65, 21, 61, 138, 164, 194, 29, 157, 126, 44, 66, 37, 27, 47, 93, 61, 45, 91, 160, 108, 67, 53, 136, 94, 209, 64, 56, 1]
systemId: N342ME
endpointUuid: 941c31b8-55f5-4623-a702-9f0c14bbeab0
msgType: BcastMsgType_Data_GPS
dataGps: {
  timestamp: 1766448819
  geo: {
    lat: 29.6983585357666
    lon: -82.2699966430664
  }
  altM: 43.1236457824707
  gndSpdKts: 0.05400000140070915
  gndTrkDegt: 236.6263885498047
  magVarDeg: 6.542789459228516
  valid: true
}

message on port 8384:
[10, 6, 78, 51, 52, 50, 77, 69, 18, 36, 57, 52, 49, 99, 51, 49, 98, 56, 45, 53, 53, 102, 53, 45, 52, 54, 50, 51, 45, 97, 55, 48, 50, 45, 57, 102, 48, 99, 49, 52, 98, 98, 101, 97, 98, 48, 24, 3, 50, 65, 8, 179, 189, 167, 202, 6, 24, 1, 37, 0, 174, 13, 64, 40, 1, 53, 0, 128, 157, 191, 56, 1, 69, 154, 141, 113, 67, 72, 1, 85, 123, 80, 167, 60, 88, 1, 101, 197, 15, 134, 194, 104, 1, 117, 64, 61, 54, 64, 120, 1, 133, 1, 0, 0, 0, 0, 136, 1, 1, 149, 1, 0, 0, 0, 0]
systemId: N342ME
endpointUuid: 941c31b8-55f5-4623-a702-9f0c14bbeab0
msgType: BcastMsgType_Data_ADAHRS
dataAdahrs: {
  timestamp: 1766448819
  pitchValid: true
  pitchDeg: 2.2137451171875
  rollValid: true
  rollDeg: -1.23046875
  headingValid: true
  headingDegm: 241.55313110351562
  lateralAccelValid: true
  lateralAccelG: 0.020424118265509605
  altPresValid: true
  altPresMslM: -67.03079986572266
  altIndValid: true
  altIndMslM: 2.8474884033203125
  airspeedTrueValid: true
  airspeedTrueKts: 0.0
  airspeedIndValid: true
  airspeedIndKts: 0.0
}

message on port 8384:
[10, 6, 78, 51, 52, 50, 77, 69, 18, 36, 57, 52, 49, 99, 51, 49, 98, 56, 45, 53, 53, 102, 53, 45, 52, 54, 50, 51, 45, 97, 55, 48, 50, 45, 57, 102, 48, 99, 49, 52, 98, 98, 101, 97, 98, 48, 24, 1, 34, 120, 10, 6, 78, 51, 52, 50, 77, 69, 16, 180, 189, 167, 202, 6, 26, 7, 48, 46, 48, 46, 48, 46, 48, 32, 192, 65, 40, 1, 50, 14, 8, 1, 16, 1, 24, 1, 32, 1, 40, 1, 48, 1, 56, 1, 58, 20, 68, 121, 110, 111, 110, 32, 65, 118, 105, 111, 110, 105, 99, 115, 44, 32, 73, 110, 99, 46, 66, 7, 83, 107, 121, 86, 105, 101, 119, 74, 10, 68, 49, 48, 48, 48, 47, 68, 55, 48, 48, 82, 6, 48, 50, 52, 51, 53, 54, 90, 12, 49, 54, 46, 55, 46, 50, 46, 49, 50, 48, 55, 51, 98, 9, 98, 117, 105, 108, 100, 114, 111, 111, 116]
systemId: N342ME
endpointUuid: 941c31b8-55f5-4623-a702-9f0c14bbeab0
msgType: BcastMsgType_Heartbeat
heartbeat: {
  systemId: N342ME
  timestamp: 1766448820
  ipAddress: 0.0.0.0
  ipPort: 8384
  isEfis: true
  capabilities: {
    status: true
    gps: true
    ahrs: true
    adahrs: true
    fplSend: true
    fplReceive: true
    adsb: true
  }
  prodMake: Dynon Avionics, Inc.
  prodName: SkyView
  prodModel: D1000/D700
  prodSerial: 024356
  prodFirmware: 16.7.2.12073
  hostname: buildroot
}

message on port 8384:
[10, 6, 78, 51, 52, 50, 77, 69, 18, 36, 57, 52, 49, 99, 51, 49, 98, 56, 45, 53, 53, 102, 53, 45, 52, 54, 50, 51, 45, 97, 55, 48, 50, 45, 57, 102, 48, 99, 49, 52, 98, 98, 101, 97, 98, 48, 24, 2, 42, 40, 8, 180, 189, 167, 202, 6, 18, 10, 13, 61, 150, 237, 65, 21, 61, 138, 164, 194, 29, 157, 126, 44, 66, 37, 42, 92, 15, 61, 45, 91, 160, 108, 67, 53, 136, 94, 209, 64, 56, 1]
systemId: N342ME
endpointUuid: 941c31b8-55f5-4623-a702-9f0c14bbeab0
msgType: BcastMsgType_Data_GPS
dataGps: {
  timestamp: 1766448820
  geo: {
    lat: 29.6983585357666
    lon: -82.2699966430664
  }
  altM: 43.1236457824707
  gndSpdKts: 0.03500000387430191
  gndTrkDegt: 236.6263885498047
  magVarDeg: 6.542789459228516
  valid: true
}

message on port 8384:
[10, 6, 78, 51, 52, 50, 77, 69, 18, 36, 57, 52, 49, 99, 51, 49, 98, 56, 45, 53, 53, 102, 53, 45, 52, 54, 50, 51, 45, 97, 55, 48, 50, 45, 57, 102, 48, 99, 49, 52, 98, 98, 101, 97, 98, 48, 24, 3, 50, 65, 8, 180, 189, 167, 202, 6, 24, 1, 37, 0, 174, 13, 64, 40, 1, 53, 0, 4, 161, 191, 56, 1, 69, 2, 143, 113, 67, 72, 1, 85, 215, 26, 188, 60, 88, 1, 101, 197, 15, 134, 194, 104, 1, 117, 64, 61, 54, 64, 120, 1, 133, 1, 0, 0, 0, 0, 136, 1, 1, 149, 1, 0, 0, 0, 0]
systemId: N342ME
endpointUuid: 941c31b8-55f5-4623-a702-9f0c14bbeab0
msgType: BcastMsgType_Data_ADAHRS
dataAdahrs: {
  timestamp: 1766448820
  pitchValid: true
  pitchDeg: 2.2137451171875
  rollValid: true
  rollDeg: -1.2579345703125
  headingValid: true
  headingDegm: 241.55862426757812
  lateralAccelValid: true
  lateralAccelG: 0.022962016984820366
  altPresValid: true
  altPresMslM: -67.03079986572266
  altIndValid: true
  altIndMslM: 2.8474884033203125
  airspeedTrueValid: true
  airspeedTrueKts: 0.0
  airspeedIndValid: true
  airspeedIndKts: 0.0
}

4000:Traffic: N342ME/A3C5D4 29.698,-82.270 NIC=10 NACp=10 palt=0 palt=0
4000:Traffic: PDT5973/A89076 29.699,-82.323 NIC=8 NACp=9 palt=500 palt=500
message on port 8384:
[10, 6, 78, 51, 52, 50, 77, 69, 18, 36, 57, 52, 49, 99, 51, 49, 98, 56, 45, 53, 53, 102, 53, 45, 52, 54, 50, 51, 45, 97, 55, 48, 50, 45, 57, 102, 48, 99, 49, 52, 98, 98, 101, 97, 98, 48, 24, 4, 58, 34, 10, 32, 126, 20, 0, 163, 197, 212, 21, 30, 107, 197, 127, 51, 2, 130, 170, 0, 0, 0, 0, 1, 78, 51, 52, 50, 77, 69, 32, 32, 0, 138, 176, 126]
systemId: N342ME
endpointUuid: 941c31b8-55f5-4623-a702-9f0c14bbeab0
msgType: BcastMsgType_Data_ADSB
dataAdsb: {
  rawData: [126, 20, 0, 163, 197, 212, 21, 30, 107, 197, 127, 51, 2, 130, 170, 0, 0, 0, 0, 1, 78, 51, 52, 50, 77, 69, 32, 32, 0, 138, 176, 126]
}

message on port 8384:
[10, 6, 78, 51, 52, 50, 77, 69, 18, 36, 57, 52, 49, 99, 51, 49, 98, 56, 45, 53, 53, 102, 53, 45, 52, 54, 50, 51, 45, 97, 55, 48, 50, 45, 57, 102, 48, 99, 49, 52, 98, 98, 101, 97, 98, 48, 24, 4, 58, 34, 10, 32, 126, 20, 0, 168, 144, 118, 21, 30, 119, 197, 117, 162, 3, 202, 137, 7, 255, 246, 72, 2, 80, 68, 84, 53, 57, 55, 51, 32, 0, 227, 212, 126]
systemId: N342ME
endpointUuid: 941c31b8-55f5-4623-a702-9f0c14bbeab0
msgType: BcastMsgType_Data_ADSB
dataAdsb: {
  rawData: [126, 20, 0, 168, 144, 118, 21, 30, 119, 197, 117, 162, 3, 202, 137, 7, 255, 246, 72, 2, 80, 68, 84, 53, 57, 55, 51, 32, 0, 227, 212, 126]
}

message on port 8384:
[10, 6, 78, 51, 52, 50, 77, 69, 18, 36, 57, 52, 49, 99, 51, 49, 98, 56, 45, 53, 53, 102, 53, 45, 52, 54, 50, 51, 45, 97, 55, 48, 50, 45, 57, 102, 48, 99, 49, 52, 98, 98, 101, 97, 98, 48, 24, 2, 42, 40, 8, 180, 189, 167, 202, 6, 18, 10, 13, 61, 150, 237, 65, 21, 61, 138, 164, 194, 29, 157, 126, 44, 66, 37, 27, 47, 93, 61, 45, 91, 160, 108, 67, 53, 136, 94, 209, 64, 56, 1]
systemId: N342ME
endpointUuid: 941c31b8-55f5-4623-a702-9f0c14bbeab0
msgType: BcastMsgType_Data_GPS
dataGps: {
  timestamp: 1766448820
  geo: {
    lat: 29.6983585357666
    lon: -82.2699966430664
  }
  altM: 43.1236457824707
  gndSpdKts: 0.05400000140070915
  gndTrkDegt: 236.6263885498047
  magVarDeg: 6.542789459228516
  valid: true
}

message on port 8384:
[10, 6, 78, 51, 52, 50, 77, 69, 18, 36, 57, 52, 49, 99, 51, 49, 98, 56, 45, 53, 53, 102, 53, 45, 52, 54, 50, 51, 45, 97, 55, 48, 50, 45, 57, 102, 48, 99, 49, 52, 98, 98, 101, 97, 98, 48, 24, 3, 50, 65, 8, 180, 189, 167, 202, 6, 24, 1, 37, 0, 42, 10, 64, 40, 1, 53, 0, 4, 161, 191, 56, 1, 69, 18, 157, 113, 67, 72, 1, 85, 168, 252, 161, 60, 88, 1, 101, 197, 15, 134, 194, 104, 1, 117, 64, 61, 54, 64, 120, 1, 133, 1, 0, 0, 0, 0, 136, 1, 1, 149, 1, 0, 0, 0, 0]
systemId: N342ME
endpointUuid: 941c31b8-55f5-4623-a702-9f0c14bbeab0
msgType: BcastMsgType_Data_ADAHRS
dataAdahrs: {
  timestamp: 1766448820
  pitchValid: true
  pitchDeg: 2.1588134765625
  rollValid: true
  rollDeg: -1.2579345703125
  headingValid: true
  headingDegm: 241.61355590820312
  lateralAccelValid: true
  lateralAccelG: 0.01977379620075226
  altPresValid: true
  altPresMslM: -67.03079986572266
  altIndValid: true
  altIndMslM: 2.8474884033203125
  airspeedTrueValid: true
  airspeedTrueKts: 0.0
  airspeedIndValid: true
  airspeedIndKts: 0.0
}

message on port 8384:
[10, 6, 78, 51, 52, 50, 77, 69, 18, 36, 57, 52, 49, 99, 51, 49, 98, 56, 45, 53, 53, 102, 53, 45, 52, 54, 50, 51, 45, 97, 55, 48, 50, 45, 57, 102, 48, 99, 49, 52, 98, 98, 101, 97, 98, 48, 24, 2, 42, 40, 8, 180, 189, 167, 202, 6, 18, 10, 13, 61, 150, 237, 65, 21, 60, 138, 164, 194, 29, 157, 126, 44, 66, 37, 227, 165, 27, 61, 45, 91, 160, 108, 67, 53, 144, 94, 209, 64, 56, 1]
systemId: N342ME
endpointUuid: 941c31b8-55f5-4623-a702-9f0c14bbeab0
msgType: BcastMsgType_Data_GPS
dataGps: {
  timestamp: 1766448820
  geo: {
    lat: 29.6983585357666
    lon: -82.26998901367188
  }
  altM: 43.1236457824707
  gndSpdKts: 0.03799999877810478
  gndTrkDegt: 236.6263885498047
  magVarDeg: 6.542793273925781
  valid: true
}

message on port 8384:
[10, 6, 78, 51, 52, 50, 77, 69, 18, 36, 57, 52, 49, 99, 51, 49, 98, 56, 45, 53, 53, 102, 53, 45, 52, 54, 50, 51, 45, 97, 55, 48, 50, 45, 57, 102, 48, 99, 49, 52, 98, 98, 101, 97, 98, 48, 24, 3, 50, 65, 8, 180, 189, 167, 202, 6, 24, 1, 37, 0, 42, 10, 64, 40, 1, 53, 0, 4, 161, 191, 56, 1, 69, 106, 144, 113, 67, 72, 1, 85, 110, 150, 169, 60, 88, 1, 101, 197, 15, 134, 194, 104, 1, 117, 64, 61, 54, 64, 120, 1, 133, 1, 0, 0, 0, 0, 136, 1, 1, 149, 1, 0, 0, 0, 0]
systemId: N342ME
endpointUuid: 941c31b8-55f5-4623-a702-9f0c14bbeab0
msgType: BcastMsgType_Data_ADAHRS
dataAdahrs: {
  timestamp: 1766448820
  pitchValid: true
  pitchDeg: 2.1588134765625
  rollValid: true
  rollDeg: -1.2579345703125
  headingValid: true
  headingDegm: 241.56411743164062
  lateralAccelValid: true
  lateralAccelG: 0.020701613277196884
  altPresValid: true
  altPresMslM: -67.03079986572266
  altIndValid: true
  altIndMslM: 2.8474884033203125
  airspeedTrueValid: true
  airspeedTrueKts: 0.0
  airspeedIndValid: true
  airspeedIndKts: 0.0
}

4000:Uplink, 436 bytes
4000:Uplink, 436 bytes
message on port 8384:
[10, 6, 78, 51, 52, 50, 77, 69, 18, 36, 57, 52, 49, 99, 51, 49, 98, 56, 45, 53, 53, 102, 53, 45, 52, 54, 50, 51, 45, 97, 55, 48, 50, 45, 57, 102, 48, 99, 49, 52, 98, 98, 101, 97, 98, 48, 24, 4, 58, 187, 3, 10, 184, 3, 126, 7, 0, 0, 0, 42, 60, 15, 138, 250, 224, 160, 128, 0, 0, 0, 0, 0, 0, 0, 0, 0, 0, 0, 0, 0, 0, 0, 0, 0, 0, 0, 0, 0, 0, 0, 0, 0, 0, 0, 0, 0, 0, 0, 0, 0, 0, 0, 0, 0, 0, 0, 0, 0, 0, 0, 0, 0, 0, 0, 0, 0, 0, 0, 0, 0, 0, 0, 0, 0, 0, 0, 0, 0, 0, 0, 0, 0, 0, 0, 0, 0, 0, 0, 0, 0, 0, 0, 0, 0, 0, 0, 0, 0, 0, 0, 0, 0, 0, 0, 0, 0, 0, 0, 0, 0, 0, 0, 0, 0, 0, 0, 0, 0, 0, 0, 0, 0, 0, 0, 0, 0, 0, 0, 0, 0, 0, 0, 0, 0, 0, 0, 0, 0, 0, 0, 0, 0, 0, 0, 0, 0, 0, 0, 0, 0, 0, 0, 0, 0, 0, 0, 0, 0, 0, 0, 0, 0, 0, 0, 0, 0, 0, 0, 0, 0, 0, 0, 0, 0, 0, 0, 0, 0, 0, 0, 0, 0, 0, 0, 0, 0, 0, 0, 0, 0, 0, 0, 0, 0, 0, 0, 0, 0, 0, 0, 0, 0, 0, 0, 0, 0, 0, 0, 0, 0, 0, 0, 0, 0, 0, 0, 0, 0, 0, 0, 0, 0, 0, 0, 0, 0, 0, 0, 0, 0, 0, 0, 0, 0, 0, 0, 0, 0, 0, 0, 0, 0, 0, 0, 0, 0, 0, 0, 0, 0, 0, 0, 0, 0, 0, 0, 0, 0, 0, 0, 0, 0, 0, 0, 0, 0, 0, 0, 0, 0, 0, 0, 0, 0, 0, 0, 0, 0, 0, 0, 0, 0, 0, 0, 0, 0, 0, 0, 0, 0, 0, 0, 0, 0, 0, 0, 0, 0, 0, 0, 0, 0, 0, 0, 0, 0, 0, 0, 0, 0, 0, 0, 0, 0, 0, 0, 0, 0, 0, 0, 0, 0, 0, 0, 0, 0, 0, 0, 0, 0, 0, 0, 0, 0, 0, 0, 0, 0, 0, 0, 0, 0, 0, 0, 0, 0, 0, 0, 0, 0, 0, 0, 0, 0, 0, 0, 0, 0, 0, 0, 0, 0, 0, 0, 0, 0, 0, 0, 0, 0, 0, 0, 0, 0, 0, 0, 0, 0, 0, 0, 0, 0, 0, 0, 0, 0, 0, 0, 0, 0, 0, 0, 0, 0, 0, 0, 0, 0, 0, 0, 0, 0, 0, 0, 0, 0, 0, 0, 0, 0, 0, 0, 0, 0, 0, 0, 0, 0, 0, 0, 0, 0, 0, 0, 0, 0, 0, 0, 0, 0, 0, 0, 0, 0, 0, 0, 0, 0, 0, 0, 0, 70, 53, 126]
systemId: N342ME
endpointUuid: 941c31b8-55f5-4623-a702-9f0c14bbeab0
msgType: BcastMsgType_Data_ADSB
dataAdsb: {
  rawData: [126, 7, 0, 0, 0, 42, 60, 15, 138, 250, 224, 160, 128, 0, 0, 0, 0, 0, 0, 0, 0, 0, 0, 0, 0, 0, 0, 0, 0, 0, 0, 0, 0, 0, 0, 0, 0, 0, 0, 0, 0, 0, 0, 0, 0, 0, 0, 0, 0, 0, 0, 0, 0, 0, 0, 0, 0, 0, 0, 0, 0, 0, 0, 0, 0, 0, 0, 0, 0, 0, 0, 0, 0, 0, 0, 0, 0, 0, 0, 0, 0, 0, 0, 0, 0, 0, 0, 0, 0, 0, 0, 0, 0, 0, 0, 0, 0, 0, 0, 0, 0, 0, 0, 0, 0, 0, 0, 0, 0, 0, 0, 0, 0, 0, 0, 0, 0, 0, 0, 0, 0, 0, 0, 0, 0, 0, 0, 0, 0, 0, 0, 0, 0, 0, 0, 0, 0, 0, 0, 0, 0, 0, 0, 0, 0, 0, 0, 0, 0, 0, 0, 0, 0, 0, 0, 0, 0, 0, 0, 0, 0, 0, 0, 0, 0, 0, 0, 0, 0, 0, 0, 0, 0, 0, 0, 0, 0, 0, 0, 0, 0, 0, 0, 0, 0, 0, 0, 0, 0, 0, 0, 0, 0, 0, 0, 0, 0, 0, 0, 0, 0, 0, 0, 0, 0, 0, 0, 0, 0, 0, 0, 0, 0, 0, 0, 0, 0, 0, 0, 0, 0, 0, 0, 0, 0, 0, 0, 0, 0, 0, 0, 0, 0, 0, 0, 0, 0, 0, 0, 0, 0, 0, 0, 0, 0, 0, 0, 0, 0, 0, 0, 0, 0, 0, 0, 0, 0, 0, 0, 0, 0, 0, 0, 0, 0, 0, 0, 0, 0, 0, 0, 0, 0, 0, 0, 0, 0, 0, 0, 0, 0, 0, 0, 0, 0, 0, 0, 0, 0, 0, 0, 0, 0, 0, 0, 0, 0, 0, 0, 0, 0, 0, 0, 0, 0, 0, 0, 0, 0, 0, 0, 0, 0, 0, 0, 0, 0, 0, 0, 0, 0, 0, 0, 0, 0, 0, 0, 0, 0, 0, 0, 0, 0, 0, 0, 0, 0, 0, 0, 0, 0, 0, 0, 0, 0, 0, 0, 0, 0, 0, 0, 0, 0, 0, 0, 0, 0, 0, 0, 0, 0, 0, 0, 0, 0, 0, 0, 0, 0, 0, 0, 0, 0, 0, 0, 0, 0, 0, 0, 0, 0, 0, 0, 0, 0, 0, 0, 0, 0, 0, 0, 0, 0, 0, 0, 0, 0, 0, 0, 0, 0, 0, 0, 0, 0, 0, 0, 0, 0, 0, 0, 0, 0, 0, 0, 0, 0, 0, 0, 0, 0, 0, 0, 0, 0, 0, 0, 0, 0, 0, 0, 0, 0, 0, 0, 0, 0, 70, 53, 126]
}

message on port 8384:
[10, 6, 78, 51, 52, 50, 77, 69, 18, 36, 57, 52, 49, 99, 51, 49, 98, 56, 45, 53, 53, 102, 53, 45, 52, 54, 50, 51, 45, 97, 55, 48, 50, 45, 57, 102, 48, 99, 49, 52, 98, 98, 101, 97, 98, 48, 24, 4, 58, 187, 3, 10, 184, 3, 126, 7, 0, 0, 0, 42, 60, 15, 138, 250, 224, 169, 128, 0, 0, 0, 0, 0, 0, 0, 0, 0, 0, 0, 0, 0, 0, 0, 0, 0, 0, 0, 0, 0, 0, 0, 0, 0, 0, 0, 0, 0, 0, 0, 0, 0, 0, 0, 0, 0, 0, 0, 0, 0, 0, 0, 0, 0, 0, 0, 0, 0, 0, 0, 0, 0, 0, 0, 0, 0, 0, 0, 0, 0, 0, 0, 0, 0, 0, 0, 0, 0, 0, 0, 0, 0, 0, 0, 0, 0, 0, 0, 0, 0, 0, 0, 0, 0, 0, 0, 0, 0, 0, 0, 0, 0, 0, 0, 0, 0, 0, 0, 0, 0, 0, 0, 0, 0, 0, 0, 0, 0, 0, 0, 0, 0, 0, 0, 0, 0, 0, 0, 0, 0, 0, 0, 0, 0, 0, 0, 0, 0, 0, 0, 0, 0, 0, 0, 0, 0, 0, 0, 0, 0, 0, 0, 0, 0, 0, 0, 0, 0, 0, 0, 0, 0, 0, 0, 0, 0, 0, 0, 0, 0, 0, 0, 0, 0, 0, 0, 0, 0, 0, 0, 0, 0, 0, 0, 0, 0, 0, 0, 0, 0, 0, 0, 0, 0, 0, 0, 0, 0, 0, 0, 0, 0, 0, 0, 0, 0, 0, 0, 0, 0, 0, 0, 0, 0, 0, 0, 0, 0, 0, 0, 0, 0, 0, 0, 0, 0, 0, 0, 0, 0, 0, 0, 0, 0, 0, 0, 0, 0, 0, 0, 0, 0, 0, 0, 0, 0, 0, 0, 0, 0, 0, 0, 0, 0, 0, 0, 0, 0, 0, 0, 0, 0, 0, 0, 0, 0, 0, 0, 0, 0, 0, 0, 0, 0, 0, 0, 0, 0, 0, 0, 0, 0, 0, 0, 0, 0, 0, 0, 0, 0, 0, 0, 0, 0, 0, 0, 0, 0, 0, 0, 0, 0, 0, 0, 0, 0, 0, 0, 0, 0, 0, 0, 0, 0, 0, 0, 0, 0, 0, 0, 0, 0, 0, 0, 0, 0, 0, 0, 0, 0, 0, 0, 0, 0, 0, 0, 0, 0, 0, 0, 0, 0, 0, 0, 0, 0, 0, 0, 0, 0, 0, 0, 0, 0, 0, 0, 0, 0, 0, 0, 0, 0, 0, 0, 0, 0, 0, 0, 0, 0, 0, 0, 0, 0, 0, 0, 0, 0, 0, 0, 0, 0, 0, 0, 0, 0, 0, 0, 0, 0, 0, 0, 0, 0, 0, 0, 0, 0, 0, 0, 0, 0, 0, 0, 0, 0, 0, 0, 0, 0, 0, 0, 0, 0, 0, 0, 0, 0, 0, 0, 0, 0, 0, 0, 0, 0, 0, 0, 0, 0, 0, 0, 0, 88, 90, 126]
systemId: N342ME
endpointUuid: 941c31b8-55f5-4623-a702-9f0c14bbeab0
msgType: BcastMsgType_Data_ADSB
dataAdsb: {
  rawData: [126, 7, 0, 0, 0, 42, 60, 15, 138, 250, 224, 169, 128, 0, 0, 0, 0, 0, 0, 0, 0, 0, 0, 0, 0, 0, 0, 0, 0, 0, 0, 0, 0, 0, 0, 0, 0, 0, 0, 0, 0, 0, 0, 0, 0, 0, 0, 0, 0, 0, 0, 0, 0, 0, 0, 0, 0, 0, 0, 0, 0, 0, 0, 0, 0, 0, 0, 0, 0, 0, 0, 0, 0, 0, 0, 0, 0, 0, 0, 0, 0, 0, 0, 0, 0, 0, 0, 0, 0, 0, 0, 0, 0, 0, 0, 0, 0, 0, 0, 0, 0, 0, 0, 0, 0, 0, 0, 0, 0, 0, 0, 0, 0, 0, 0, 0, 0, 0, 0, 0, 0, 0, 0, 0, 0, 0, 0, 0, 0, 0, 0, 0, 0, 0, 0, 0, 0, 0, 0, 0, 0, 0, 0, 0, 0, 0, 0, 0, 0, 0, 0, 0, 0, 0, 0, 0, 0, 0, 0, 0, 0, 0, 0, 0, 0, 0, 0, 0, 0, 0, 0, 0, 0, 0, 0, 0, 0, 0, 0, 0, 0, 0, 0, 0, 0, 0, 0, 0, 0, 0, 0, 0, 0, 0, 0, 0, 0, 0, 0, 0, 0, 0, 0, 0, 0, 0, 0, 0, 0, 0, 0, 0, 0, 0, 0, 0, 0, 0, 0, 0, 0, 0, 0, 0, 0, 0, 0, 0, 0, 0, 0, 0, 0, 0, 0, 0, 0, 0, 0, 0, 0, 0, 0, 0, 0, 0, 0, 0, 0, 0, 0, 0, 0, 0, 0, 0, 0, 0, 0, 0, 0, 0, 0, 0, 0, 0, 0, 0, 0, 0, 0, 0, 0, 0, 0, 0, 0, 0, 0, 0, 0, 0, 0, 0, 0, 0, 0, 0, 0, 0, 0, 0, 0, 0, 0, 0, 0, 0, 0, 0, 0, 0, 0, 0, 0, 0, 0, 0, 0, 0, 0, 0, 0, 0, 0, 0, 0, 0, 0, 0, 0, 0, 0, 0, 0, 0, 0, 0, 0, 0, 0, 0, 0, 0, 0, 0, 0, 0, 0, 0, 0, 0, 0, 0, 0, 0, 0, 0, 0, 0, 0, 0, 0, 0, 0, 0, 0, 0, 0, 0, 0, 0, 0, 0, 0, 0, 0, 0, 0, 0, 0, 0, 0, 0, 0, 0, 0, 0, 0, 0, 0, 0, 0, 0, 0, 0, 0, 0, 0, 0, 0, 0, 0, 0, 0, 0, 0, 0, 0, 0, 0, 0, 0, 0, 0, 0, 0, 0, 0, 0, 0, 0, 0, 0, 0, 0, 0, 0, 0, 0, 0, 0, 0, 0, 0, 0, 0, 0, 0, 0, 0, 0, 0, 0, 0, 0, 0, 88, 90, 126]
}

message on port 8384:
[10, 6, 78, 51, 52, 50, 77, 69, 18, 36, 57, 52, 49, 99, 51, 49, 98, 56, 45, 53, 53, 102, 53, 45, 52, 54, 50, 51, 45, 97, 55, 48, 50, 45, 57, 102, 48, 99, 49, 52, 98, 98, 101, 97, 98, 48, 24, 2, 42, 40, 8, 180, 189, 167, 202, 6, 18, 10, 13, 61, 150, 237, 65, 21, 60, 138, 164, 194, 29, 208, 177, 59, 66, 37, 166, 155, 196, 60, 45, 91, 160, 108, 67, 53, 144, 94, 209, 64, 56, 1]
systemId: N342ME
endpointUuid: 941c31b8-55f5-4623-a702-9f0c14bbeab0
msgType: BcastMsgType_Data_GPS
dataGps: {
  timestamp: 1766448820
  geo: {
    lat: 29.6983585357666
    lon: -82.26998901367188
  }
  altM: 46.92364501953125
  gndSpdKts: 0.024000000208616257
  gndTrkDegt: 236.6263885498047
  magVarDeg: 6.542793273925781
  valid: true
}

message on port 8384:
[10, 6, 78, 51, 52, 50, 77, 69, 18, 36, 57, 52, 49, 99, 51, 49, 98, 56, 45, 53, 53, 102, 53, 45, 52, 54, 50, 51, 45, 97, 55, 48, 50, 45, 57, 102, 48, 99, 49, 52, 98, 98, 101, 97, 98, 48, 24, 3, 50, 65, 8, 180, 189, 167, 202, 6, 24, 1, 37, 0, 42, 10, 64, 40, 1, 53, 0, 128, 157, 191, 56, 1, 69, 154, 141, 113, 67, 72, 1, 85, 83, 245, 193, 60, 88, 1, 101, 197, 15, 134, 194, 104, 1, 117, 64, 61, 54, 64, 120, 1, 133, 1, 0, 0, 0, 0, 136, 1, 1, 149, 1, 0, 0, 0, 0]
systemId: N342ME
endpointUuid: 941c31b8-55f5-4623-a702-9f0c14bbeab0
msgType: BcastMsgType_Data_ADAHRS
dataAdahrs: {
  timestamp: 1766448820
  pitchValid: true
  pitchDeg: 2.1588134765625
  rollValid: true
  rollDeg: -1.23046875
  headingValid: true
  headingDegm: 241.55313110351562
  lateralAccelValid: true
  lateralAccelG: 0.023676550015807152
  altPresValid: true
  altPresMslM: -67.03079986572266
  altIndValid: true
  altIndMslM: 2.8474884033203125
  airspeedTrueValid: true
  airspeedTrueKts: 0.0
  airspeedIndValid: true
  airspeedIndKts: 0.0
}

message on port 8384:
[10, 6, 78, 51, 52, 50, 77, 69, 18, 36, 57, 52, 49, 99, 51, 49, 98, 56, 45, 53, 53, 102, 53, 45, 52, 54, 50, 51, 45, 97, 55, 48, 50, 45, 57, 102, 48, 99, 49, 52, 98, 98, 101, 97, 98, 48, 24, 1, 34, 120, 10, 6, 78, 51, 52, 50, 77, 69, 16, 181, 189, 167, 202, 6, 26, 7, 48, 46, 48, 46, 48, 46, 48, 32, 192, 65, 40, 1, 50, 14, 8, 1, 16, 1, 24, 1, 32, 1, 40, 1, 48, 1, 56, 1, 58, 20, 68, 121, 110, 111, 110, 32, 65, 118, 105, 111, 110, 105, 99, 115, 44, 32, 73, 110, 99, 46, 66, 7, 83, 107, 121, 86, 105, 101, 119, 74, 10, 68, 49, 48, 48, 48, 47, 68, 55, 48, 48, 82, 6, 48, 50, 52, 51, 53, 54, 90, 12, 49, 54, 46, 55, 46, 50, 46, 49, 50, 48, 55, 51, 98, 9, 98, 117, 105, 108, 100, 114, 111, 111, 116]
systemId: N342ME
endpointUuid: 941c31b8-55f5-4623-a702-9f0c14bbeab0
msgType: BcastMsgType_Heartbeat
heartbeat: {
  systemId: N342ME
  timestamp: 1766448821
  ipAddress: 0.0.0.0
  ipPort: 8384
  isEfis: true
  capabilities: {
    status: true
    gps: true
    ahrs: true
    adahrs: true
    fplSend: true
    fplReceive: true
    adsb: true
  }
  prodMake: Dynon Avionics, Inc.
  prodName: SkyView
  prodModel: D1000/D700
  prodSerial: 024356
  prodFirmware: 16.7.2.12073
  hostname: buildroot
}

message on port 8384:
[10, 6, 78, 51, 52, 50, 77, 69, 18, 36, 57, 52, 49, 99, 51, 49, 98, 56, 45, 53, 53, 102, 53, 45, 52, 54, 50, 51, 45, 97, 55, 48, 50, 45, 57, 102, 48, 99, 49, 52, 98, 98, 101, 97, 98, 48, 24, 2, 42, 40, 8, 181, 189, 167, 202, 6, 18, 10, 13, 61, 150, 237, 65, 21, 60, 138, 164, 194, 29, 208, 177, 59, 66, 37, 166, 155, 196, 60, 45, 91, 160, 108, 67, 53, 144, 94, 209, 64, 56, 1]
systemId: N342ME
endpointUuid: 941c31b8-55f5-4623-a702-9f0c14bbeab0
msgType: BcastMsgType_Data_GPS
dataGps: {
  timestamp: 1766448821
  geo: {
    lat: 29.6983585357666
    lon: -82.26998901367188
  }
  altM: 46.92364501953125
  gndSpdKts: 0.024000000208616257
  gndTrkDegt: 236.6263885498047
  magVarDeg: 6.542793273925781
  valid: true
}

message on port 8384:
[10, 6, 78, 51, 52, 50, 77, 69, 18, 36, 57, 52, 49, 99, 51, 49, 98, 56, 45, 53, 53, 102, 53, 45, 52, 54, 50, 51, 45, 97, 55, 48, 50, 45, 57, 102, 48, 99, 49, 52, 98, 98, 101, 97, 98, 48, 24, 3, 50, 65, 8, 181, 189, 167, 202, 6, 24, 1, 37, 0, 42, 10, 64, 40, 1, 53, 0, 128, 157, 191, 56, 1, 69, 10, 150, 113, 67, 72, 1, 85, 45, 65, 186, 60, 88, 1, 101, 197, 15, 134, 194, 104, 1, 117, 64, 61, 54, 64, 120, 1, 133, 1, 0, 0, 0, 0, 136, 1, 1, 149, 1, 0, 0, 0, 0]
systemId: N342ME
endpointUuid: 941c31b8-55f5-4623-a702-9f0c14bbeab0
msgType: BcastMsgType_Data_ADAHRS
dataAdahrs: {
  timestamp: 1766448821
  pitchValid: true
  pitchDeg: 2.1588134765625
  rollValid: true
  rollDeg: -1.23046875
  headingValid: true
  headingDegm: 241.58609008789062
  lateralAccelValid: true
  lateralAccelG: 0.02273615635931492
  altPresValid: true
  altPresMslM: -67.03079986572266
  altIndValid: true
  altIndMslM: 2.8474884033203125
  airspeedTrueValid: true
  airspeedTrueKts: 0.0
  airspeedIndValid: true
  airspeedIndKts: 0.0
}

message on port 8384:
[10, 6, 78, 51, 52, 50, 77, 69, 18, 36, 57, 52, 49, 99, 51, 49, 98, 56, 45, 53, 53, 102, 53, 45, 52, 54, 50, 51, 45, 97, 55, 48, 50, 45, 57, 102, 48, 99, 49, 52, 98, 98, 101, 97, 98, 48, 24, 4, 58, 34, 10, 32, 126, 20, 0, 163, 197, 212, 21, 30, 107, 197, 127, 51, 2, 130, 170, 0, 0, 0, 0, 1, 78, 51, 52, 50, 77, 69, 32, 32, 0, 138, 176, 126]
systemId: N342ME
endpointUuid: 941c31b8-55f5-4623-a702-9f0c14bbeab0
msgType: BcastMsgType_Data_ADSB
dataAdsb: {
  rawData: [126, 20, 0, 163, 197, 212, 21, 30, 107, 197, 127, 51, 2, 130, 170, 0, 0, 0, 0, 1, 78, 51, 52, 50, 77, 69, 32, 32, 0, 138, 176, 126]
}

message on port 8384:
[10, 6, 78, 51, 52, 50, 77, 69, 18, 36, 57, 52, 49, 99, 51, 49, 98, 56, 45, 53, 53, 102, 53, 45, 52, 54, 50, 51, 45, 97, 55, 48, 50, 45, 57, 102, 48, 99, 49, 52, 98, 98, 101, 97, 98, 48, 24, 4, 58, 34, 10, 32, 126, 20, 0, 168, 144, 118, 21, 30, 119, 197, 117, 162, 3, 202, 137, 7, 255, 246, 72, 2, 80, 68, 84, 53, 57, 55, 51, 32, 0, 227, 212, 126]
systemId: N342ME
endpointUuid: 941c31b8-55f5-4623-a702-9f0c14bbeab0
msgType: BcastMsgType_Data_ADSB
dataAdsb: {
  rawData: [126, 20, 0, 168, 144, 118, 21, 30, 119, 197, 117, 162, 3, 202, 137, 7, 255, 246, 72, 2, 80, 68, 84, 53, 57, 55, 51, 32, 0, 227, 212, 126]
}

message on port 8384:
[10, 6, 78, 51, 52, 50, 77, 69, 18, 36, 57, 52, 49, 99, 51, 49, 98, 56, 45, 53, 53, 102, 53, 45, 52, 54, 50, 51, 45, 97, 55, 48, 50, 45, 57, 102, 48, 99, 49, 52, 98, 98, 101, 97, 98, 48, 24, 2, 42, 40, 8, 181, 189, 167, 202, 6, 18, 10, 13, 61, 150, 237, 65, 21, 60, 138, 164, 194, 29, 208, 177, 59, 66, 37, 49, 8, 172, 60, 45, 91, 160, 108, 67, 53, 144, 94, 209, 64, 56, 1]
systemId: N342ME
endpointUuid: 941c31b8-55f5-4623-a702-9f0c14bbeab0
msgType: BcastMsgType_Data_GPS
dataGps: {
  timestamp: 1766448821
  geo: {
    lat: 29.6983585357666
    lon: -82.26998901367188
  }
  altM: 46.92364501953125
  gndSpdKts: 0.020999999716877937
  gndTrkDegt: 236.6263885498047
  magVarDeg: 6.542793273925781
  valid: true
}

message on port 8384:
[10, 6, 78, 51, 52, 50, 77, 69, 18, 36, 57, 52, 49, 99, 51, 49, 98, 56, 45, 53, 53, 102, 53, 45, 52, 54, 50, 51, 45, 97, 55, 48, 50, 45, 57, 102, 48, 99, 49, 52, 98, 98, 101, 97, 98, 48, 24, 3, 50, 65, 8, 181, 189, 167, 202, 6, 24, 1, 37, 0, 174, 13, 64, 40, 1, 53, 0, 32, 163, 191, 56, 1, 69, 210, 145, 113, 67, 72, 1, 85, 183, 11, 166, 60, 88, 1, 101, 197, 15, 134, 194, 104, 1, 117, 64, 61, 54, 64, 120, 1, 133, 1, 0, 0, 0, 0, 136, 1, 1, 149, 1, 0, 0, 0, 0]
systemId: N342ME
endpointUuid: 941c31b8-55f5-4623-a702-9f0c14bbeab0
msgType: BcastMsgType_Data_ADAHRS
dataAdahrs: {
  timestamp: 1766448821
  pitchValid: true
  pitchDeg: 2.2137451171875
  rollValid: true
  rollDeg: -1.2744140625
  headingValid: true
  headingDegm: 241.56961059570312
  lateralAccelValid: true
  lateralAccelG: 0.020269257947802544
  altPresValid: true
  altPresMslM: -67.03079986572266
  altIndValid: true
  altIndMslM: 2.8474884033203125
  airspeedTrueValid: true
  airspeedTrueKts: 0.0
  airspeedIndValid: true
  airspeedIndKts: 0.0
}

message on port 8384:
[10, 6, 78, 51, 52, 50, 77, 69, 18, 36, 57, 52, 49, 99, 51, 49, 98, 56, 45, 53, 53, 102, 53, 45, 52, 54, 50, 51, 45, 97, 55, 48, 50, 45, 57, 102, 48, 99, 49, 52, 98, 98, 101, 97, 98, 48, 24, 2, 42, 40, 8, 181, 189, 167, 202, 6, 18, 10, 13, 61, 150, 237, 65, 21, 60, 138, 164, 194, 29, 208, 177, 59, 66, 37, 49, 8, 172, 60, 45, 91, 160, 108, 67, 53, 144, 94, 209, 64, 56, 1]
systemId: N342ME
endpointUuid: 941c31b8-55f5-4623-a702-9f0c14bbeab0
msgType: BcastMsgType_Data_GPS
dataGps: {
  timestamp: 1766448821
  geo: {
    lat: 29.6983585357666
    lon: -82.26998901367188
  }
  altM: 46.92364501953125
  gndSpdKts: 0.020999999716877937
  gndTrkDegt: 236.6263885498047
  magVarDeg: 6.542793273925781
  valid: true
}

message on port 8384:
[10, 6, 78, 51, 52, 50, 77, 69, 18, 36, 57, 52, 49, 99, 51, 49, 98, 56, 45, 53, 53, 102, 53, 45, 52, 54, 50, 51, 45, 97, 55, 48, 50, 45, 57, 102, 48, 99, 49, 52, 98, 98, 101, 97, 98, 48, 24, 3, 50, 65, 8, 181, 189, 167, 202, 6, 24, 1, 37, 0, 174, 13, 64, 40, 1, 53, 0, 32, 163, 191, 56, 1, 69, 2, 143, 113, 67, 72, 1, 85, 111, 224, 159, 60, 88, 1, 101, 197, 15, 134, 194, 104, 1, 117, 64, 61, 54, 64, 120, 1, 133, 1, 0, 0, 0, 0, 136, 1, 1, 149, 1, 0, 0, 0, 0]
systemId: N342ME
endpointUuid: 941c31b8-55f5-4623-a702-9f0c14bbeab0
msgType: BcastMsgType_Data_ADAHRS
dataAdahrs: {
  timestamp: 1766448821
  pitchValid: true
  pitchDeg: 2.2137451171875
  rollValid: true
  rollDeg: -1.2744140625
  headingValid: true
  headingDegm: 241.55862426757812
  lateralAccelValid: true
  lateralAccelG: 0.019516197964549065
  altPresValid: true
  altPresMslM: -67.03079986572266
  altIndValid: true
  altIndMslM: 2.8474884033203125
  airspeedTrueValid: true
  airspeedTrueKts: 0.0
  airspeedIndValid: true
  airspeedIndKts: 0.0
}

4000:Traffic: N342ME/A3C5D4 29.698,-82.270 NIC=10 NACp=10 palt=0 palt=0
4000:Traffic: PDT5973/A89076 29.699,-82.323 NIC=8 NACp=9 palt=500 palt=500
message on port 8384:
[10, 6, 78, 51, 52, 50, 77, 69, 18, 36, 57, 52, 49, 99, 51, 49, 98, 56, 45, 53, 53, 102, 53, 45, 52, 54, 50, 51, 45, 97, 55, 48, 50, 45, 57, 102, 48, 99, 49, 52, 98, 98, 101, 97, 98, 48, 24, 2, 42, 40, 8, 181, 189, 167, 202, 6, 18, 10, 13, 61, 150, 237, 65, 21, 60, 138, 164, 194, 29, 208, 177, 59, 66, 37, 57, 180, 72, 61, 45, 91, 160, 108, 67, 53, 144, 94, 209, 64, 56, 1]
systemId: N342ME
endpointUuid: 941c31b8-55f5-4623-a702-9f0c14bbeab0
msgType: BcastMsgType_Data_GPS
dataGps: {
  timestamp: 1766448821
  geo: {
    lat: 29.6983585357666
    lon: -82.26998901367188
  }
  altM: 46.92364501953125
  gndSpdKts: 0.04899999871850014
  gndTrkDegt: 236.6263885498047
  magVarDeg: 6.542793273925781
  valid: true
}

message on port 8384:
[10, 6, 78, 51, 52, 50, 77, 69, 18, 36, 57, 52, 49, 99, 51, 49, 98, 56, 45, 53, 53, 102, 53, 45, 52, 54, 50, 51, 45, 97, 55, 48, 50, 45, 57, 102, 48, 99, 49, 52, 98, 98, 101, 97, 98, 48, 24, 3, 50, 65, 8, 181, 189, 167, 202, 6, 24, 1, 37, 0, 174, 13, 64, 40, 1, 53, 0, 136, 164, 191, 56, 1, 69, 106, 144, 113, 67, 72, 1, 85, 108, 184, 181, 60, 88, 1, 101, 197, 15, 134, 194, 104, 1, 117, 64, 61, 54, 64, 120, 1, 133, 1, 0, 0, 0, 0, 136, 1, 1, 149, 1, 0, 0, 0, 0]
systemId: N342ME
endpointUuid: 941c31b8-55f5-4623-a702-9f0c14bbeab0
msgType: BcastMsgType_Data_ADAHRS
dataAdahrs: {
  timestamp: 1766448821
  pitchValid: true
  pitchDeg: 2.2137451171875
  rollValid: true
  rollDeg: -1.285400390625
  headingValid: true
  headingDegm: 241.56411743164062
  lateralAccelValid: true
  lateralAccelG: 0.022182665765285492
  altPresValid: true
  altPresMslM: -67.03079986572266
  altIndValid: true
  altIndMslM: 2.8474884033203125
  airspeedTrueValid: true
  airspeedTrueKts: 0.0
  airspeedIndValid: true
  airspeedIndKts: 0.0
}

message on port 8384:
[10, 6, 78, 51, 52, 50, 77, 69, 18, 36, 57, 52, 49, 99, 51, 49, 98, 56, 45, 53, 53, 102, 53, 45, 52, 54, 50, 51, 45, 97, 55, 48, 50, 45, 57, 102, 48, 99, 49, 52, 98, 98, 101, 97, 98, 48, 24, 4, 58, 187, 3, 10, 184, 3, 126, 7, 0, 0, 0, 42, 60, 15, 138, 250, 224, 161, 128, 0, 0, 0, 0, 0, 0, 0, 0, 0, 0, 0, 0, 0, 0, 0, 0, 0, 0, 0, 0, 0, 0, 0, 0, 0, 0, 0, 0, 0, 0, 0, 0, 0, 0, 0, 0, 0, 0, 0, 0, 0, 0, 0, 0, 0, 0, 0, 0, 0, 0, 0, 0, 0, 0, 0, 0, 0, 0, 0, 0, 0, 0, 0, 0, 0, 0, 0, 0, 0, 0, 0, 0, 0, 0, 0, 0, 0, 0, 0, 0, 0, 0, 0, 0, 0, 0, 0, 0, 0, 0, 0, 0, 0, 0, 0, 0, 0, 0, 0, 0, 0, 0, 0, 0, 0, 0, 0, 0, 0, 0, 0, 0, 0, 0, 0, 0, 0, 0, 0, 0, 0, 0, 0, 0, 0, 0, 0, 0, 0, 0, 0, 0, 0, 0, 0, 0, 0, 0, 0, 0, 0, 0, 0, 0, 0, 0, 0, 0, 0, 0, 0, 0, 0, 0, 0, 0, 0, 0, 0, 0, 0, 0, 0, 0, 0, 0, 0, 0, 0, 0, 0, 0, 0, 0, 0, 0, 0, 0, 0, 0, 0, 0, 0, 0, 0, 0, 0, 0, 0, 0, 0, 0, 0, 0, 0, 0, 0, 0, 0, 0, 0, 0, 0, 0, 0, 0, 0, 0, 0, 0, 0, 0, 0, 0, 0, 0, 0, 0, 0, 0, 0, 0, 0, 0, 0, 0, 0, 0, 0, 0, 0, 0, 0, 0, 0, 0, 0, 0, 0, 0, 0, 0, 0, 0, 0, 0, 0, 0, 0, 0, 0, 0, 0, 0, 0, 0, 0, 0, 0, 0, 0, 0, 0, 0, 0, 0, 0, 0, 0, 0, 0, 0, 0, 0, 0, 0, 0, 0, 0, 0, 0, 0, 0, 0, 0, 0, 0, 0, 0, 0, 0, 0, 0, 0, 0, 0, 0, 0, 0, 0, 0, 0, 0, 0, 0, 0, 0, 0, 0, 0, 0, 0, 0, 0, 0, 0, 0, 0, 0, 0, 0, 0, 0, 0, 0, 0, 0, 0, 0, 0, 0, 0, 0, 0, 0, 0, 0, 0, 0, 0, 0, 0, 0, 0, 0, 0, 0, 0, 0, 0, 0, 0, 0, 0, 0, 0, 0, 0, 0, 0, 0, 0, 0, 0, 0, 0, 0, 0, 0, 0, 0, 0, 0, 0, 0, 0, 0, 0, 0, 0, 0, 0, 0, 0, 0, 0, 0, 0, 0, 0, 0, 0, 0, 0, 0, 0, 0, 0, 0, 0, 0, 0, 0, 0, 0, 0, 0, 0, 0, 0, 0, 0, 0, 0, 0, 0, 0, 0, 0, 0, 0, 0, 0, 0, 40, 57, 126]
systemId: N342ME
endpointUuid: 941c31b8-55f5-4623-a702-9f0c14bbeab0
msgType: BcastMsgType_Data_ADSB
dataAdsb: {
  rawData: [126, 7, 0, 0, 0, 42, 60, 15, 138, 250, 224, 161, 128, 0, 0, 0, 0, 0, 0, 0, 0, 0, 0, 0, 0, 0, 0, 0, 0, 0, 0, 0, 0, 0, 0, 0, 0, 0, 0, 0, 0, 0, 0, 0, 0, 0, 0, 0, 0, 0, 0, 0, 0, 0, 0, 0, 0, 0, 0, 0, 0, 0, 0, 0, 0, 0, 0, 0, 0, 0, 0, 0, 0, 0, 0, 0, 0, 0, 0, 0, 0, 0, 0, 0, 0, 0, 0, 0, 0, 0, 0, 0, 0, 0, 0, 0, 0, 0, 0, 0, 0, 0, 0, 0, 0, 0, 0, 0, 0, 0, 0, 0, 0, 0, 0, 0, 0, 0, 0, 0, 0, 0, 0, 0, 0, 0, 0, 0, 0, 0, 0, 0, 0, 0, 0, 0, 0, 0, 0, 0, 0, 0, 0, 0, 0, 0, 0, 0, 0, 0, 0, 0, 0, 0, 0, 0, 0, 0, 0, 0, 0, 0, 0, 0, 0, 0, 0, 0, 0, 0, 0, 0, 0, 0, 0, 0, 0, 0, 0, 0, 0, 0, 0, 0, 0, 0, 0, 0, 0, 0, 0, 0, 0, 0, 0, 0, 0, 0, 0, 0, 0, 0, 0, 0, 0, 0, 0, 0, 0, 0, 0, 0, 0, 0, 0, 0, 0, 0, 0, 0, 0, 0, 0, 0, 0, 0, 0, 0, 0, 0, 0, 0, 0, 0, 0, 0, 0, 0, 0, 0, 0, 0, 0, 0, 0, 0, 0, 0, 0, 0, 0, 0, 0, 0, 0, 0, 0, 0, 0, 0, 0, 0, 0, 0, 0, 0, 0, 0, 0, 0, 0, 0, 0, 0, 0, 0, 0, 0, 0, 0, 0, 0, 0, 0, 0, 0, 0, 0, 0, 0, 0, 0, 0, 0, 0, 0, 0, 0, 0, 0, 0, 0, 0, 0, 0, 0, 0, 0, 0, 0, 0, 0, 0, 0, 0, 0, 0, 0, 0, 0, 0, 0, 0, 0, 0, 0, 0, 0, 0, 0, 0, 0, 0, 0, 0, 0, 0, 0, 0, 0, 0, 0, 0, 0, 0, 0, 0, 0, 0, 0, 0, 0, 0, 0, 0, 0, 0, 0, 0, 0, 0, 0, 0, 0, 0, 0, 0, 0, 0, 0, 0, 0, 0, 0, 0, 0, 0, 0, 0, 0, 0, 0, 0, 0, 0, 0, 0, 0, 0, 0, 0, 0, 0, 0, 0, 0, 0, 0, 0, 0, 0, 0, 0, 0, 0, 0, 0, 0, 0, 0, 0, 0, 0, 0, 0, 0, 0, 0, 0, 0, 0, 0, 0, 0, 0, 0, 0, 0, 0, 0, 0, 0, 0, 0, 0, 0, 0, 40, 57, 126]
}

message on port 8384:
[10, 6, 78, 51, 52, 50, 77, 69, 18, 36, 57, 52, 49, 99, 51, 49, 98, 56, 45, 53, 53, 102, 53, 45, 52, 54, 50, 51, 45, 97, 55, 48, 50, 45, 57, 102, 48, 99, 49, 52, 98, 98, 101, 97, 98, 48, 24, 4, 58, 187, 3, 10, 184, 3, 126, 7, 0, 0, 0, 42, 60, 15, 138, 250, 224, 170, 128, 0, 0, 0, 0, 0, 0, 0, 0, 0, 0, 0, 0, 0, 0, 0, 0, 0, 0, 0, 0, 0, 0, 0, 0, 0, 0, 0, 0, 0, 0, 0, 0, 0, 0, 0, 0, 0, 0, 0, 0, 0, 0, 0, 0, 0, 0, 0, 0, 0, 0, 0, 0, 0, 0, 0, 0, 0, 0, 0, 0, 0, 0, 0, 0, 0, 0, 0, 0, 0, 0, 0, 0, 0, 0, 0, 0, 0, 0, 0, 0, 0, 0, 0, 0, 0, 0, 0, 0, 0, 0, 0, 0, 0, 0, 0, 0, 0, 0, 0, 0, 0, 0, 0, 0, 0, 0, 0, 0, 0, 0, 0, 0, 0, 0, 0, 0, 0, 0, 0, 0, 0, 0, 0, 0, 0, 0, 0, 0, 0, 0, 0, 0, 0, 0, 0, 0, 0, 0, 0, 0, 0, 0, 0, 0, 0, 0, 0, 0, 0, 0, 0, 0, 0, 0, 0, 0, 0, 0, 0, 0, 0, 0, 0, 0, 0, 0, 0, 0, 0, 0, 0, 0, 0, 0, 0, 0, 0, 0, 0, 0, 0, 0, 0, 0, 0, 0, 0, 0, 0, 0, 0, 0, 0, 0, 0, 0, 0, 0, 0, 0, 0, 0, 0, 0, 0, 0, 0, 0, 0, 0, 0, 0, 0, 0, 0, 0, 0, 0, 0, 0, 0, 0, 0, 0, 0, 0, 0, 0, 0, 0, 0, 0, 0, 0, 0, 0, 0, 0, 0, 0, 0, 0, 0, 0, 0, 0, 0, 0, 0, 0, 0, 0, 0, 0, 0, 0, 0, 0, 0, 0, 0, 0, 0, 0, 0, 0, 0, 0, 0, 0, 0, 0, 0, 0, 0, 0, 0, 0, 0, 0, 0, 0, 0, 0, 0, 0, 0, 0, 0, 0, 0, 0, 0, 0, 0, 0, 0, 0, 0, 0, 0, 0, 0, 0, 0, 0, 0, 0, 0, 0, 0, 0, 0, 0, 0, 0, 0, 0, 0, 0, 0, 0, 0, 0, 0, 0, 0, 0, 0, 0, 0, 0, 0, 0, 0, 0, 0, 0, 0, 0, 0, 0, 0, 0, 0, 0, 0, 0, 0, 0, 0, 0, 0, 0, 0, 0, 0, 0, 0, 0, 0, 0, 0, 0, 0, 0, 0, 0, 0, 0, 0, 0, 0, 0, 0, 0, 0, 0, 0, 0, 0, 0, 0, 0, 0, 0, 0, 0, 0, 0, 0, 0, 0, 0, 0, 0, 0, 0, 0, 0, 0, 0, 0, 0, 0, 0, 0, 0, 0, 0, 0, 0, 0, 0, 0, 0, 0, 0, 0, 0, 0, 0, 0, 0, 234, 78, 126]
systemId: N342ME
endpointUuid: 941c31b8-55f5-4623-a702-9f0c14bbeab0
msgType: BcastMsgType_Data_ADSB
dataAdsb: {
  rawData: [126, 7, 0, 0, 0, 42, 60, 15, 138, 250, 224, 170, 128, 0, 0, 0, 0, 0, 0, 0, 0, 0, 0, 0, 0, 0, 0, 0, 0, 0, 0, 0, 0, 0, 0, 0, 0, 0, 0, 0, 0, 0, 0, 0, 0, 0, 0, 0, 0, 0, 0, 0, 0, 0, 0, 0, 0, 0, 0, 0, 0, 0, 0, 0, 0, 0, 0, 0, 0, 0, 0, 0, 0, 0, 0, 0, 0, 0, 0, 0, 0, 0, 0, 0, 0, 0, 0, 0, 0, 0, 0, 0, 0, 0, 0, 0, 0, 0, 0, 0, 0, 0, 0, 0, 0, 0, 0, 0, 0, 0, 0, 0, 0, 0, 0, 0, 0, 0, 0, 0, 0, 0, 0, 0, 0, 0, 0, 0, 0, 0, 0, 0, 0, 0, 0, 0, 0, 0, 0, 0, 0, 0, 0, 0, 0, 0, 0, 0, 0, 0, 0, 0, 0, 0, 0, 0, 0, 0, 0, 0, 0, 0, 0, 0, 0, 0, 0, 0, 0, 0, 0, 0, 0, 0, 0, 0, 0, 0, 0, 0, 0, 0, 0, 0, 0, 0, 0, 0, 0, 0, 0, 0, 0, 0, 0, 0, 0, 0, 0, 0, 0, 0, 0, 0, 0, 0, 0, 0, 0, 0, 0, 0, 0, 0, 0, 0, 0, 0, 0, 0, 0, 0, 0, 0, 0, 0, 0, 0, 0, 0, 0, 0, 0, 0, 0, 0, 0, 0, 0, 0, 0, 0, 0, 0, 0, 0, 0, 0, 0, 0, 0, 0, 0, 0, 0, 0, 0, 0, 0, 0, 0, 0, 0, 0, 0, 0, 0, 0, 0, 0, 0, 0, 0, 0, 0, 0, 0, 0, 0, 0, 0, 0, 0, 0, 0, 0, 0, 0, 0, 0, 0, 0, 0, 0, 0, 0, 0, 0, 0, 0, 0, 0, 0, 0, 0, 0, 0, 0, 0, 0, 0, 0, 0, 0, 0, 0, 0, 0, 0, 0, 0, 0, 0, 0, 0, 0, 0, 0, 0, 0, 0, 0, 0, 0, 0, 0, 0, 0, 0, 0, 0, 0, 0, 0, 0, 0, 0, 0, 0, 0, 0, 0, 0, 0, 0, 0, 0, 0, 0, 0, 0, 0, 0, 0, 0, 0, 0, 0, 0, 0, 0, 0, 0, 0, 0, 0, 0, 0, 0, 0, 0, 0, 0, 0, 0, 0, 0, 0, 0, 0, 0, 0, 0, 0, 0, 0, 0, 0, 0, 0, 0, 0, 0, 0, 0, 0, 0, 0, 0, 0, 0, 0, 0, 0, 0, 0, 0, 0, 0, 0, 0, 0, 0, 0, 0, 0, 0, 0, 0, 0, 0, 0, 0, 0, 0, 0, 0, 234, 78, 126]
}

4000:Uplink, 436 bytes
4000:Uplink, 436 bytes
message on port 8384:
[10, 6, 78, 51, 52, 50, 77, 69, 18, 36, 57, 52, 49, 99, 51, 49, 98, 56, 45, 53, 53, 102, 53, 45, 52, 54, 50, 51, 45, 97, 55, 48, 50, 45, 57, 102, 48, 99, 49, 52, 98, 98, 101, 97, 98, 48, 24, 2, 42, 40, 8, 181, 189, 167, 202, 6, 18, 10, 13, 61, 150, 237, 65, 21, 60, 138, 164, 194, 29, 208, 177, 59, 66, 37, 205, 204, 204, 60, 45, 91, 160, 108, 67, 53, 144, 94, 209, 64, 56, 1]
systemId: N342ME
endpointUuid: 941c31b8-55f5-4623-a702-9f0c14bbeab0
msgType: BcastMsgType_Data_GPS
dataGps: {
  timestamp: 1766448821
  geo: {
    lat: 29.6983585357666
    lon: -82.26998901367188
  }
  altM: 46.92364501953125
  gndSpdKts: 0.02500000037252903
  gndTrkDegt: 236.6263885498047
  magVarDeg: 6.542793273925781
  valid: true
}

message on port 8384:
[10, 6, 78, 51, 52, 50, 77, 69, 18, 36, 57, 52, 49, 99, 51, 49, 98, 56, 45, 53, 53, 102, 53, 45, 52, 54, 50, 51, 45, 97, 55, 48, 50, 45, 57, 102, 48, 99, 49, 52, 98, 98, 101, 97, 98, 48, 24, 3, 50, 65, 8, 181, 189, 167, 202, 6, 24, 1, 37, 0, 174, 13, 64, 40, 1, 53, 0, 136, 164, 191, 56, 1, 69, 10, 150, 113, 67, 72, 1, 85, 85, 203, 181, 60, 88, 1, 101, 197, 15, 134, 194, 104, 1, 117, 64, 61, 54, 64, 120, 1, 133, 1, 0, 0, 0, 0, 136, 1, 1, 149, 1, 0, 0, 0, 0]
systemId: N342ME
endpointUuid: 941c31b8-55f5-4623-a702-9f0c14bbeab0
msgType: BcastMsgType_Data_ADAHRS
dataAdahrs: {
  timestamp: 1766448821
  pitchValid: true
  pitchDeg: 2.2137451171875
  rollValid: true
  rollDeg: -1.285400390625
  headingValid: true
  headingDegm: 241.58609008789062
  lateralAccelValid: true
  lateralAccelG: 0.02219168283045292
  altPresValid: true
  altPresMslM: -67.03079986572266
  altIndValid: true
  altIndMslM: 2.8474884033203125
  airspeedTrueValid: true
  airspeedTrueKts: 0.0
  airspeedIndValid: true
  airspeedIndKts: 0.0
}

message on port 8384:
[10, 6, 78, 51, 52, 50, 77, 69, 18, 36, 57, 52, 49, 99, 51, 49, 98, 56, 45, 53, 53, 102, 53, 45, 52, 54, 50, 51, 45, 97, 55, 48, 50, 45, 57, 102, 48, 99, 49, 52, 98, 98, 101, 97, 98, 48, 24, 1, 34, 120, 10, 6, 78, 51, 52, 50, 77, 69, 16, 182, 189, 167, 202, 6, 26, 7, 48, 46, 48, 46, 48, 46, 48, 32, 192, 65, 40, 1, 50, 14, 8, 1, 16, 1, 24, 1, 32, 1, 40, 1, 48, 1, 56, 1, 58, 20, 68, 121, 110, 111, 110, 32, 65, 118, 105, 111, 110, 105, 99, 115, 44, 32, 73, 110, 99, 46, 66, 7, 83, 107, 121, 86, 105, 101, 119, 74, 10, 68, 49, 48, 48, 48, 47, 68, 55, 48, 48, 82, 6, 48, 50, 52, 51, 53, 54, 90, 12, 49, 54, 46, 55, 46, 50, 46, 49, 50, 48, 55, 51, 98, 9, 98, 117, 105, 108, 100, 114, 111, 111, 116]
systemId: N342ME
endpointUuid: 941c31b8-55f5-4623-a702-9f0c14bbeab0
msgType: BcastMsgType_Heartbeat
heartbeat: {
  systemId: N342ME
  timestamp: 1766448822
  ipAddress: 0.0.0.0
  ipPort: 8384
  isEfis: true
  capabilities: {
    status: true
    gps: true
    ahrs: true
    adahrs: true
    fplSend: true
    fplReceive: true
    adsb: true
  }
  prodMake: Dynon Avionics, Inc.
  prodName: SkyView
  prodModel: D1000/D700
  prodSerial: 024356
  prodFirmware: 16.7.2.12073
  hostname: buildroot
}

message on port 8384:
[10, 6, 78, 51, 52, 50, 77, 69, 18, 36, 57, 52, 49, 99, 51, 49, 98, 56, 45, 53, 53, 102, 53, 45, 52, 54, 50, 51, 45, 97, 55, 48, 50, 45, 57, 102, 48, 99, 49, 52, 98, 98, 101, 97, 98, 48, 24, 2, 42, 40, 8, 182, 189, 167, 202, 6, 18, 10, 13, 61, 150, 237, 65, 21, 60, 138, 164, 194, 29, 208, 177, 59, 66, 37, 158, 239, 39, 61, 45, 91, 160, 108, 67, 53, 144, 94, 209, 64, 56, 1]
systemId: N342ME
endpointUuid: 941c31b8-55f5-4623-a702-9f0c14bbeab0
msgType: BcastMsgType_Data_GPS
dataGps: {
  timestamp: 1766448822
  geo: {
    lat: 29.6983585357666
    lon: -82.26998901367188
  }
  altM: 46.92364501953125
  gndSpdKts: 0.04100000113248825
  gndTrkDegt: 236.6263885498047
  magVarDeg: 6.542793273925781
  valid: true
}

message on port 8384:
[10, 6, 78, 51, 52, 50, 77, 69, 18, 36, 57, 52, 49, 99, 51, 49, 98, 56, 45, 53, 53, 102, 53, 45, 52, 54, 50, 51, 45, 97, 55, 48, 50, 45, 57, 102, 48, 99, 49, 52, 98, 98, 101, 97, 98, 48, 24, 3, 50, 65, 8, 182, 189, 167, 202, 6, 24, 1, 37, 0, 174, 13, 64, 40, 1, 53, 0, 136, 164, 191, 56, 1, 69, 114, 151, 113, 67, 72, 1, 85, 178, 219, 173, 60, 88, 1, 101, 197, 15, 134, 194, 104, 1, 117, 64, 61, 54, 64, 120, 1, 133, 1, 0, 0, 0, 0, 136, 1, 1, 149, 1, 0, 0, 0, 0]
systemId: N342ME
endpointUuid: 941c31b8-55f5-4623-a702-9f0c14bbeab0
msgType: BcastMsgType_Data_ADAHRS
dataAdahrs: {
  timestamp: 1766448822
  pitchValid: true
  pitchDeg: 2.2137451171875
  rollValid: true
  rollDeg: -1.285400390625
  headingValid: true
  headingDegm: 241.59158325195312
  lateralAccelValid: true
  lateralAccelG: 0.021222922950983047
  altPresValid: true
  altPresMslM: -67.03079986572266
  altIndValid: true
  altIndMslM: 2.8474884033203125
  airspeedTrueValid: true
  airspeedTrueKts: 0.0
  airspeedIndValid: true
  airspeedIndKts: 0.0
}

4000:Traffic: N342ME/A3C5D4 29.698,-82.270 NIC=10 NACp=8 palt=0 palt=0
message on port 8384:
[10, 6, 78, 51, 52, 50, 77, 69, 18, 36, 57, 52, 49, 99, 51, 49, 98, 56, 45, 53, 53, 102, 53, 45, 52, 54, 50, 51, 45, 97, 55, 48, 50, 45, 57, 102, 48, 99, 49, 52, 98, 98, 101, 97, 98, 48, 24, 4, 58, 34, 10, 32, 126, 20, 0, 163, 197, 212, 21, 30, 107, 197, 127, 51, 2, 130, 168, 0, 0, 0, 0, 1, 78, 51, 52, 50, 77, 69, 32, 32, 0, 76, 58, 126]
systemId: N342ME
endpointUuid: 941c31b8-55f5-4623-a702-9f0c14bbeab0
msgType: BcastMsgType_Data_ADSB
dataAdsb: {
  rawData: [126, 20, 0, 163, 197, 212, 21, 30, 107, 197, 127, 51, 2, 130, 168, 0, 0, 0, 0, 1, 78, 51, 52, 50, 77, 69, 32, 32, 0, 76, 58, 126]
}

message on port 8384:
[10, 6, 78, 51, 52, 50, 77, 69, 18, 36, 57, 52, 49, 99, 51, 49, 98, 56, 45, 53, 53, 102, 53, 45, 52, 54, 50, 51, 45, 97, 55, 48, 50, 45, 57, 102, 48, 99, 49, 52, 98, 98, 101, 97, 98, 48, 24, 4, 58, 34, 10, 32, 126, 20, 0, 161, 11, 178, 21, 43, 76, 197, 101, 206, 5, 74, 137, 5, 208, 2, 194, 7, 78, 49, 54, 55, 65, 67, 32, 32, 0, 50, 50, 126]
systemId: N342ME
endpointUuid: 941c31b8-55f5-4623-a702-9f0c14bbeab0
msgType: BcastMsgType_Data_ADSB
dataAdsb: {
  rawData: [126, 20, 0, 161, 11, 178, 21, 43, 76, 197, 101, 206, 5, 74, 137, 5, 208, 2, 194, 7, 78, 49, 54, 55, 65, 67, 32, 32, 0, 50, 50, 126]
}

4000:Traffic: N167AC/A10BB2 29.769,-82.410 NIC=8 NACp=9 palt=1100 palt=1100
4000:Traffic: PDT5973/A89076 29.699,-82.323 NIC=8 NACp=9 palt=500 palt=500
message on port 8384:
[10, 6, 78, 51, 52, 50, 77, 69, 18, 36, 57, 52, 49, 99, 51, 49, 98, 56, 45, 53, 53, 102, 53, 45, 52, 54, 50, 51, 45, 97, 55, 48, 50, 45, 57, 102, 48, 99, 49, 52, 98, 98, 101, 97, 98, 48, 24, 4, 58, 34, 10, 32, 126, 20, 0, 168, 144, 118, 21, 30, 119, 197, 117, 162, 3, 202, 137, 8, 15, 244, 72, 2, 80, 68, 84, 53, 57, 55, 51, 32, 0, 178, 43, 126]
systemId: N342ME
endpointUuid: 941c31b8-55f5-4623-a702-9f0c14bbeab0
msgType: BcastMsgType_Data_ADSB
dataAdsb: {
  rawData: [126, 20, 0, 168, 144, 118, 21, 30, 119, 197, 117, 162, 3, 202, 137, 8, 15, 244, 72, 2, 80, 68, 84, 53, 57, 55, 51, 32, 0, 178, 43, 126]
}

message on port 8384:
[10, 6, 78, 51, 52, 50, 77, 69, 18, 36, 57, 52, 49, 99, 51, 49, 98, 56, 45, 53, 53, 102, 53, 45, 52, 54, 50, 51, 45, 97, 55, 48, 50, 45, 57, 102, 48, 99, 49, 52, 98, 98, 101, 97, 98, 48, 24, 2, 42, 40, 8, 182, 189, 167, 202, 6, 18, 10, 13, 61, 150, 237, 65, 21, 60, 138, 164, 194, 29, 208, 177, 59, 66, 37, 105, 145, 237, 60, 45, 91, 160, 108, 67, 53, 144, 94, 209, 64, 56, 1]
systemId: N342ME
endpointUuid: 941c31b8-55f5-4623-a702-9f0c14bbeab0
msgType: BcastMsgType_Data_GPS
dataGps: {
  timestamp: 1766448822
  geo: {
    lat: 29.6983585357666
    lon: -82.26998901367188
  }
  altM: 46.92364501953125
  gndSpdKts: 0.029000001028180122
  gndTrkDegt: 236.6263885498047
  magVarDeg: 6.542793273925781
  valid: true
}

message on port 8384:
[10, 6, 78, 51, 52, 50, 77, 69, 18, 36, 57, 52, 49, 99, 51, 49, 98, 56, 45, 53, 53, 102, 53, 45, 52, 54, 50, 51, 45, 97, 55, 48, 50, 45, 57, 102, 48, 99, 49, 52, 98, 98, 101, 97, 98, 48, 24, 3, 50, 65, 8, 182, 189, 167, 202, 6, 24, 1, 37, 0, 36, 16, 64, 40, 1, 53, 0, 136, 164, 191, 56, 1, 69, 18, 157, 113, 67, 72, 1, 85, 208, 151, 178, 60, 88, 1, 101, 197, 15, 134, 194, 104, 1, 117, 64, 61, 54, 64, 120, 1, 133, 1, 0, 0, 0, 0, 136, 1, 1, 149, 1, 0, 0, 0, 0]
systemId: N342ME
endpointUuid: 941c31b8-55f5-4623-a702-9f0c14bbeab0
msgType: BcastMsgType_Data_ADAHRS
dataAdahrs: {
  timestamp: 1766448822
  pitchValid: true
  pitchDeg: 2.252197265625
  rollValid: true
  rollDeg: -1.285400390625
  headingValid: true
  headingDegm: 241.61355590820312
  lateralAccelValid: true
  lateralAccelG: 0.021800905466079712
  altPresValid: true
  altPresMslM: -67.03079986572266
  altIndValid: true
  altIndMslM: 2.8474884033203125
  airspeedTrueValid: true
  airspeedTrueKts: 0.0
  airspeedIndValid: true
  airspeedIndKts: 0.0
}

message on port 8384:
[10, 6, 78, 51, 52, 50, 77, 69, 18, 36, 57, 52, 49, 99, 51, 49, 98, 56, 45, 53, 53, 102, 53, 45, 52, 54, 50, 51, 45, 97, 55, 48, 50, 45, 57, 102, 48, 99, 49, 52, 98, 98, 101, 97, 98, 48, 24, 2, 42, 40, 8, 182, 189, 167, 202, 6, 18, 10, 13, 62, 150, 237, 65, 21, 60, 138, 164, 194, 29, 208, 177, 59, 66, 37, 2, 43, 135, 61, 45, 91, 160, 108, 67, 53, 144, 94, 209, 64, 56, 1]
systemId: N342ME
endpointUuid: 941c31b8-55f5-4623-a702-9f0c14bbeab0
msgType: BcastMsgType_Data_GPS
dataGps: {
  timestamp: 1766448822
  geo: {
    lat: 29.698360443115234
    lon: -82.26998901367188
  }
  altM: 46.92364501953125
  gndSpdKts: 0.06599999964237213
  gndTrkDegt: 236.6263885498047
  magVarDeg: 6.542793273925781
  valid: true
}

message on port 8384:
[10, 6, 78, 51, 52, 50, 77, 69, 18, 36, 57, 52, 49, 99, 51, 49, 98, 56, 45, 53, 53, 102, 53, 45, 52, 54, 50, 51, 45, 97, 55, 48, 50, 45, 57, 102, 48, 99, 49, 52, 98, 98, 101, 97, 98, 48, 24, 3, 50, 65, 8, 182, 189, 167, 202, 6, 24, 1, 37, 0, 36, 16, 64, 40, 1, 53, 0, 136, 164, 191, 56, 1, 69, 74, 161, 113, 67, 72, 1, 85, 42, 47, 170, 60, 88, 1, 101, 197, 15, 134, 194, 104, 1, 117, 64, 61, 54, 64, 120, 1, 133, 1, 0, 0, 0, 0, 136, 1, 1, 149, 1, 0, 0, 0, 0]
systemId: N342ME
endpointUuid: 941c31b8-55f5-4623-a702-9f0c14bbeab0
msgType: BcastMsgType_Data_ADAHRS
dataAdahrs: {
  timestamp: 1766448822
  pitchValid: true
  pitchDeg: 2.252197265625
  rollValid: true
  rollDeg: -1.285400390625
  headingValid: true
  headingDegm: 241.63003540039062
  lateralAccelValid: true
  lateralAccelG: 0.020774442702531815
  altPresValid: true
  altPresMslM: -67.03079986572266
  altIndValid: true
  altIndMslM: 2.8474884033203125
  airspeedTrueValid: true
  airspeedTrueKts: 0.0
  airspeedIndValid: true
  airspeedIndKts: 0.0
}

4000:Uplink, 436 bytes
4000:Uplink, 436 bytes
4000:Traffic: N342ME/A3C5D4 29.698,-82.270 NIC=8 NACp=8 palt=0 palt=0
4000:Traffic: N167AC/A10BB2 29.769,-82.410 NIC=8 NACp=9 palt=1100 palt=1100
4000:Traffic: PDT5973/A89076 29.699,-82.323 NIC=8 NACp=9 palt=500 palt=500
message on port 8384:
[10, 6, 78, 51, 52, 50, 77, 69, 18, 36, 57, 52, 49, 99, 51, 49, 98, 56, 45, 53, 53, 102, 53, 45, 52, 54, 50, 51, 45, 97, 55, 48, 50, 45, 57, 102, 48, 99, 49, 52, 98, 98, 101, 97, 98, 48, 24, 4, 58, 187, 3, 10, 184, 3, 126, 7, 0, 0, 0, 42, 60, 15, 138, 250, 224, 162, 128, 0, 0, 0, 0, 0, 0, 0, 0, 0, 0, 0, 0, 0, 0, 0, 0, 0, 0, 0, 0, 0, 0, 0, 0, 0, 0, 0, 0, 0, 0, 0, 0, 0, 0, 0, 0, 0, 0, 0, 0, 0, 0, 0, 0, 0, 0, 0, 0, 0, 0, 0, 0, 0, 0, 0, 0, 0, 0, 0, 0, 0, 0, 0, 0, 0, 0, 0, 0, 0, 0, 0, 0, 0, 0, 0, 0, 0, 0, 0, 0, 0, 0, 0, 0, 0, 0, 0, 0, 0, 0, 0, 0, 0, 0, 0, 0, 0, 0, 0, 0, 0, 0, 0, 0, 0, 0, 0, 0, 0, 0, 0, 0, 0, 0, 0, 0, 0, 0, 0, 0, 0, 0, 0, 0, 0, 0, 0, 0, 0, 0, 0, 0, 0, 0, 0, 0, 0, 0, 0, 0, 0, 0, 0, 0, 0, 0, 0, 0, 0, 0, 0, 0, 0, 0, 0, 0, 0, 0, 0, 0, 0, 0, 0, 0, 0, 0, 0, 0, 0, 0, 0, 0, 0, 0, 0, 0, 0, 0, 0, 0, 0, 0, 0, 0, 0, 0, 0, 0, 0, 0, 0, 0, 0, 0, 0, 0, 0, 0, 0, 0, 0, 0, 0, 0, 0, 0, 0, 0, 0, 0, 0, 0, 0, 0, 0, 0, 0, 0, 0, 0, 0, 0, 0, 0, 0, 0, 0, 0, 0, 0, 0, 0, 0, 0, 0, 0, 0, 0, 0, 0, 0, 0, 0, 0, 0, 0, 0, 0, 0, 0, 0, 0, 0, 0, 0, 0, 0, 0, 0, 0, 0, 0, 0, 0, 0, 0, 0, 0, 0, 0, 0, 0, 0, 0, 0, 0, 0, 0, 0, 0, 0, 0, 0, 0, 0, 0, 0, 0, 0, 0, 0, 0, 0, 0, 0, 0, 0, 0, 0, 0, 0, 0, 0, 0, 0, 0, 0, 0, 0, 0, 0, 0, 0, 0, 0, 0, 0, 0, 0, 0, 0, 0, 0, 0, 0, 0, 0, 0, 0, 0, 0, 0, 0, 0, 0, 0, 0, 0, 0, 0, 0, 0, 0, 0, 0, 0, 0, 0, 0, 0, 0, 0, 0, 0, 0, 0, 0, 0, 0, 0, 0, 0, 0, 0, 0, 0, 0, 0, 0, 0, 0, 0, 0, 0, 0, 0, 0, 0, 0, 0, 0, 0, 0, 0, 0, 0, 0, 0, 0, 0, 0, 0, 0, 0, 0, 0, 0, 0, 0, 0, 0, 0, 0, 0, 0, 0, 0, 0, 0, 0, 0, 0, 0, 0, 0, 0, 0, 0, 0, 0, 0, 0, 0, 0, 154, 45, 126]
systemId: N342ME
endpointUuid: 941c31b8-55f5-4623-a702-9f0c14bbeab0
msgType: BcastMsgType_Data_ADSB
dataAdsb: {
  rawData: [126, 7, 0, 0, 0, 42, 60, 15, 138, 250, 224, 162, 128, 0, 0, 0, 0, 0, 0, 0, 0, 0, 0, 0, 0, 0, 0, 0, 0, 0, 0, 0, 0, 0, 0, 0, 0, 0, 0, 0, 0, 0, 0, 0, 0, 0, 0, 0, 0, 0, 0, 0, 0, 0, 0, 0, 0, 0, 0, 0, 0, 0, 0, 0, 0, 0, 0, 0, 0, 0, 0, 0, 0, 0, 0, 0, 0, 0, 0, 0, 0, 0, 0, 0, 0, 0, 0, 0, 0, 0, 0, 0, 0, 0, 0, 0, 0, 0, 0, 0, 0, 0, 0, 0, 0, 0, 0, 0, 0, 0, 0, 0, 0, 0, 0, 0, 0, 0, 0, 0, 0, 0, 0, 0, 0, 0, 0, 0, 0, 0, 0, 0, 0, 0, 0, 0, 0, 0, 0, 0, 0, 0, 0, 0, 0, 0, 0, 0, 0, 0, 0, 0, 0, 0, 0, 0, 0, 0, 0, 0, 0, 0, 0, 0, 0, 0, 0, 0, 0, 0, 0, 0, 0, 0, 0, 0, 0, 0, 0, 0, 0, 0, 0, 0, 0, 0, 0, 0, 0, 0, 0, 0, 0, 0, 0, 0, 0, 0, 0, 0, 0, 0, 0, 0, 0, 0, 0, 0, 0, 0, 0, 0, 0, 0, 0, 0, 0, 0, 0, 0, 0, 0, 0, 0, 0, 0, 0, 0, 0, 0, 0, 0, 0, 0, 0, 0, 0, 0, 0, 0, 0, 0, 0, 0, 0, 0, 0, 0, 0, 0, 0, 0, 0, 0, 0, 0, 0, 0, 0, 0, 0, 0, 0, 0, 0, 0, 0, 0, 0, 0, 0, 0, 0, 0, 0, 0, 0, 0, 0, 0, 0, 0, 0, 0, 0, 0, 0, 0, 0, 0, 0, 0, 0, 0, 0, 0, 0, 0, 0, 0, 0, 0, 0, 0, 0, 0, 0, 0, 0, 0, 0, 0, 0, 0, 0, 0, 0, 0, 0, 0, 0, 0, 0, 0, 0, 0, 0, 0, 0, 0, 0, 0, 0, 0, 0, 0, 0, 0, 0, 0, 0, 0, 0, 0, 0, 0, 0, 0, 0, 0, 0, 0, 0, 0, 0, 0, 0, 0, 0, 0, 0, 0, 0, 0, 0, 0, 0, 0, 0, 0, 0, 0, 0, 0, 0, 0, 0, 0, 0, 0, 0, 0, 0, 0, 0, 0, 0, 0, 0, 0, 0, 0, 0, 0, 0, 0, 0, 0, 0, 0, 0, 0, 0, 0, 0, 0, 0, 0, 0, 0, 0, 0, 0, 0, 0, 0, 0, 0, 0, 0, 0, 0, 0, 0, 0, 0, 0, 0, 0, 0, 0, 0, 0, 0, 0, 0, 0, 154, 45, 126]
}

message on port 8384:
[10, 6, 78, 51, 52, 50, 77, 69, 18, 36, 57, 52, 49, 99, 51, 49, 98, 56, 45, 53, 53, 102, 53, 45, 52, 54, 50, 51, 45, 97, 55, 48, 50, 45, 57, 102, 48, 99, 49, 52, 98, 98, 101, 97, 98, 48, 24, 2, 42, 40, 8, 182, 189, 167, 202, 6, 18, 10, 13, 62, 150, 237, 65, 21, 60, 138, 164, 194, 29, 106, 75, 59, 66, 37, 2, 43, 135, 61, 45, 91, 160, 108, 67, 53, 144, 94, 209, 64, 56, 1]
systemId: N342ME
endpointUuid: 941c31b8-55f5-4623-a702-9f0c14bbeab0
msgType: BcastMsgType_Data_GPS
dataGps: {
  timestamp: 1766448822
  geo: {
    lat: 29.698360443115234
    lon: -82.26998901367188
  }
  altM: 46.823646545410156
  gndSpdKts: 0.06599999964237213
  gndTrkDegt: 236.6263885498047
  magVarDeg: 6.542793273925781
  valid: true
}

message on port 8384:
[10, 6, 78, 51, 52, 50, 77, 69, 18, 36, 57, 52, 49, 99, 51, 49, 98, 56, 45, 53, 53, 102, 53, 45, 52, 54, 50, 51, 45, 97, 55, 48, 50, 45, 57, 102, 48, 99, 49, 52, 98, 98, 101, 97, 98, 48, 24, 3, 50, 65, 8, 182, 189, 167, 202, 6, 24, 1, 37, 0, 36, 16, 64, 40, 1, 53, 0, 240, 165, 191, 56, 1, 69, 178, 162, 113, 67, 72, 1, 85, 74, 183, 178, 60, 88, 1, 101, 197, 15, 134, 194, 104, 1, 117, 64, 61, 54, 64, 120, 1, 133, 1, 0, 0, 0, 0, 136, 1, 1, 149, 1, 0, 0, 0, 0]
systemId: N342ME
endpointUuid: 941c31b8-55f5-4623-a702-9f0c14bbeab0
msgType: BcastMsgType_Data_ADAHRS
dataAdahrs: {
  timestamp: 1766448822
  pitchValid: true
  pitchDeg: 2.252197265625
  rollValid: true
  rollDeg: -1.29638671875
  headingValid: true
  headingDegm: 241.63552856445312
  lateralAccelValid: true
  lateralAccelG: 0.021815914660692215
  altPresValid: true
  altPresMslM: -67.03079986572266
  altIndValid: true
  altIndMslM: 2.8474884033203125
  airspeedTrueValid: true
  airspeedTrueKts: 0.0
  airspeedIndValid: true
  airspeedIndKts: 0.0
}

message on port 8384:
[10, 6, 78, 51, 52, 50, 77, 69, 18, 36, 57, 52, 49, 99, 51, 49, 98, 56, 45, 53, 53, 102, 53, 45, 52, 54, 50, 51, 45, 97, 55, 48, 50, 45, 57, 102, 48, 99, 49, 52, 98, 98, 101, 97, 98, 48, 24, 4, 58, 187, 3, 10, 184, 3, 126, 7, 0, 0, 0, 42, 60, 15, 138, 250, 224, 171, 128, 0, 0, 0, 0, 0, 0, 0, 0, 0, 0, 0, 0, 0, 0, 0, 0, 0, 0, 0, 0, 0, 0, 0, 0, 0, 0, 0, 0, 0, 0, 0, 0, 0, 0, 0, 0, 0, 0, 0, 0, 0, 0, 0, 0, 0, 0, 0, 0, 0, 0, 0, 0, 0, 0, 0, 0, 0, 0, 0, 0, 0, 0, 0, 0, 0, 0, 0, 0, 0, 0, 0, 0, 0, 0, 0, 0, 0, 0, 0, 0, 0, 0, 0, 0, 0, 0, 0, 0, 0, 0, 0, 0, 0, 0, 0, 0, 0, 0, 0, 0, 0, 0, 0, 0, 0, 0, 0, 0, 0, 0, 0, 0, 0, 0, 0, 0, 0, 0, 0, 0, 0, 0, 0, 0, 0, 0, 0, 0, 0, 0, 0, 0, 0, 0, 0, 0, 0, 0, 0, 0, 0, 0, 0, 0, 0, 0, 0, 0, 0, 0, 0, 0, 0, 0, 0, 0, 0, 0, 0, 0, 0, 0, 0, 0, 0, 0, 0, 0, 0, 0, 0, 0, 0, 0, 0, 0, 0, 0, 0, 0, 0, 0, 0, 0, 0, 0, 0, 0, 0, 0, 0, 0, 0, 0, 0, 0, 0, 0, 0, 0, 0, 0, 0, 0, 0, 0, 0, 0, 0, 0, 0, 0, 0, 0, 0, 0, 0, 0, 0, 0, 0, 0, 0, 0, 0, 0, 0, 0, 0, 0, 0, 0, 0, 0, 0, 0, 0, 0, 0, 0, 0, 0, 0, 0, 0, 0, 0, 0, 0, 0, 0, 0, 0, 0, 0, 0, 0, 0, 0, 0, 0, 0, 0, 0, 0, 0, 0, 0, 0, 0, 0, 0, 0, 0, 0, 0, 0, 0, 0, 0, 0, 0, 0, 0, 0, 0, 0, 0, 0, 0, 0, 0, 0, 0, 0, 0, 0, 0, 0, 0, 0, 0, 0, 0, 0, 0, 0, 0, 0, 0, 0, 0, 0, 0, 0, 0, 0, 0, 0, 0, 0, 0, 0, 0, 0, 0, 0, 0, 0, 0, 0, 0, 0, 0, 0, 0, 0, 0, 0, 0, 0, 0, 0, 0, 0, 0, 0, 0, 0, 0, 0, 0, 0, 0, 0, 0, 0, 0, 0, 0, 0, 0, 0, 0, 0, 0, 0, 0, 0, 0, 0, 0, 0, 0, 0, 0, 0, 0, 0, 0, 0, 0, 0, 0, 0, 0, 0, 0, 0, 0, 0, 0, 0, 0, 0, 0, 0, 0, 0, 0, 0, 0, 0, 0, 0, 0, 0, 0, 0, 0, 0, 0, 0, 0, 0, 0, 0, 0, 0, 0, 0, 0, 0, 0, 132, 66, 126]
systemId: N342ME
endpointUuid: 941c31b8-55f5-4623-a702-9f0c14bbeab0
msgType: BcastMsgType_Data_ADSB
dataAdsb: {
  rawData: [126, 7, 0, 0, 0, 42, 60, 15, 138, 250, 224, 171, 128, 0, 0, 0, 0, 0, 0, 0, 0, 0, 0, 0, 0, 0, 0, 0, 0, 0, 0, 0, 0, 0, 0, 0, 0, 0, 0, 0, 0, 0, 0, 0, 0, 0, 0, 0, 0, 0, 0, 0, 0, 0, 0, 0, 0, 0, 0, 0, 0, 0, 0, 0, 0, 0, 0, 0, 0, 0, 0, 0, 0, 0, 0, 0, 0, 0, 0, 0, 0, 0, 0, 0, 0, 0, 0, 0, 0, 0, 0, 0, 0, 0, 0, 0, 0, 0, 0, 0, 0, 0, 0, 0, 0, 0, 0, 0, 0, 0, 0, 0, 0, 0, 0, 0, 0, 0, 0, 0, 0, 0, 0, 0, 0, 0, 0, 0, 0, 0, 0, 0, 0, 0, 0, 0, 0, 0, 0, 0, 0, 0, 0, 0, 0, 0, 0, 0, 0, 0, 0, 0, 0, 0, 0, 0, 0, 0, 0, 0, 0, 0, 0, 0, 0, 0, 0, 0, 0, 0, 0, 0, 0, 0, 0, 0, 0, 0, 0, 0, 0, 0, 0, 0, 0, 0, 0, 0, 0, 0, 0, 0, 0, 0, 0, 0, 0, 0, 0, 0, 0, 0, 0, 0, 0, 0, 0, 0, 0, 0, 0, 0, 0, 0, 0, 0, 0, 0, 0, 0, 0, 0, 0, 0, 0, 0, 0, 0, 0, 0, 0, 0, 0, 0, 0, 0, 0, 0, 0, 0, 0, 0, 0, 0, 0, 0, 0, 0, 0, 0, 0, 0, 0, 0, 0, 0, 0, 0, 0, 0, 0, 0, 0, 0, 0, 0, 0, 0, 0, 0, 0, 0, 0, 0, 0, 0, 0, 0, 0, 0, 0, 0, 0, 0, 0, 0, 0, 0, 0, 0, 0, 0, 0, 0, 0, 0, 0, 0, 0, 0, 0, 0, 0, 0, 0, 0, 0, 0, 0, 0, 0, 0, 0, 0, 0, 0, 0, 0, 0, 0, 0, 0, 0, 0, 0, 0, 0, 0, 0, 0, 0, 0, 0, 0, 0, 0, 0, 0, 0, 0, 0, 0, 0, 0, 0, 0, 0, 0, 0, 0, 0, 0, 0, 0, 0, 0, 0, 0, 0, 0, 0, 0, 0, 0, 0, 0, 0, 0, 0, 0, 0, 0, 0, 0, 0, 0, 0, 0, 0, 0, 0, 0, 0, 0, 0, 0, 0, 0, 0, 0, 0, 0, 0, 0, 0, 0, 0, 0, 0, 0, 0, 0, 0, 0, 0, 0, 0, 0, 0, 0, 0, 0, 0, 0, 0, 0, 0, 0, 0, 0, 0, 0, 0, 0, 0, 0, 0, 0, 0, 0, 0, 0, 0, 0, 0, 0, 0, 132, 66, 126]
}

message on port 8384:
[10, 6, 78, 51, 52, 50, 77, 69, 18, 36, 57, 52, 49, 99, 51, 49, 98, 56, 45, 53, 53, 102, 53, 45, 52, 54, 50, 51, 45, 97, 55, 48, 50, 45, 57, 102, 48, 99, 49, 52, 98, 98, 101, 97, 98, 48, 24, 1, 34, 120, 10, 6, 78, 51, 52, 50, 77, 69, 16, 183, 189, 167, 202, 6, 26, 7, 48, 46, 48, 46, 48, 46, 48, 32, 192, 65, 40, 1, 50, 14, 8, 1, 16, 1, 24, 1, 32, 1, 40, 1, 48, 1, 56, 1, 58, 20, 68, 121, 110, 111, 110, 32, 65, 118, 105, 111, 110, 105, 99, 115, 44, 32, 73, 110, 99, 46, 66, 7, 83, 107, 121, 86, 105, 101, 119, 74, 10, 68, 49, 48, 48, 48, 47, 68, 55, 48, 48, 82, 6, 48, 50, 52, 51, 53, 54, 90, 12, 49, 54, 46, 55, 46, 50, 46, 49, 50, 48, 55, 51, 98, 9, 98, 117, 105, 108, 100, 114, 111, 111, 116]
systemId: N342ME
endpointUuid: 941c31b8-55f5-4623-a702-9f0c14bbeab0
msgType: BcastMsgType_Heartbeat
heartbeat: {
  systemId: N342ME
  timestamp: 1766448823
  ipAddress: 0.0.0.0
  ipPort: 8384
  isEfis: true
  capabilities: {
    status: true
    gps: true
    ahrs: true
    adahrs: true
    fplSend: true
    fplReceive: true
    adsb: true
  }
  prodMake: Dynon Avionics, Inc.
  prodName: SkyView
  prodModel: D1000/D700
  prodSerial: 024356
  prodFirmware: 16.7.2.12073
  hostname: buildroot
}

message on port 8384:
[10, 6, 78, 51, 52, 50, 77, 69, 18, 36, 57, 52, 49, 99, 51, 49, 98, 56, 45, 53, 53, 102, 53, 45, 52, 54, 50, 51, 45, 97, 55, 48, 50, 45, 57, 102, 48, 99, 49, 52, 98, 98, 101, 97, 98, 48, 24, 2, 42, 40, 8, 183, 189, 167, 202, 6, 18, 10, 13, 62, 150, 237, 65, 21, 60, 138, 164, 194, 29, 106, 75, 59, 66, 37, 27, 47, 93, 61, 45, 91, 160, 108, 67, 53, 144, 94, 209, 64, 56, 1]
systemId: N342ME
endpointUuid: 941c31b8-55f5-4623-a702-9f0c14bbeab0
msgType: BcastMsgType_Data_GPS
dataGps: {
  timestamp: 1766448823
  geo: {
    lat: 29.698360443115234
    lon: -82.26998901367188
  }
  altM: 46.823646545410156
  gndSpdKts: 0.05400000140070915
  gndTrkDegt: 236.6263885498047
  magVarDeg: 6.542793273925781
  valid: true
}

message on port 8384:
[10, 6, 78, 51, 52, 50, 77, 69, 18, 36, 57, 52, 49, 99, 51, 49, 98, 56, 45, 53, 53, 102, 53, 45, 52, 54, 50, 51, 45, 97, 55, 48, 50, 45, 57, 102, 48, 99, 49, 52, 98, 98, 101, 97, 98, 48, 24, 3, 50, 65, 8, 183, 189, 167, 202, 6, 24, 1, 37, 0, 22, 15, 64, 40, 1, 53, 0, 240, 165, 191, 56, 1, 69, 226, 159, 113, 67, 72, 1, 85, 84, 152, 189, 60, 88, 1, 101, 197, 15, 134, 194, 104, 1, 117, 64, 61, 54, 64, 120, 1, 133, 1, 0, 0, 0, 0, 136, 1, 1, 149, 1, 0, 0, 0, 0]
systemId: N342ME
endpointUuid: 941c31b8-55f5-4623-a702-9f0c14bbeab0
msgType: BcastMsgType_Data_ADAHRS
dataAdahrs: {
  timestamp: 1766448823
  pitchValid: true
  pitchDeg: 2.2357177734375
  rollValid: true
  rollDeg: -1.29638671875
  headingValid: true
  headingDegm: 241.62454223632812
  lateralAccelValid: true
  lateralAccelG: 0.02314392477273941
  altPresValid: true
  altPresMslM: -67.03079986572266
  altIndValid: true
  altIndMslM: 2.8474884033203125
  airspeedTrueValid: true
  airspeedTrueKts: 0.0
  airspeedIndValid: true
  airspeedIndKts: 0.0
}

message on port 8384:
[10, 6, 78, 51, 52, 50, 77, 69, 18, 36, 57, 52, 49, 99, 51, 49, 98, 56, 45, 53, 53, 102, 53, 45, 52, 54, 50, 51, 45, 97, 55, 48, 50, 45, 57, 102, 48, 99, 49, 52, 98, 98, 101, 97, 98, 48, 24, 2, 42, 40, 8, 183, 189, 167, 202, 6, 18, 10, 13, 62, 150, 237, 65, 21, 60, 138, 164, 194, 29, 106, 75, 59, 66, 37, 27, 47, 93, 61, 45, 91, 160, 108, 67, 53, 144, 94, 209, 64, 56, 1]
systemId: N342ME
endpointUuid: 941c31b8-55f5-4623-a702-9f0c14bbeab0
msgType: BcastMsgType_Data_GPS
dataGps: {
  timestamp: 1766448823
  geo: {
    lat: 29.698360443115234
    lon: -82.26998901367188
  }
  altM: 46.823646545410156
  gndSpdKts: 0.05400000140070915
  gndTrkDegt: 236.6263885498047
  magVarDeg: 6.542793273925781
  valid: true
}

message on port 8384:
[10, 6, 78, 51, 52, 50, 77, 69, 18, 36, 57, 52, 49, 99, 51, 49, 98, 56, 45, 53, 53, 102, 53, 45, 52, 54, 50, 51, 45, 97, 55, 48, 50, 45, 57, 102, 48, 99, 49, 52, 98, 98, 101, 97, 98, 48, 24, 3, 50, 65, 8, 183, 189, 167, 202, 6, 24, 1, 37, 0, 22, 15, 64, 40, 1, 53, 0, 60, 165, 191, 56, 1, 69, 122, 158, 113, 67, 72, 1, 85, 89, 119, 178, 60, 88, 1, 101, 197, 15, 134, 194, 104, 1, 117, 64, 61, 54, 64, 120, 1, 133, 1, 0, 0, 0, 0, 136, 1, 1, 149, 1, 0, 0, 0, 0]
systemId: N342ME
endpointUuid: 941c31b8-55f5-4623-a702-9f0c14bbeab0
msgType: BcastMsgType_Data_ADAHRS
dataAdahrs: {
  timestamp: 1766448823
  pitchValid: true
  pitchDeg: 2.2357177734375
  rollValid: true
  rollDeg: -1.2908935546875
  headingValid: true
  headingDegm: 241.61904907226562
  lateralAccelValid: true
  lateralAccelG: 0.021785425022244453
  altPresValid: true
  altPresMslM: -67.03079986572266
  altIndValid: true
  altIndMslM: 2.8474884033203125
  airspeedTrueValid: true
  airspeedTrueKts: 0.0
  airspeedIndValid: true
  airspeedIndKts: 0.0
}

message on port 8384:
[10, 6, 78, 51, 52, 50, 77, 69, 18, 36, 57, 52, 49, 99, 51, 49, 98, 56, 45, 53, 53, 102, 53, 45, 52, 54, 50, 51, 45, 97, 55, 48, 50, 45, 57, 102, 48, 99, 49, 52, 98, 98, 101, 97, 98, 48, 24, 4, 58, 34, 10, 32, 126, 20, 0, 163, 197, 212, 21, 30, 107, 197, 127, 51, 2, 130, 136, 0, 0, 0, 0, 1, 78, 51, 52, 50, 77, 69, 32, 32, 0, 36, 23, 126]
systemId: N342ME
endpointUuid: 941c31b8-55f5-4623-a702-9f0c14bbeab0
msgType: BcastMsgType_Data_ADSB
dataAdsb: {
  rawData: [126, 20, 0, 163, 197, 212, 21, 30, 107, 197, 127, 51, 2, 130, 136, 0, 0, 0, 0, 1, 78, 51, 52, 50, 77, 69, 32, 32, 0, 36, 23, 126]
}

message on port 8384:
[10, 6, 78, 51, 52, 50, 77, 69, 18, 36, 57, 52, 49, 99, 51, 49, 98, 56, 45, 53, 53, 102, 53, 45, 52, 54, 50, 51, 45, 97, 55, 48, 50, 45, 57, 102, 48, 99, 49, 52, 98, 98, 101, 97, 98, 48, 24, 4, 58, 34, 10, 32, 126, 20, 0, 161, 11, 178, 21, 43, 76, 197, 101, 206, 5, 74, 137, 5, 208, 2, 194, 7, 78, 49, 54, 55, 65, 67, 32, 32, 0, 50, 50, 126]
systemId: N342ME
endpointUuid: 941c31b8-55f5-4623-a702-9f0c14bbeab0
msgType: BcastMsgType_Data_ADSB
dataAdsb: {
  rawData: [126, 20, 0, 161, 11, 178, 21, 43, 76, 197, 101, 206, 5, 74, 137, 5, 208, 2, 194, 7, 78, 49, 54, 55, 65, 67, 32, 32, 0, 50, 50, 126]
}

message on port 8384:
[10, 6, 78, 51, 52, 50, 77, 69, 18, 36, 57, 52, 49, 99, 51, 49, 98, 56, 45, 53, 53, 102, 53, 45, 52, 54, 50, 51, 45, 97, 55, 48, 50, 45, 57, 102, 48, 99, 49, 52, 98, 98, 101, 97, 98, 48, 24, 4, 58, 34, 10, 32, 126, 20, 0, 168, 144, 118, 21, 30, 119, 197, 117, 162, 3, 202, 137, 8, 15, 246, 72, 2, 80, 68, 84, 53, 57, 55, 51, 32, 0, 56, 245, 126]
systemId: N342ME
endpointUuid: 941c31b8-55f5-4623-a702-9f0c14bbeab0
msgType: BcastMsgType_Data_ADSB
dataAdsb: {
  rawData: [126, 20, 0, 168, 144, 118, 21, 30, 119, 197, 117, 162, 3, 202, 137, 8, 15, 246, 72, 2, 80, 68, 84, 53, 57, 55, 51, 32, 0, 56, 245, 126]
}

message on port 8384:
[10, 6, 78, 51, 52, 50, 77, 69, 18, 36, 57, 52, 49, 99, 51, 49, 98, 56, 45, 53, 53, 102, 53, 45, 52, 54, 50, 51, 45, 97, 55, 48, 50, 45, 57, 102, 48, 99, 49, 52, 98, 98, 101, 97, 98, 48, 24, 2, 42, 40, 8, 183, 189, 167, 202, 6, 18, 10, 13, 62, 150, 237, 65, 21, 60, 138, 164, 194, 29, 106, 75, 59, 66, 37, 88, 57, 180, 61, 45, 91, 160, 108, 67, 53, 144, 94, 209, 64, 56, 1]
systemId: N342ME
endpointUuid: 941c31b8-55f5-4623-a702-9f0c14bbeab0
msgType: BcastMsgType_Data_GPS
dataGps: {
  timestamp: 1766448823
  geo: {
    lat: 29.698360443115234
    lon: -82.26998901367188
  }
  altM: 46.823646545410156
  gndSpdKts: 0.08799999952316284
  gndTrkDegt: 236.6263885498047
  magVarDeg: 6.542793273925781
  valid: true
}

message on port 8384:
[10, 6, 78, 51, 52, 50, 77, 69, 18, 36, 57, 52, 49, 99, 51, 49, 98, 56, 45, 53, 53, 102, 53, 45, 52, 54, 50, 51, 45, 97, 55, 48, 50, 45, 57, 102, 48, 99, 49, 52, 98, 98, 101, 97, 98, 48, 24, 3, 50, 65, 8, 183, 189, 167, 202, 6, 24, 1, 37, 0, 8, 14, 64, 40, 1, 53, 0, 60, 165, 191, 56, 1, 69, 122, 158, 113, 67, 72, 1, 85, 226, 130, 197, 60, 88, 1, 101, 197, 15, 134, 194, 104, 1, 117, 64, 61, 54, 64, 120, 1, 133, 1, 0, 0, 0, 0, 136, 1, 1, 149, 1, 0, 0, 0, 0]
systemId: N342ME
endpointUuid: 941c31b8-55f5-4623-a702-9f0c14bbeab0
msgType: BcastMsgType_Data_ADAHRS
dataAdahrs: {
  timestamp: 1766448823
  pitchValid: true
  pitchDeg: 2.21923828125
  rollValid: true
  rollDeg: -1.2908935546875
  headingValid: true
  headingDegm: 241.61904907226562
  lateralAccelValid: true
  lateralAccelG: 0.024110261350870132
  altPresValid: true
  altPresMslM: -67.03079986572266
  altIndValid: true
  altIndMslM: 2.8474884033203125
  airspeedTrueValid: true
  airspeedTrueKts: 0.0
  airspeedIndValid: true
  airspeedIndKts: 0.0
}

message on port 8384:
[10, 6, 78, 51, 52, 50, 77, 69, 18, 36, 57, 52, 49, 99, 51, 49, 98, 56, 45, 53, 53, 102, 53, 45, 52, 54, 50, 51, 45, 97, 55, 48, 50, 45, 57, 102, 48, 99, 49, 52, 98, 98, 101, 97, 98, 48, 24, 2, 42, 40, 8, 183, 189, 167, 202, 6, 18, 10, 13, 62, 150, 237, 65, 21, 60, 138, 164, 194, 29, 106, 75, 59, 66, 37, 193, 202, 161, 61, 45, 91, 160, 108, 67, 53, 144, 94, 209, 64, 56, 1]
systemId: N342ME
endpointUuid: 941c31b8-55f5-4623-a702-9f0c14bbeab0
msgType: BcastMsgType_Data_GPS
dataGps: {
  timestamp: 1766448823
  geo: {
    lat: 29.698360443115234
    lon: -82.26998901367188
  }
  altM: 46.823646545410156
  gndSpdKts: 0.07900000363588333
  gndTrkDegt: 236.6263885498047
  magVarDeg: 6.542793273925781
  valid: true
}

message on port 8384:
[10, 6, 78, 51, 52, 50, 77, 69, 18, 36, 57, 52, 49, 99, 51, 49, 98, 56, 45, 53, 53, 102, 53, 45, 52, 54, 50, 51, 45, 97, 55, 48, 50, 45, 57, 102, 48, 99, 49, 52, 98, 98, 101, 97, 98, 48, 24, 3, 50, 65, 8, 183, 189, 167, 202, 6, 24, 1, 37, 0, 8, 14, 64, 40, 1, 53, 0, 60, 165, 191, 56, 1, 69, 82, 168, 113, 67, 72, 1, 85, 17, 105, 179, 60, 88, 1, 101, 197, 15, 134, 194, 104, 1, 117, 64, 61, 54, 64, 120, 1, 133, 1, 0, 0, 0, 0, 136, 1, 1, 149, 1, 0, 0, 0, 0]
systemId: N342ME
endpointUuid: 941c31b8-55f5-4623-a702-9f0c14bbeab0
msgType: BcastMsgType_Data_ADAHRS
dataAdahrs: {
  timestamp: 1766448823
  pitchValid: true
  pitchDeg: 2.21923828125
  rollValid: true
  rollDeg: -1.2908935546875
  headingValid: true
  headingDegm: 241.65750122070312
  lateralAccelValid: true
  lateralAccelG: 0.021900685504078865
  altPresValid: true
  altPresMslM: -67.03079986572266
  altIndValid: true
  altIndMslM: 2.8474884033203125
  airspeedTrueValid: true
  airspeedTrueKts: 0.0
  airspeedIndValid: true
  airspeedIndKts: 0.0
}

4000:Uplink, 436 bytes
message on port 8384:
[10, 6, 78, 51, 52, 50, 77, 69, 18, 36, 57, 52, 49, 99, 51, 49, 98, 56, 45, 53, 53, 102, 53, 45, 52, 54, 50, 51, 45, 97, 55, 48, 50, 45, 57, 102, 48, 99, 49, 52, 98, 98, 101, 97, 98, 48, 24, 4, 58, 187, 3, 10, 184, 3, 126, 7, 0, 0, 0, 42, 60, 15, 138, 250, 224, 163, 128, 0, 0, 0, 0, 0, 0, 0, 0, 0, 0, 0, 0, 0, 0, 0, 0, 0, 0, 0, 0, 0, 0, 0, 0, 0, 0, 0, 0, 0, 0, 0, 0, 0, 0, 0, 0, 0, 0, 0, 0, 0, 0, 0, 0, 0, 0, 0, 0, 0, 0, 0, 0, 0, 0, 0, 0, 0, 0, 0, 0, 0, 0, 0, 0, 0, 0, 0, 0, 0, 0, 0, 0, 0, 0, 0, 0, 0, 0, 0, 0, 0, 0, 0, 0, 0, 0, 0, 0, 0, 0, 0, 0, 0, 0, 0, 0, 0, 0, 0, 0, 0, 0, 0, 0, 0, 0, 0, 0, 0, 0, 0, 0, 0, 0, 0, 0, 0, 0, 0, 0, 0, 0, 0, 0, 0, 0, 0, 0, 0, 0, 0, 0, 0, 0, 0, 0, 0, 0, 0, 0, 0, 0, 0, 0, 0, 0, 0, 0, 0, 0, 0, 0, 0, 0, 0, 0, 0, 0, 0, 0, 0, 0, 0, 0, 0, 0, 0, 0, 0, 0, 0, 0, 0, 0, 0, 0, 0, 0, 0, 0, 0, 0, 0, 0, 0, 0, 0, 0, 0, 0, 0, 0, 0, 0, 0, 0, 0, 0, 0, 0, 0, 0, 0, 0, 0, 0, 0, 0, 0, 0, 0, 0, 0, 0, 0, 0, 0, 0, 0, 0, 0, 0, 0, 0, 0, 0, 0, 0, 0, 0, 0, 0, 0, 0, 0, 0, 0, 0, 0, 0, 0, 0, 0, 0, 0, 0, 0, 0, 0, 0, 0, 0, 0, 0, 0, 0, 0, 0, 0, 0, 0, 0, 0, 0, 0, 0, 0, 0, 0, 0, 0, 0, 0, 0, 0, 0, 0, 0, 0, 0, 0, 0, 0, 0, 0, 0, 0, 0, 0, 0, 0, 0, 0, 0, 0, 0, 0, 0, 0, 0, 0, 0, 0, 0, 0, 0, 0, 0, 0, 0, 0, 0, 0, 0, 0, 0, 0, 0, 0, 0, 0, 0, 0, 0, 0, 0, 0, 0, 0, 0, 0, 0, 0, 0, 0, 0, 0, 0, 0, 0, 0, 0, 0, 0, 0, 0, 0, 0, 0, 0, 0, 0, 0, 0, 0, 0, 0, 0, 0, 0, 0, 0, 0, 0, 0, 0, 0, 0, 0, 0, 0, 0, 0, 0, 0, 0, 0, 0, 0, 0, 0, 0, 0, 0, 0, 0, 0, 0, 0, 0, 0, 0, 0, 0, 0, 0, 0, 0, 0, 0, 0, 0, 0, 0, 0, 0, 0, 0, 0, 0, 0, 0, 0, 0, 0, 0, 0, 0, 0, 0, 0, 0, 0, 0, 244, 33, 126]
systemId: N342ME
endpointUuid: 941c31b8-55f5-4623-a702-9f0c14bbeab0
msgType: BcastMsgType_Data_ADSB
dataAdsb: {
  rawData: [126, 7, 0, 0, 0, 42, 60, 15, 138, 250, 224, 163, 128, 0, 0, 0, 0, 0, 0, 0, 0, 0, 0, 0, 0, 0, 0, 0, 0, 0, 0, 0, 0, 0, 0, 0, 0, 0, 0, 0, 0, 0, 0, 0, 0, 0, 0, 0, 0, 0, 0, 0, 0, 0, 0, 0, 0, 0, 0, 0, 0, 0, 0, 0, 0, 0, 0, 0, 0, 0, 0, 0, 0, 0, 0, 0, 0, 0, 0, 0, 0, 0, 0, 0, 0, 0, 0, 0, 0, 0, 0, 0, 0, 0, 0, 0, 0, 0, 0, 0, 0, 0, 0, 0, 0, 0, 0, 0, 0, 0, 0, 0, 0, 0, 0, 0, 0, 0, 0, 0, 0, 0, 0, 0, 0, 0, 0, 0, 0, 0, 0, 0, 0, 0, 0, 0, 0, 0, 0, 0, 0, 0, 0, 0, 0, 0, 0, 0, 0, 0, 0, 0, 0, 0, 0, 0, 0, 0, 0, 0, 0, 0, 0, 0, 0, 0, 0, 0, 0, 0, 0, 0, 0, 0, 0, 0, 0, 0, 0, 0, 0, 0, 0, 0, 0, 0, 0, 0, 0, 0, 0, 0, 0, 0, 0, 0, 0, 0, 0, 0, 0, 0, 0, 0, 0, 0, 0, 0, 0, 0, 0, 0, 0, 0, 0, 0, 0, 0, 0, 0, 0, 0, 0, 0, 0, 0, 0, 0, 0, 0, 0, 0, 0, 0, 0, 0, 0, 0, 0, 0, 0, 0, 0, 0, 0, 0, 0, 0, 0, 0, 0, 0, 0, 0, 0, 0, 0, 0, 0, 0, 0, 0, 0, 0, 0, 0, 0, 0, 0, 0, 0, 0, 0, 0, 0, 0, 0, 0, 0, 0, 0, 0, 0, 0, 0, 0, 0, 0, 0, 0, 0, 0, 0, 0, 0, 0, 0, 0, 0, 0, 0, 0, 0, 0, 0, 0, 0, 0, 0, 0, 0, 0, 0, 0, 0, 0, 0, 0, 0, 0, 0, 0, 0, 0, 0, 0, 0, 0, 0, 0, 0, 0, 0, 0, 0, 0, 0, 0, 0, 0, 0, 0, 0, 0, 0, 0, 0, 0, 0, 0, 0, 0, 0, 0, 0, 0, 0, 0, 0, 0, 0, 0, 0, 0, 0, 0, 0, 0, 0, 0, 0, 0, 0, 0, 0, 0, 0, 0, 0, 0, 0, 0, 0, 0, 0, 0, 0, 0, 0, 0, 0, 0, 0, 0, 0, 0, 0, 0, 0, 0, 0, 0, 0, 0, 0, 0, 0, 0, 0, 0, 0, 0, 0, 0, 0, 0, 0, 0, 0, 0, 0, 0, 0, 0, 0, 0, 0, 0, 0, 0, 0, 0, 0, 0, 0, 0, 0, 244, 33, 126]
}

4000:Uplink, 436 bytes
message on port 8384:
[10, 6, 78, 51, 52, 50, 77, 69, 18, 36, 57, 52, 49, 99, 51, 49, 98, 56, 45, 53, 53, 102, 53, 45, 52, 54, 50, 51, 45, 97, 55, 48, 50, 45, 57, 102, 48, 99, 49, 52, 98, 98, 101, 97, 98, 48, 24, 4, 58, 187, 3, 10, 184, 3, 126, 7, 0, 0, 0, 42, 60, 15, 138, 250, 224, 172, 128, 0, 0, 0, 0, 0, 0, 0, 0, 0, 0, 0, 0, 0, 0, 0, 0, 0, 0, 0, 0, 0, 0, 0, 0, 0, 0, 0, 0, 0, 0, 0, 0, 0, 0, 0, 0, 0, 0, 0, 0, 0, 0, 0, 0, 0, 0, 0, 0, 0, 0, 0, 0, 0, 0, 0, 0, 0, 0, 0, 0, 0, 0, 0, 0, 0, 0, 0, 0, 0, 0, 0, 0, 0, 0, 0, 0, 0, 0, 0, 0, 0, 0, 0, 0, 0, 0, 0, 0, 0, 0, 0, 0, 0, 0, 0, 0, 0, 0, 0, 0, 0, 0, 0, 0, 0, 0, 0, 0, 0, 0, 0, 0, 0, 0, 0, 0, 0, 0, 0, 0, 0, 0, 0, 0, 0, 0, 0, 0, 0, 0, 0, 0, 0, 0, 0, 0, 0, 0, 0, 0, 0, 0, 0, 0, 0, 0, 0, 0, 0, 0, 0, 0, 0, 0, 0, 0, 0, 0, 0, 0, 0, 0, 0, 0, 0, 0, 0, 0, 0, 0, 0, 0, 0, 0, 0, 0, 0, 0, 0, 0, 0, 0, 0, 0, 0, 0, 0, 0, 0, 0, 0, 0, 0, 0, 0, 0, 0, 0, 0, 0, 0, 0, 0, 0, 0, 0, 0, 0, 0, 0, 0, 0, 0, 0, 0, 0, 0, 0, 0, 0, 0, 0, 0, 0, 0, 0, 0, 0, 0, 0, 0, 0, 0, 0, 0, 0, 0, 0, 0, 0, 0, 0, 0, 0, 0, 0, 0, 0, 0, 0, 0, 0, 0, 0, 0, 0, 0, 0, 0, 0, 0, 0, 0, 0, 0, 0, 0, 0, 0, 0, 0, 0, 0, 0, 0, 0, 0, 0, 0, 0, 0, 0, 0, 0, 0, 0, 0, 0, 0, 0, 0, 0, 0, 0, 0, 0, 0, 0, 0, 0, 0, 0, 0, 0, 0, 0, 0, 0, 0, 0, 0, 0, 0, 0, 0, 0, 0, 0, 0, 0, 0, 0, 0, 0, 0, 0, 0, 0, 0, 0, 0, 0, 0, 0, 0, 0, 0, 0, 0, 0, 0, 0, 0, 0, 0, 0, 0, 0, 0, 0, 0, 0, 0, 0, 0, 0, 0, 0, 0, 0, 0, 0, 0, 0, 0, 0, 0, 0, 0, 0, 0, 0, 0, 0, 0, 0, 0, 0, 0, 0, 0, 0, 0, 0, 0, 0, 0, 0, 0, 0, 0, 0, 0, 0, 0, 0, 0, 0, 0, 0, 0, 0, 0, 0, 0, 0, 0, 0, 0, 0, 0, 0, 0, 0, 0, 0, 0, 0, 0, 0, 0, 0, 0, 0, 142, 103, 126]
systemId: N342ME
endpointUuid: 941c31b8-55f5-4623-a702-9f0c14bbeab0
msgType: BcastMsgType_Data_ADSB
dataAdsb: {
  rawData: [126, 7, 0, 0, 0, 42, 60, 15, 138, 250, 224, 172, 128, 0, 0, 0, 0, 0, 0, 0, 0, 0, 0, 0, 0, 0, 0, 0, 0, 0, 0, 0, 0, 0, 0, 0, 0, 0, 0, 0, 0, 0, 0, 0, 0, 0, 0, 0, 0, 0, 0, 0, 0, 0, 0, 0, 0, 0, 0, 0, 0, 0, 0, 0, 0, 0, 0, 0, 0, 0, 0, 0, 0, 0, 0, 0, 0, 0, 0, 0, 0, 0, 0, 0, 0, 0, 0, 0, 0, 0, 0, 0, 0, 0, 0, 0, 0, 0, 0, 0, 0, 0, 0, 0, 0, 0, 0, 0, 0, 0, 0, 0, 0, 0, 0, 0, 0, 0, 0, 0, 0, 0, 0, 0, 0, 0, 0, 0, 0, 0, 0, 0, 0, 0, 0, 0, 0, 0, 0, 0, 0, 0, 0, 0, 0, 0, 0, 0, 0, 0, 0, 0, 0, 0, 0, 0, 0, 0, 0, 0, 0, 0, 0, 0, 0, 0, 0, 0, 0, 0, 0, 0, 0, 0, 0, 0, 0, 0, 0, 0, 0, 0, 0, 0, 0, 0, 0, 0, 0, 0, 0, 0, 0, 0, 0, 0, 0, 0, 0, 0, 0, 0, 0, 0, 0, 0, 0, 0, 0, 0, 0, 0, 0, 0, 0, 0, 0, 0, 0, 0, 0, 0, 0, 0, 0, 0, 0, 0, 0, 0, 0, 0, 0, 0, 0, 0, 0, 0, 0, 0, 0, 0, 0, 0, 0, 0, 0, 0, 0, 0, 0, 0, 0, 0, 0, 0, 0, 0, 0, 0, 0, 0, 0, 0, 0, 0, 0, 0, 0, 0, 0, 0, 0, 0, 0, 0, 0, 0, 0, 0, 0, 0, 0, 0, 0, 0, 0, 0, 0, 0, 0, 0, 0, 0, 0, 0, 0, 0, 0, 0, 0, 0, 0, 0, 0, 0, 0, 0, 0, 0, 0, 0, 0, 0, 0, 0, 0, 0, 0, 0, 0, 0, 0, 0, 0, 0, 0, 0, 0, 0, 0, 0, 0, 0, 0, 0, 0, 0, 0, 0, 0, 0, 0, 0, 0, 0, 0, 0, 0, 0, 0, 0, 0, 0, 0, 0, 0, 0, 0, 0, 0, 0, 0, 0, 0, 0, 0, 0, 0, 0, 0, 0, 0, 0, 0, 0, 0, 0, 0, 0, 0, 0, 0, 0, 0, 0, 0, 0, 0, 0, 0, 0, 0, 0, 0, 0, 0, 0, 0, 0, 0, 0, 0, 0, 0, 0, 0, 0, 0, 0, 0, 0, 0, 0, 0, 0, 0, 0, 0, 0, 0, 0, 0, 0, 0, 0, 0, 0, 0, 0, 0, 0, 0, 0, 0, 0, 0, 142, 103, 126]
}

message on port 8384:
[10, 6, 78, 51, 52, 50, 77, 69, 18, 36, 57, 52, 49, 99, 51, 49, 98, 56, 45, 53, 53, 102, 53, 45, 52, 54, 50, 51, 45, 97, 55, 48, 50, 45, 57, 102, 48, 99, 49, 52, 98, 98, 101, 97, 98, 48, 24, 2, 42, 40, 8, 183, 189, 167, 202, 6, 18, 10, 13, 62, 150, 237, 65, 21, 60, 138, 164, 194, 29, 4, 229, 58, 66, 37, 158, 239, 167, 61, 45, 91, 160, 108, 67, 53, 144, 94, 209, 64, 56, 1]
systemId: N342ME
endpointUuid: 941c31b8-55f5-4623-a702-9f0c14bbeab0
msgType: BcastMsgType_Data_GPS
dataGps: {
  timestamp: 1766448823
  geo: {
    lat: 29.698360443115234
    lon: -82.26998901367188
  }
  altM: 46.72364807128906
  gndSpdKts: 0.0820000022649765
  gndTrkDegt: 236.6263885498047
  magVarDeg: 6.542793273925781
  valid: true
}

message on port 8384:
[10, 6, 78, 51, 52, 50, 77, 69, 18, 36, 57, 52, 49, 99, 51, 49, 98, 56, 45, 53, 53, 102, 53, 45, 52, 54, 50, 51, 45, 97, 55, 48, 50, 45, 57, 102, 48, 99, 49, 52, 98, 98, 101, 97, 98, 48, 24, 3, 50, 65, 8, 183, 189, 167, 202, 6, 24, 1, 37, 0, 78, 19, 64, 40, 1, 53, 0, 240, 165, 191, 56, 1, 69, 178, 162, 113, 67, 72, 1, 85, 126, 161, 182, 60, 88, 1, 101, 197, 15, 134, 194, 104, 1, 117, 64, 61, 54, 64, 120, 1, 133, 1, 0, 0, 0, 0, 136, 1, 1, 149, 1, 0, 0, 0, 0]
systemId: N342ME
endpointUuid: 941c31b8-55f5-4623-a702-9f0c14bbeab0
msgType: BcastMsgType_Data_ADAHRS
dataAdahrs: {
  timestamp: 1766448823
  pitchValid: true
  pitchDeg: 2.3016357421875
  rollValid: true
  rollDeg: -1.29638671875
  headingValid: true
  headingDegm: 241.63552856445312
  lateralAccelValid: true
  lateralAccelG: 0.022293802350759506
  altPresValid: true
  altPresMslM: -67.03079986572266
  altIndValid: true
  altIndMslM: 2.8474884033203125
  airspeedTrueValid: true
  airspeedTrueKts: 0.0
  airspeedIndValid: true
  airspeedIndKts: 0.0
}

message on port 8384:
[10, 6, 78, 51, 52, 50, 77, 69, 18, 36, 57, 52, 49, 99, 51, 49, 98, 56, 45, 53, 53, 102, 53, 45, 52, 54, 50, 51, 45, 97, 55, 48, 50, 45, 57, 102, 48, 99, 49, 52, 98, 98, 101, 97, 98, 48, 24, 1, 34, 120, 10, 6, 78, 51, 52, 50, 77, 69, 16, 184, 189, 167, 202, 6, 26, 7, 48, 46, 48, 46, 48, 46, 48, 32, 192, 65, 40, 1, 50, 14, 8, 1, 16, 1, 24, 1, 32, 1, 40, 1, 48, 1, 56, 1, 58, 20, 68, 121, 110, 111, 110, 32, 65, 118, 105, 111, 110, 105, 99, 115, 44, 32, 73, 110, 99, 46, 66, 7, 83, 107, 121, 86, 105, 101, 119, 74, 10, 68, 49, 48, 48, 48, 47, 68, 55, 48, 48, 82, 6, 48, 50, 52, 51, 53, 54, 90, 12, 49, 54, 46, 55, 46, 50, 46, 49, 50, 48, 55, 51, 98, 9, 98, 117, 105, 108, 100, 114, 111, 111, 116]
systemId: N342ME
endpointUuid: 941c31b8-55f5-4623-a702-9f0c14bbeab0
msgType: BcastMsgType_Heartbeat
heartbeat: {
  systemId: N342ME
  timestamp: 1766448824
  ipAddress: 0.0.0.0
  ipPort: 8384
  isEfis: true
  capabilities: {
    status: true
    gps: true
    ahrs: true
    adahrs: true
    fplSend: true
    fplReceive: true
    adsb: true
  }
  prodMake: Dynon Avionics, Inc.
  prodName: SkyView
  prodModel: D1000/D700
  prodSerial: 024356
  prodFirmware: 16.7.2.12073
  hostname: buildroot
}

message on port 8384:
[10, 6, 78, 51, 52, 50, 77, 69, 18, 36, 57, 52, 49, 99, 51, 49, 98, 56, 45, 53, 53, 102, 53, 45, 52, 54, 50, 51, 45, 97, 55, 48, 50, 45, 57, 102, 48, 99, 49, 52, 98, 98, 101, 97, 98, 48, 24, 2, 42, 40, 8, 184, 189, 167, 202, 6, 18, 10, 13, 62, 150, 237, 65, 21, 60, 138, 164, 194, 29, 4, 229, 58, 66, 37, 158, 239, 167, 61, 45, 91, 160, 108, 67, 53, 144, 94, 209, 64, 56, 1]
systemId: N342ME
endpointUuid: 941c31b8-55f5-4623-a702-9f0c14bbeab0
msgType: BcastMsgType_Data_GPS
dataGps: {
  timestamp: 1766448824
  geo: {
    lat: 29.698360443115234
    lon: -82.26998901367188
  }
  altM: 46.72364807128906
  gndSpdKts: 0.0820000022649765
  gndTrkDegt: 236.6263885498047
  magVarDeg: 6.542793273925781
  valid: true
}

message on port 8384:
[10, 6, 78, 51, 52, 50, 77, 69, 18, 36, 57, 52, 49, 99, 51, 49, 98, 56, 45, 53, 53, 102, 53, 45, 52, 54, 50, 51, 45, 97, 55, 48, 50, 45, 57, 102, 48, 99, 49, 52, 98, 98, 101, 97, 98, 48, 24, 3, 50, 65, 8, 184, 189, 167, 202, 6, 24, 1, 37, 0, 78, 19, 64, 40, 1, 53, 0, 240, 165, 191, 56, 1, 69, 234, 166, 113, 67, 72, 1, 85, 136, 252, 170, 60, 88, 1, 101, 197, 15, 134, 194, 104, 1, 117, 64, 61, 54, 64, 120, 1, 133, 1, 0, 0, 0, 0, 136, 1, 1, 149, 1, 0, 0, 0, 0]
systemId: N342ME
endpointUuid: 941c31b8-55f5-4623-a702-9f0c14bbeab0
msgType: BcastMsgType_Data_ADAHRS
dataAdahrs: {
  timestamp: 1766448824
  pitchValid: true
  pitchDeg: 2.3016357421875
  rollValid: true
  rollDeg: -1.29638671875
  headingValid: true
  headingDegm: 241.65200805664062
  lateralAccelValid: true
  lateralAccelG: 0.020872369408607483
  altPresValid: true
  altPresMslM: -67.03079986572266
  altIndValid: true
  altIndMslM: 2.8474884033203125
  airspeedTrueValid: true
  airspeedTrueKts: 0.0
  airspeedIndValid: true
  airspeedIndKts: 0.0
}

4000:Traffic: N342ME/A3C5D4 29.698,-82.270 NIC=8 NACp=8 palt=0 palt=0
message on port 8384:
[10, 6, 78, 51, 52, 50, 77, 69, 18, 36, 57, 52, 49, 99, 51, 49, 98, 56, 45, 53, 53, 102, 53, 45, 52, 54, 50, 51, 45, 97, 55, 48, 50, 45, 57, 102, 48, 99, 49, 52, 98, 98, 101, 97, 98, 48, 24, 4, 58, 34, 10, 32, 126, 20, 0, 163, 197, 212, 21, 30, 107, 197, 127, 51, 2, 130, 136, 0, 0, 0, 0, 1, 78, 51, 52, 50, 77, 69, 32, 32, 0, 36, 23, 126]
systemId: N342ME
endpointUuid: 941c31b8-55f5-4623-a702-9f0c14bbeab0
msgType: BcastMsgType_Data_ADSB
dataAdsb: {
  rawData: [126, 20, 0, 163, 197, 212, 21, 30, 107, 197, 127, 51, 2, 130, 136, 0, 0, 0, 0, 1, 78, 51, 52, 50, 77, 69, 32, 32, 0, 36, 23, 126]
}

4000:Traffic: N167AC/A10BB2 29.769,-82.410 NIC=8 NACp=9 palt=1100 palt=1100
4000:Traffic: PDT5973/A89076 29.698,-82.318 NIC=8 NACp=9 palt=450 palt=450
message on port 8384:
[10, 6, 78, 51, 52, 50, 77, 69, 18, 36, 57, 52, 49, 99, 51, 49, 98, 56, 45, 53, 53, 102, 53, 45, 52, 54, 50, 51, 45, 97, 55, 48, 50, 45, 57, 102, 48, 99, 49, 52, 98, 98, 101, 97, 98, 48, 24, 4, 58, 34, 10, 32, 126, 20, 0, 161, 11, 178, 21, 43, 76, 197, 101, 206, 5, 74, 137, 5, 208, 2, 194, 7, 78, 49, 54, 55, 65, 67, 32, 32, 0, 50, 50, 126]
systemId: N342ME
endpointUuid: 941c31b8-55f5-4623-a702-9f0c14bbeab0
msgType: BcastMsgType_Data_ADSB
dataAdsb: {
  rawData: [126, 20, 0, 161, 11, 178, 21, 43, 76, 197, 101, 206, 5, 74, 137, 5, 208, 2, 194, 7, 78, 49, 54, 55, 65, 67, 32, 32, 0, 50, 50, 126]
}

message on port 8384:
[10, 6, 78, 51, 52, 50, 77, 69, 18, 36, 57, 52, 49, 99, 51, 49, 98, 56, 45, 53, 53, 102, 53, 45, 52, 54, 50, 51, 45, 97, 55, 48, 50, 45, 57, 102, 48, 99, 49, 52, 98, 98, 101, 97, 98, 48, 24, 4, 58, 34, 10, 32, 126, 20, 0, 168, 144, 118, 21, 30, 82, 197, 118, 98, 3, 170, 137, 8, 15, 246, 72, 2, 80, 68, 84, 53, 57, 55, 51, 32, 0, 141, 0, 126]
systemId: N342ME
endpointUuid: 941c31b8-55f5-4623-a702-9f0c14bbeab0
msgType: BcastMsgType_Data_ADSB
dataAdsb: {
  rawData: [126, 20, 0, 168, 144, 118, 21, 30, 82, 197, 118, 98, 3, 170, 137, 8, 15, 246, 72, 2, 80, 68, 84, 53, 57, 55, 51, 32, 0, 141, 0, 126]
}

message on port 8384:
[10, 6, 78, 51, 52, 50, 77, 69, 18, 36, 57, 52, 49, 99, 51, 49, 98, 56, 45, 53, 53, 102, 53, 45, 52, 54, 50, 51, 45, 97, 55, 48, 50, 45, 57, 102, 48, 99, 49, 52, 98, 98, 101, 97, 98, 48, 24, 2, 42, 40, 8, 184, 189, 167, 202, 6, 18, 10, 13, 62, 150, 237, 65, 21, 60, 138, 164, 194, 29, 4, 229, 58, 66, 37, 2, 43, 135, 61, 45, 91, 160, 108, 67, 53, 144, 94, 209, 64, 56, 1]
systemId: N342ME
endpointUuid: 941c31b8-55f5-4623-a702-9f0c14bbeab0
msgType: BcastMsgType_Data_GPS
dataGps: {
  timestamp: 1766448824
  geo: {
    lat: 29.698360443115234
    lon: -82.26998901367188
  }
  altM: 46.72364807128906
  gndSpdKts: 0.06599999964237213
  gndTrkDegt: 236.6263885498047
  magVarDeg: 6.542793273925781
  valid: true
}

message on port 8384:
[10, 6, 78, 51, 52, 50, 77, 69, 18, 36, 57, 52, 49, 99, 51, 49, 98, 56, 45, 53, 53, 102, 53, 45, 52, 54, 50, 51, 45, 97, 55, 48, 50, 45, 57, 102, 48, 99, 49, 52, 98, 98, 101, 97, 98, 48, 24, 3, 50, 65, 8, 184, 189, 167, 202, 6, 24, 1, 37, 0, 78, 19, 64, 40, 1, 53, 0, 220, 170, 191, 56, 1, 69, 146, 179, 113, 67, 72, 1, 85, 116, 11, 163, 60, 88, 1, 101, 197, 15, 134, 194, 104, 1, 117, 64, 61, 54, 64, 120, 1, 133, 1, 0, 0, 0, 0, 136, 1, 1, 149, 1, 0, 0, 0, 0]
systemId: N342ME
endpointUuid: 941c31b8-55f5-4623-a702-9f0c14bbeab0
msgType: BcastMsgType_Data_ADAHRS
dataAdahrs: {
  timestamp: 1766448824
  pitchValid: true
  pitchDeg: 2.3016357421875
  rollValid: true
  rollDeg: -1.3348388671875
  headingValid: true
  headingDegm: 241.70144653320312
  lateralAccelValid: true
  lateralAccelG: 0.019902922213077545
  altPresValid: true
  altPresMslM: -67.03079986572266
  altIndValid: true
  altIndMslM: 2.8474884033203125
  airspeedTrueValid: true
  airspeedTrueKts: 0.0
  airspeedIndValid: true
  airspeedIndKts: 0.0
}

message on port 8384:
[10, 6, 78, 51, 52, 50, 77, 69, 18, 36, 57, 52, 49, 99, 51, 49, 98, 56, 45, 53, 53, 102, 53, 45, 52, 54, 50, 51, 45, 97, 55, 48, 50, 45, 57, 102, 48, 99, 49, 52, 98, 98, 101, 97, 98, 48, 24, 2, 42, 40, 8, 184, 189, 167, 202, 6, 18, 10, 13, 62, 150, 237, 65, 21, 60, 138, 164, 194, 29, 157, 126, 58, 66, 37, 185, 30, 133, 61, 45, 91, 160, 108, 67, 53, 144, 94, 209, 64, 56, 1]
systemId: N342ME
endpointUuid: 941c31b8-55f5-4623-a702-9f0c14bbeab0
msgType: BcastMsgType_Data_GPS
dataGps: {
  timestamp: 1766448824
  geo: {
    lat: 29.698360443115234
    lon: -82.26998901367188
  }
  altM: 46.6236457824707
  gndSpdKts: 0.0650000050663948
  gndTrkDegt: 236.6263885498047
  magVarDeg: 6.542793273925781
  valid: true
}

message on port 8384:
[10, 6, 78, 51, 52, 50, 77, 69, 18, 36, 57, 52, 49, 99, 51, 49, 98, 56, 45, 53, 53, 102, 53, 45, 52, 54, 50, 51, 45, 97, 55, 48, 50, 45, 57, 102, 48, 99, 49, 52, 98, 98, 101, 97, 98, 48, 24, 3, 50, 65, 8, 184, 189, 167, 202, 6, 24, 1, 37, 0, 154, 18, 64, 40, 1, 53, 0, 220, 170, 191, 56, 1, 69, 250, 180, 113, 67, 72, 1, 85, 238, 193, 148, 60, 88, 1, 101, 197, 15, 134, 194, 104, 1, 117, 64, 61, 54, 64, 120, 1, 133, 1, 0, 0, 0, 0, 136, 1, 1, 149, 1, 0, 0, 0, 0]
systemId: N342ME
endpointUuid: 941c31b8-55f5-4623-a702-9f0c14bbeab0
msgType: BcastMsgType_Data_ADAHRS
dataAdahrs: {
  timestamp: 1766448824
  pitchValid: true
  pitchDeg: 2.2906494140625
  rollValid: true
  rollDeg: -1.3348388671875
  headingValid: true
  headingDegm: 241.70693969726562
  lateralAccelValid: true
  lateralAccelG: 0.01815887913107872
  altPresValid: true
  altPresMslM: -67.03079986572266
  altIndValid: true
  altIndMslM: 2.8474884033203125
  airspeedTrueValid: true
  airspeedTrueKts: 0.0
  airspeedIndValid: true
  airspeedIndKts: 0.0
}

message on port 8384:
[10, 6, 78, 51, 52, 50, 77, 69, 18, 36, 57, 52, 49, 99, 51, 49, 98, 56, 45, 53, 53, 102, 53, 45, 52, 54, 50, 51, 45, 97, 55, 48, 50, 45, 57, 102, 48, 99, 49, 52, 98, 98, 101, 97, 98, 48, 24, 2, 42, 40, 8, 184, 189, 167, 202, 6, 18, 10, 13, 62, 150, 237, 65, 21, 60, 138, 164, 194, 29, 157, 126, 58, 66, 37, 93, 143, 194, 61, 45, 91, 160, 108, 67, 53, 144, 94, 209, 64, 56, 1]
systemId: N342ME
endpointUuid: 941c31b8-55f5-4623-a702-9f0c14bbeab0
msgType: BcastMsgType_Data_GPS
dataGps: {
  timestamp: 1766448824
  geo: {
    lat: 29.698360443115234
    lon: -82.26998901367188
  }
  altM: 46.6236457824707
  gndSpdKts: 0.0950000062584877
  gndTrkDegt: 236.6263885498047
  magVarDeg: 6.542793273925781
  valid: true
}

message on port 8384:
[10, 6, 78, 51, 52, 50, 77, 69, 18, 36, 57, 52, 49, 99, 51, 49, 98, 56, 45, 53, 53, 102, 53, 45, 52, 54, 50, 51, 45, 97, 55, 48, 50, 45, 57, 102, 48, 99, 49, 52, 98, 98, 101, 97, 98, 48, 24, 3, 50, 65, 8, 184, 189, 167, 202, 6, 24, 1, 37, 0, 154, 18, 64, 40, 1, 53, 0, 68, 172, 191, 56, 1, 69, 90, 175, 113, 67, 72, 1, 85, 149, 141, 182, 60, 88, 1, 101, 197, 15, 134, 194, 104, 1, 117, 64, 61, 54, 64, 120, 1, 133, 1, 0, 0, 0, 0, 136, 1, 1, 149, 1, 0, 0, 0, 0]
systemId: N342ME
endpointUuid: 941c31b8-55f5-4623-a702-9f0c14bbeab0
msgType: BcastMsgType_Data_ADAHRS
dataAdahrs: {
  timestamp: 1766448824
  pitchValid: true
  pitchDeg: 2.2906494140625
  rollValid: true
  rollDeg: -1.3458251953125
  headingValid: true
  headingDegm: 241.68496704101562
  lateralAccelValid: true
  lateralAccelG: 0.022284308448433876
  altPresValid: true
  altPresMslM: -67.03079986572266
  altIndValid: true
  altIndMslM: 2.8474884033203125
  airspeedTrueValid: true
  airspeedTrueKts: 0.0
  airspeedIndValid: true
  airspeedIndKts: 0.0
}

4000:Uplink, 436 bytes
message on port 8384:
[10, 6, 78, 51, 52, 50, 77, 69, 18, 36, 57, 52, 49, 99, 51, 49, 98, 56, 45, 53, 53, 102, 53, 45, 52, 54, 50, 51, 45, 97, 55, 48, 50, 45, 57, 102, 48, 99, 49, 52, 98, 98, 101, 97, 98, 48, 24, 4, 58, 187, 3, 10, 184, 3, 126, 7, 0, 0, 0, 42, 60, 15, 138, 250, 224, 164, 128, 0, 0, 0, 0, 0, 0, 0, 0, 0, 0, 0, 0, 0, 0, 0, 0, 0, 0, 0, 0, 0, 0, 0, 0, 0, 0, 0, 0, 0, 0, 0, 0, 0, 0, 0, 0, 0, 0, 0, 0, 0, 0, 0, 0, 0, 0, 0, 0, 0, 0, 0, 0, 0, 0, 0, 0, 0, 0, 0, 0, 0, 0, 0, 0, 0, 0, 0, 0, 0, 0, 0, 0, 0, 0, 0, 0, 0, 0, 0, 0, 0, 0, 0, 0, 0, 0, 0, 0, 0, 0, 0, 0, 0, 0, 0, 0, 0, 0, 0, 0, 0, 0, 0, 0, 0, 0, 0, 0, 0, 0, 0, 0, 0, 0, 0, 0, 0, 0, 0, 0, 0, 0, 0, 0, 0, 0, 0, 0, 0, 0, 0, 0, 0, 0, 0, 0, 0, 0, 0, 0, 0, 0, 0, 0, 0, 0, 0, 0, 0, 0, 0, 0, 0, 0, 0, 0, 0, 0, 0, 0, 0, 0, 0, 0, 0, 0, 0, 0, 0, 0, 0, 0, 0, 0, 0, 0, 0, 0, 0, 0, 0, 0, 0, 0, 0, 0, 0, 0, 0, 0, 0, 0, 0, 0, 0, 0, 0, 0, 0, 0, 0, 0, 0, 0, 0, 0, 0, 0, 0, 0, 0, 0, 0, 0, 0, 0, 0, 0, 0, 0, 0, 0, 0, 0, 0, 0, 0, 0, 0, 0, 0, 0, 0, 0, 0, 0, 0, 0, 0, 0, 0, 0, 0, 0, 0, 0, 0, 0, 0, 0, 0, 0, 0, 0, 0, 0, 0, 0, 0, 0, 0, 0, 0, 0, 0, 0, 0, 0, 0, 0, 0, 0, 0, 0, 0, 0, 0, 0, 0, 0, 0, 0, 0, 0, 0, 0, 0, 0, 0, 0, 0, 0, 0, 0, 0, 0, 0, 0, 0, 0, 0, 0, 0, 0, 0, 0, 0, 0, 0, 0, 0, 0, 0, 0, 0, 0, 0, 0, 0, 0, 0, 0, 0, 0, 0, 0, 0, 0, 0, 0, 0, 0, 0, 0, 0, 0, 0, 0, 0, 0, 0, 0, 0, 0, 0, 0, 0, 0, 0, 0, 0, 0, 0, 0, 0, 0, 0, 0, 0, 0, 0, 0, 0, 0, 0, 0, 0, 0, 0, 0, 0, 0, 0, 0, 0, 0, 0, 0, 0, 0, 0, 0, 0, 0, 0, 0, 0, 0, 0, 0, 0, 0, 0, 0, 0, 0, 0, 0, 0, 0, 0, 0, 0, 0, 0, 0, 0, 0, 0, 0, 0, 0, 0, 0, 0, 0, 0, 0, 0, 0, 0, 0, 0, 0, 254, 4, 126]
systemId: N342ME
endpointUuid: 941c31b8-55f5-4623-a702-9f0c14bbeab0
msgType: BcastMsgType_Data_ADSB
dataAdsb: {
  rawData: [126, 7, 0, 0, 0, 42, 60, 15, 138, 250, 224, 164, 128, 0, 0, 0, 0, 0, 0, 0, 0, 0, 0, 0, 0, 0, 0, 0, 0, 0, 0, 0, 0, 0, 0, 0, 0, 0, 0, 0, 0, 0, 0, 0, 0, 0, 0, 0, 0, 0, 0, 0, 0, 0, 0, 0, 0, 0, 0, 0, 0, 0, 0, 0, 0, 0, 0, 0, 0, 0, 0, 0, 0, 0, 0, 0, 0, 0, 0, 0, 0, 0, 0, 0, 0, 0, 0, 0, 0, 0, 0, 0, 0, 0, 0, 0, 0, 0, 0, 0, 0, 0, 0, 0, 0, 0, 0, 0, 0, 0, 0, 0, 0, 0, 0, 0, 0, 0, 0, 0, 0, 0, 0, 0, 0, 0, 0, 0, 0, 0, 0, 0, 0, 0, 0, 0, 0, 0, 0, 0, 0, 0, 0, 0, 0, 0, 0, 0, 0, 0, 0, 0, 0, 0, 0, 0, 0, 0, 0, 0, 0, 0, 0, 0, 0, 0, 0, 0, 0, 0, 0, 0, 0, 0, 0, 0, 0, 0, 0, 0, 0, 0, 0, 0, 0, 0, 0, 0, 0, 0, 0, 0, 0, 0, 0, 0, 0, 0, 0, 0, 0, 0, 0, 0, 0, 0, 0, 0, 0, 0, 0, 0, 0, 0, 0, 0, 0, 0, 0, 0, 0, 0, 0, 0, 0, 0, 0, 0, 0, 0, 0, 0, 0, 0, 0, 0, 0, 0, 0, 0, 0, 0, 0, 0, 0, 0, 0, 0, 0, 0, 0, 0, 0, 0, 0, 0, 0, 0, 0, 0, 0, 0, 0, 0, 0, 0, 0, 0, 0, 0, 0, 0, 0, 0, 0, 0, 0, 0, 0, 0, 0, 0, 0, 0, 0, 0, 0, 0, 0, 0, 0, 0, 0, 0, 0, 0, 0, 0, 0, 0, 0, 0, 0, 0, 0, 0, 0, 0, 0, 0, 0, 0, 0, 0, 0, 0, 0, 0, 0, 0, 0, 0, 0, 0, 0, 0, 0, 0, 0, 0, 0, 0, 0, 0, 0, 0, 0, 0, 0, 0, 0, 0, 0, 0, 0, 0, 0, 0, 0, 0, 0, 0, 0, 0, 0, 0, 0, 0, 0, 0, 0, 0, 0, 0, 0, 0, 0, 0, 0, 0, 0, 0, 0, 0, 0, 0, 0, 0, 0, 0, 0, 0, 0, 0, 0, 0, 0, 0, 0, 0, 0, 0, 0, 0, 0, 0, 0, 0, 0, 0, 0, 0, 0, 0, 0, 0, 0, 0, 0, 0, 0, 0, 0, 0, 0, 0, 0, 0, 0, 0, 0, 0, 0, 0, 0, 0, 0, 0, 0, 0, 0, 0, 0, 0, 0, 0, 0, 254, 4, 126]
}

4000:Uplink, 436 bytes
message on port 8384:
[10, 6, 78, 51, 52, 50, 77, 69, 18, 36, 57, 52, 49, 99, 51, 49, 98, 56, 45, 53, 53, 102, 53, 45, 52, 54, 50, 51, 45, 97, 55, 48, 50, 45, 57, 102, 48, 99, 49, 52, 98, 98, 101, 97, 98, 48, 24, 4, 58, 187, 3, 10, 184, 3, 126, 7, 0, 0, 0, 42, 60, 15, 138, 250, 224, 173, 128, 0, 0, 0, 0, 0, 0, 0, 0, 0, 0, 0, 0, 0, 0, 0, 0, 0, 0, 0, 0, 0, 0, 0, 0, 0, 0, 0, 0, 0, 0, 0, 0, 0, 0, 0, 0, 0, 0, 0, 0, 0, 0, 0, 0, 0, 0, 0, 0, 0, 0, 0, 0, 0, 0, 0, 0, 0, 0, 0, 0, 0, 0, 0, 0, 0, 0, 0, 0, 0, 0, 0, 0, 0, 0, 0, 0, 0, 0, 0, 0, 0, 0, 0, 0, 0, 0, 0, 0, 0, 0, 0, 0, 0, 0, 0, 0, 0, 0, 0, 0, 0, 0, 0, 0, 0, 0, 0, 0, 0, 0, 0, 0, 0, 0, 0, 0, 0, 0, 0, 0, 0, 0, 0, 0, 0, 0, 0, 0, 0, 0, 0, 0, 0, 0, 0, 0, 0, 0, 0, 0, 0, 0, 0, 0, 0, 0, 0, 0, 0, 0, 0, 0, 0, 0, 0, 0, 0, 0, 0, 0, 0, 0, 0, 0, 0, 0, 0, 0, 0, 0, 0, 0, 0, 0, 0, 0, 0, 0, 0, 0, 0, 0, 0, 0, 0, 0, 0, 0, 0, 0, 0, 0, 0, 0, 0, 0, 0, 0, 0, 0, 0, 0, 0, 0, 0, 0, 0, 0, 0, 0, 0, 0, 0, 0, 0, 0, 0, 0, 0, 0, 0, 0, 0, 0, 0, 0, 0, 0, 0, 0, 0, 0, 0, 0, 0, 0, 0, 0, 0, 0, 0, 0, 0, 0, 0, 0, 0, 0, 0, 0, 0, 0, 0, 0, 0, 0, 0, 0, 0, 0, 0, 0, 0, 0, 0, 0, 0, 0, 0, 0, 0, 0, 0, 0, 0, 0, 0, 0, 0, 0, 0, 0, 0, 0, 0, 0, 0, 0, 0, 0, 0, 0, 0, 0, 0, 0, 0, 0, 0, 0, 0, 0, 0, 0, 0, 0, 0, 0, 0, 0, 0, 0, 0, 0, 0, 0, 0, 0, 0, 0, 0, 0, 0, 0, 0, 0, 0, 0, 0, 0, 0, 0, 0, 0, 0, 0, 0, 0, 0, 0, 0, 0, 0, 0, 0, 0, 0, 0, 0, 0, 0, 0, 0, 0, 0, 0, 0, 0, 0, 0, 0, 0, 0, 0, 0, 0, 0, 0, 0, 0, 0, 0, 0, 0, 0, 0, 0, 0, 0, 0, 0, 0, 0, 0, 0, 0, 0, 0, 0, 0, 0, 0, 0, 0, 0, 0, 0, 0, 0, 0, 0, 0, 0, 0, 0, 0, 0, 0, 0, 0, 0, 0, 0, 0, 0, 0, 0, 0, 0, 0, 0, 0, 0, 0, 224, 107, 126]
systemId: N342ME
endpointUuid: 941c31b8-55f5-4623-a702-9f0c14bbeab0
msgType: BcastMsgType_Data_ADSB
dataAdsb: {
  rawData: [126, 7, 0, 0, 0, 42, 60, 15, 138, 250, 224, 173, 128, 0, 0, 0, 0, 0, 0, 0, 0, 0, 0, 0, 0, 0, 0, 0, 0, 0, 0, 0, 0, 0, 0, 0, 0, 0, 0, 0, 0, 0, 0, 0, 0, 0, 0, 0, 0, 0, 0, 0, 0, 0, 0, 0, 0, 0, 0, 0, 0, 0, 0, 0, 0, 0, 0, 0, 0, 0, 0, 0, 0, 0, 0, 0, 0, 0, 0, 0, 0, 0, 0, 0, 0, 0, 0, 0, 0, 0, 0, 0, 0, 0, 0, 0, 0, 0, 0, 0, 0, 0, 0, 0, 0, 0, 0, 0, 0, 0, 0, 0, 0, 0, 0, 0, 0, 0, 0, 0, 0, 0, 0, 0, 0, 0, 0, 0, 0, 0, 0, 0, 0, 0, 0, 0, 0, 0, 0, 0, 0, 0, 0, 0, 0, 0, 0, 0, 0, 0, 0, 0, 0, 0, 0, 0, 0, 0, 0, 0, 0, 0, 0, 0, 0, 0, 0, 0, 0, 0, 0, 0, 0, 0, 0, 0, 0, 0, 0, 0, 0, 0, 0, 0, 0, 0, 0, 0, 0, 0, 0, 0, 0, 0, 0, 0, 0, 0, 0, 0, 0, 0, 0, 0, 0, 0, 0, 0, 0, 0, 0, 0, 0, 0, 0, 0, 0, 0, 0, 0, 0, 0, 0, 0, 0, 0, 0, 0, 0, 0, 0, 0, 0, 0, 0, 0, 0, 0, 0, 0, 0, 0, 0, 0, 0, 0, 0, 0, 0, 0, 0, 0, 0, 0, 0, 0, 0, 0, 0, 0, 0, 0, 0, 0, 0, 0, 0, 0, 0, 0, 0, 0, 0, 0, 0, 0, 0, 0, 0, 0, 0, 0, 0, 0, 0, 0, 0, 0, 0, 0, 0, 0, 0, 0, 0, 0, 0, 0, 0, 0, 0, 0, 0, 0, 0, 0, 0, 0, 0, 0, 0, 0, 0, 0, 0, 0, 0, 0, 0, 0, 0, 0, 0, 0, 0, 0, 0, 0, 0, 0, 0, 0, 0, 0, 0, 0, 0, 0, 0, 0, 0, 0, 0, 0, 0, 0, 0, 0, 0, 0, 0, 0, 0, 0, 0, 0, 0, 0, 0, 0, 0, 0, 0, 0, 0, 0, 0, 0, 0, 0, 0, 0, 0, 0, 0, 0, 0, 0, 0, 0, 0, 0, 0, 0, 0, 0, 0, 0, 0, 0, 0, 0, 0, 0, 0, 0, 0, 0, 0, 0, 0, 0, 0, 0, 0, 0, 0, 0, 0, 0, 0, 0, 0, 0, 0, 0, 0, 0, 0, 0, 0, 0, 0, 0, 0, 0, 0, 0, 0, 0, 0, 0, 0, 0, 0, 0, 0, 224, 107, 126]
}

message on port 8384:
[10, 6, 78, 51, 52, 50, 77, 69, 18, 36, 57, 52, 49, 99, 51, 49, 98, 56, 45, 53, 53, 102, 53, 45, 52, 54, 50, 51, 45, 97, 55, 48, 50, 45, 57, 102, 48, 99, 49, 52, 98, 98, 101, 97, 98, 48, 24, 2, 42, 40, 8, 184, 189, 167, 202, 6, 18, 10, 13, 62, 150, 237, 65, 21, 60, 138, 164, 194, 29, 157, 126, 58, 66, 37, 214, 120, 233, 61, 45, 91, 160, 108, 67, 53, 144, 94, 209, 64, 56, 1]
systemId: N342ME
endpointUuid: 941c31b8-55f5-4623-a702-9f0c14bbeab0
msgType: BcastMsgType_Data_GPS
dataGps: {
  timestamp: 1766448824
  geo: {
    lat: 29.698360443115234
    lon: -82.26998901367188
  }
  altM: 46.6236457824707
  gndSpdKts: 0.11400000751018524
  gndTrkDegt: 236.6263885498047
  magVarDeg: 6.542793273925781
  valid: true
}

message on port 8384:
[10, 6, 78, 51, 52, 50, 77, 69, 18, 36, 57, 52, 49, 99, 51, 49, 98, 56, 45, 53, 53, 102, 53, 45, 52, 54, 50, 51, 45, 97, 55, 48, 50, 45, 57, 102, 48, 99, 49, 52, 98, 98, 101, 97, 98, 48, 24, 3, 50, 65, 8, 184, 189, 167, 202, 6, 24, 1, 37, 0, 126, 16, 64, 40, 1, 53, 0, 68, 172, 191, 56, 1, 69, 194, 176, 113, 67, 72, 1, 85, 179, 64, 188, 60, 88, 1, 101, 197, 15, 134, 194, 104, 1, 117, 64, 61, 54, 64, 120, 1, 133, 1, 0, 0, 0, 0, 136, 1, 1, 149, 1, 0, 0, 0, 0]
systemId: N342ME
endpointUuid: 941c31b8-55f5-4623-a702-9f0c14bbeab0
msgType: BcastMsgType_Data_ADAHRS
dataAdahrs: {
  timestamp: 1766448824
  pitchValid: true
  pitchDeg: 2.2576904296875
  rollValid: true
  rollDeg: -1.3458251953125
  headingValid: true
  headingDegm: 241.69046020507812
  lateralAccelValid: true
  lateralAccelG: 0.022980069741606712
  altPresValid: true
  altPresMslM: -67.03079986572266
  altIndValid: true
  altIndMslM: 2.8474884033203125
  airspeedTrueValid: true
  airspeedTrueKts: 0.0
  airspeedIndValid: true
  airspeedIndKts: 0.0
}

message on port 8384:
[10, 6, 78, 51, 52, 50, 77, 69, 18, 36, 57, 52, 49, 99, 51, 49, 98, 56, 45, 53, 53, 102, 53, 45, 52, 54, 50, 51, 45, 97, 55, 48, 50, 45, 57, 102, 48, 99, 49, 52, 98, 98, 101, 97, 98, 48, 24, 1, 34, 120, 10, 6, 78, 51, 52, 50, 77, 69, 16, 185, 189, 167, 202, 6, 26, 7, 48, 46, 48, 46, 48, 46, 48, 32, 192, 65, 40, 1, 50, 14, 8, 1, 16, 1, 24, 1, 32, 1, 40, 1, 48, 1, 56, 1, 58, 20, 68, 121, 110, 111, 110, 32, 65, 118, 105, 111, 110, 105, 99, 115, 44, 32, 73, 110, 99, 46, 66, 7, 83, 107, 121, 86, 105, 101, 119, 74, 10, 68, 49, 48, 48, 48, 47, 68, 55, 48, 48, 82, 6, 48, 50, 52, 51, 53, 54, 90, 12, 49, 54, 46, 55, 46, 50, 46, 49, 50, 48, 55, 51, 98, 9, 98, 117, 105, 108, 100, 114, 111, 111, 116]
systemId: N342ME
endpointUuid: 941c31b8-55f5-4623-a702-9f0c14bbeab0
msgType: BcastMsgType_Heartbeat
heartbeat: {
  systemId: N342ME
  timestamp: 1766448825
  ipAddress: 0.0.0.0
  ipPort: 8384
  isEfis: true
  capabilities: {
    status: true
    gps: true
    ahrs: true
    adahrs: true
    fplSend: true
    fplReceive: true
    adsb: true
  }
  prodMake: Dynon Avionics, Inc.
  prodName: SkyView
  prodModel: D1000/D700
  prodSerial: 024356
  prodFirmware: 16.7.2.12073
  hostname: buildroot
}

message on port 8384:
[10, 6, 78, 51, 52, 50, 77, 69, 18, 36, 57, 52, 49, 99, 51, 49, 98, 56, 45, 53, 53, 102, 53, 45, 52, 54, 50, 51, 45, 97, 55, 48, 50, 45, 57, 102, 48, 99, 49, 52, 98, 98, 101, 97, 98, 48, 24, 2, 42, 40, 8, 185, 189, 167, 202, 6, 18, 10, 13, 62, 150, 237, 65, 21, 60, 138, 164, 194, 29, 157, 126, 58, 66, 37, 23, 217, 206, 61, 45, 91, 160, 108, 67, 53, 144, 94, 209, 64, 56, 1]
systemId: N342ME
endpointUuid: 941c31b8-55f5-4623-a702-9f0c14bbeab0
msgType: BcastMsgType_Data_GPS
dataGps: {
  timestamp: 1766448825
  geo: {
    lat: 29.698360443115234
    lon: -82.26998901367188
  }
  altM: 46.6236457824707
  gndSpdKts: 0.10100000351667404
  gndTrkDegt: 236.6263885498047
  magVarDeg: 6.542793273925781
  valid: true
}

message on port 8384:
[10, 6, 78, 51, 52, 50, 77, 69, 18, 36, 57, 52, 49, 99, 51, 49, 98, 56, 45, 53, 53, 102, 53, 45, 52, 54, 50, 51, 45, 97, 55, 48, 50, 45, 57, 102, 48, 99, 49, 52, 98, 98, 101, 97, 98, 48, 24, 3, 50, 65, 8, 185, 189, 167, 202, 6, 24, 1, 37, 0, 126, 16, 64, 40, 1, 53, 0, 68, 172, 191, 56, 1, 69, 154, 186, 113, 67, 72, 1, 85, 73, 159, 166, 60, 88, 1, 101, 197, 15, 134, 194, 104, 1, 117, 64, 61, 54, 64, 120, 1, 133, 1, 0, 0, 0, 0, 136, 1, 1, 149, 1, 0, 0, 0, 0]
systemId: N342ME
endpointUuid: 941c31b8-55f5-4623-a702-9f0c14bbeab0
msgType: BcastMsgType_Data_ADAHRS
dataAdahrs: {
  timestamp: 1766448825
  pitchValid: true
  pitchDeg: 2.2576904296875
  rollValid: true
  rollDeg: -1.3458251953125
  headingValid: true
  headingDegm: 241.72891235351562
  lateralAccelValid: true
  lateralAccelG: 0.02033962495625019
  altPresValid: true
  altPresMslM: -67.03079986572266
  altIndValid: true
  altIndMslM: 2.8474884033203125
  airspeedTrueValid: true
  airspeedTrueKts: 0.0
  airspeedIndValid: true
  airspeedIndKts: 0.0
}

4000:Traffic: N342ME/A3C5D4 29.698,-82.270 NIC=8 NACp=8 palt=0 palt=0
4000:Traffic: PDT5973/A89076 29.698,-82.318 NIC=8 NACp=9 palt=425 palt=425
message on port 8384:
[10, 6, 78, 51, 52, 50, 77, 69, 18, 36, 57, 52, 49, 99, 51, 49, 98, 56, 45, 53, 53, 102, 53, 45, 52, 54, 50, 51, 45, 97, 55, 48, 50, 45, 57, 102, 48, 99, 49, 52, 98, 98, 101, 97, 98, 48, 24, 4, 58, 34, 10, 32, 126, 20, 0, 163, 197, 212, 21, 30, 107, 197, 127, 51, 2, 130, 136, 0, 0, 0, 0, 1, 78, 51, 52, 50, 77, 69, 32, 32, 0, 36, 23, 126]
systemId: N342ME
endpointUuid: 941c31b8-55f5-4623-a702-9f0c14bbeab0
msgType: BcastMsgType_Data_ADSB
dataAdsb: {
  rawData: [126, 20, 0, 163, 197, 212, 21, 30, 107, 197, 127, 51, 2, 130, 136, 0, 0, 0, 0, 1, 78, 51, 52, 50, 77, 69, 32, 32, 0, 36, 23, 126]
}

message on port 8384:
[10, 6, 78, 51, 52, 50, 77, 69, 18, 36, 57, 52, 49, 99, 51, 49, 98, 56, 45, 53, 53, 102, 53, 45, 52, 54, 50, 51, 45, 97, 55, 48, 50, 45, 57, 102, 48, 99, 49, 52, 98, 98, 101, 97, 98, 48, 24, 4, 58, 34, 10, 32, 126, 20, 0, 168, 144, 118, 21, 30, 76, 197, 118, 130, 3, 154, 137, 8, 15, 246, 72, 2, 80, 68, 84, 53, 57, 55, 51, 32, 0, 155, 221, 126]
systemId: N342ME
endpointUuid: 941c31b8-55f5-4623-a702-9f0c14bbeab0
msgType: BcastMsgType_Data_ADSB
dataAdsb: {
  rawData: [126, 20, 0, 168, 144, 118, 21, 30, 76, 197, 118, 130, 3, 154, 137, 8, 15, 246, 72, 2, 80, 68, 84, 53, 57, 55, 51, 32, 0, 155, 221, 126]
}

message on port 8384:
[10, 6, 78, 51, 52, 50, 77, 69, 18, 36, 57, 52, 49, 99, 51, 49, 98, 56, 45, 53, 53, 102, 53, 45, 52, 54, 50, 51, 45, 97, 55, 48, 50, 45, 57, 102, 48, 99, 49, 52, 98, 98, 101, 97, 98, 48, 24, 2, 42, 40, 8, 185, 189, 167, 202, 6, 18, 10, 13, 62, 150, 237, 65, 21, 60, 138, 164, 194, 29, 157, 126, 58, 66, 37, 124, 20, 174, 61, 45, 91, 160, 108, 67, 53, 144, 94, 209, 64, 56, 1]
systemId: N342ME
endpointUuid: 941c31b8-55f5-4623-a702-9f0c14bbeab0
msgType: BcastMsgType_Data_GPS
dataGps: {
  timestamp: 1766448825
  geo: {
    lat: 29.698360443115234
    lon: -82.26998901367188
  }
  altM: 46.6236457824707
  gndSpdKts: 0.08500000834465027
  gndTrkDegt: 236.6263885498047
  magVarDeg: 6.542793273925781
  valid: true
}

message on port 8384:
[10, 6, 78, 51, 52, 50, 77, 69, 18, 36, 57, 52, 49, 99, 51, 49, 98, 56, 45, 53, 53, 102, 53, 45, 52, 54, 50, 51, 45, 97, 55, 48, 50, 45, 57, 102, 48, 99, 49, 52, 98, 98, 101, 97, 98, 48, 24, 3, 50, 65, 8, 185, 189, 167, 202, 6, 24, 1, 37, 0, 92, 20, 64, 40, 1, 53, 0, 68, 172, 191, 56, 1, 69, 154, 186, 113, 67, 72, 1, 85, 214, 156, 170, 60, 88, 1, 101, 197, 15, 134, 194, 104, 1, 117, 64, 61, 54, 64, 120, 1, 133, 1, 0, 0, 0, 0, 136, 1, 1, 149, 1, 0, 0, 0, 0]
systemId: N342ME
endpointUuid: 941c31b8-55f5-4623-a702-9f0c14bbeab0
msgType: BcastMsgType_Data_ADAHRS
dataAdahrs: {
  timestamp: 1766448825
  pitchValid: true
  pitchDeg: 2.318115234375
  rollValid: true
  rollDeg: -1.3458251953125
  headingValid: true
  headingDegm: 241.72891235351562
  lateralAccelValid: true
  lateralAccelG: 0.020826738327741623
  altPresValid: true
  altPresMslM: -67.03079986572266
  altIndValid: true
  altIndMslM: 2.8474884033203125
  airspeedTrueValid: true
  airspeedTrueKts: 0.0
  airspeedIndValid: true
  airspeedIndKts: 0.0
}

message on port 8384:
[10, 6, 78, 51, 52, 50, 77, 69, 18, 36, 57, 52, 49, 99, 51, 49, 98, 56, 45, 53, 53, 102, 53, 45, 52, 54, 50, 51, 45, 97, 55, 48, 50, 45, 57, 102, 48, 99, 49, 52, 98, 98, 101, 97, 98, 48, 24, 2, 42, 40, 8, 185, 189, 167, 202, 6, 18, 10, 13, 62, 150, 237, 65, 21, 60, 138, 164, 194, 29, 157, 126, 58, 66, 37, 42, 92, 143, 61, 45, 91, 160, 108, 67, 53, 144, 94, 209, 64, 56, 1]
systemId: N342ME
endpointUuid: 941c31b8-55f5-4623-a702-9f0c14bbeab0
msgType: BcastMsgType_Data_GPS
dataGps: {
  timestamp: 1766448825
  geo: {
    lat: 29.698360443115234
    lon: -82.26998901367188
  }
  altM: 46.6236457824707
  gndSpdKts: 0.07000000774860382
  gndTrkDegt: 236.6263885498047
  magVarDeg: 6.542793273925781
  valid: true
}

message on port 8384:
[10, 6, 78, 51, 52, 50, 77, 69, 18, 36, 57, 52, 49, 99, 51, 49, 98, 56, 45, 53, 53, 102, 53, 45, 52, 54, 50, 51, 45, 97, 55, 48, 50, 45, 57, 102, 48, 99, 49, 52, 98, 98, 101, 97, 98, 48, 24, 3, 50, 65, 8, 185, 189, 167, 202, 6, 24, 1, 37, 0, 92, 20, 64, 40, 1, 53, 0, 68, 172, 191, 56, 1, 69, 42, 178, 113, 67, 72, 1, 85, 220, 134, 174, 60, 88, 1, 101, 197, 15, 134, 194, 104, 1, 117, 64, 61, 54, 64, 120, 1, 133, 1, 0, 0, 0, 0, 136, 1, 1, 149, 1, 0, 0, 0, 0]
systemId: N342ME
endpointUuid: 941c31b8-55f5-4623-a702-9f0c14bbeab0
msgType: BcastMsgType_Data_ADAHRS
dataAdahrs: {
  timestamp: 1766448825
  pitchValid: true
  pitchDeg: 2.318115234375
  rollValid: true
  rollDeg: -1.3458251953125
  headingValid: true
  headingDegm: 241.69595336914062
  lateralAccelValid: true
  lateralAccelG: 0.02130454033613205
  altPresValid: true
  altPresMslM: -67.03079986572266
  altIndValid: true
  altIndMslM: 2.8474884033203125
  airspeedTrueValid: true
  airspeedTrueKts: 0.0
  airspeedIndValid: true
  airspeedIndKts: 0.0
}

4000:Uplink, 436 bytes
message on port 8384:
[10, 6, 78, 51, 52, 50, 77, 69, 18, 36, 57, 52, 49, 99, 51, 49, 98, 56, 45, 53, 53, 102, 53, 45, 52, 54, 50, 51, 45, 97, 55, 48, 50, 45, 57, 102, 48, 99, 49, 52, 98, 98, 101, 97, 98, 48, 24, 4, 58, 187, 3, 10, 184, 3, 126, 7, 0, 0, 0, 42, 60, 15, 138, 250, 224, 165, 128, 0, 0, 0, 0, 0, 0, 0, 0, 0, 0, 0, 0, 0, 0, 0, 0, 0, 0, 0, 0, 0, 0, 0, 0, 0, 0, 0, 0, 0, 0, 0, 0, 0, 0, 0, 0, 0, 0, 0, 0, 0, 0, 0, 0, 0, 0, 0, 0, 0, 0, 0, 0, 0, 0, 0, 0, 0, 0, 0, 0, 0, 0, 0, 0, 0, 0, 0, 0, 0, 0, 0, 0, 0, 0, 0, 0, 0, 0, 0, 0, 0, 0, 0, 0, 0, 0, 0, 0, 0, 0, 0, 0, 0, 0, 0, 0, 0, 0, 0, 0, 0, 0, 0, 0, 0, 0, 0, 0, 0, 0, 0, 0, 0, 0, 0, 0, 0, 0, 0, 0, 0, 0, 0, 0, 0, 0, 0, 0, 0, 0, 0, 0, 0, 0, 0, 0, 0, 0, 0, 0, 0, 0, 0, 0, 0, 0, 0, 0, 0, 0, 0, 0, 0, 0, 0, 0, 0, 0, 0, 0, 0, 0, 0, 0, 0, 0, 0, 0, 0, 0, 0, 0, 0, 0, 0, 0, 0, 0, 0, 0, 0, 0, 0, 0, 0, 0, 0, 0, 0, 0, 0, 0, 0, 0, 0, 0, 0, 0, 0, 0, 0, 0, 0, 0, 0, 0, 0, 0, 0, 0, 0, 0, 0, 0, 0, 0, 0, 0, 0, 0, 0, 0, 0, 0, 0, 0, 0, 0, 0, 0, 0, 0, 0, 0, 0, 0, 0, 0, 0, 0, 0, 0, 0, 0, 0, 0, 0, 0, 0, 0, 0, 0, 0, 0, 0, 0, 0, 0, 0, 0, 0, 0, 0, 0, 0, 0, 0, 0, 0, 0, 0, 0, 0, 0, 0, 0, 0, 0, 0, 0, 0, 0, 0, 0, 0, 0, 0, 0, 0, 0, 0, 0, 0, 0, 0, 0, 0, 0, 0, 0, 0, 0, 0, 0, 0, 0, 0, 0, 0, 0, 0, 0, 0, 0, 0, 0, 0, 0, 0, 0, 0, 0, 0, 0, 0, 0, 0, 0, 0, 0, 0, 0, 0, 0, 0, 0, 0, 0, 0, 0, 0, 0, 0, 0, 0, 0, 0, 0, 0, 0, 0, 0, 0, 0, 0, 0, 0, 0, 0, 0, 0, 0, 0, 0, 0, 0, 0, 0, 0, 0, 0, 0, 0, 0, 0, 0, 0, 0, 0, 0, 0, 0, 0, 0, 0, 0, 0, 0, 0, 0, 0, 0, 0, 0, 0, 0, 0, 0, 0, 0, 0, 0, 0, 0, 0, 0, 0, 0, 0, 0, 0, 0, 0, 0, 0, 0, 0, 0, 0, 0, 0, 0, 0, 0, 144, 8, 126]
systemId: N342ME
endpointUuid: 941c31b8-55f5-4623-a702-9f0c14bbeab0
msgType: BcastMsgType_Data_ADSB
dataAdsb: {
  rawData: [126, 7, 0, 0, 0, 42, 60, 15, 138, 250, 224, 165, 128, 0, 0, 0, 0, 0, 0, 0, 0, 0, 0, 0, 0, 0, 0, 0, 0, 0, 0, 0, 0, 0, 0, 0, 0, 0, 0, 0, 0, 0, 0, 0, 0, 0, 0, 0, 0, 0, 0, 0, 0, 0, 0, 0, 0, 0, 0, 0, 0, 0, 0, 0, 0, 0, 0, 0, 0, 0, 0, 0, 0, 0, 0, 0, 0, 0, 0, 0, 0, 0, 0, 0, 0, 0, 0, 0, 0, 0, 0, 0, 0, 0, 0, 0, 0, 0, 0, 0, 0, 0, 0, 0, 0, 0, 0, 0, 0, 0, 0, 0, 0, 0, 0, 0, 0, 0, 0, 0, 0, 0, 0, 0, 0, 0, 0, 0, 0, 0, 0, 0, 0, 0, 0, 0, 0, 0, 0, 0, 0, 0, 0, 0, 0, 0, 0, 0, 0, 0, 0, 0, 0, 0, 0, 0, 0, 0, 0, 0, 0, 0, 0, 0, 0, 0, 0, 0, 0, 0, 0, 0, 0, 0, 0, 0, 0, 0, 0, 0, 0, 0, 0, 0, 0, 0, 0, 0, 0, 0, 0, 0, 0, 0, 0, 0, 0, 0, 0, 0, 0, 0, 0, 0, 0, 0, 0, 0, 0, 0, 0, 0, 0, 0, 0, 0, 0, 0, 0, 0, 0, 0, 0, 0, 0, 0, 0, 0, 0, 0, 0, 0, 0, 0, 0, 0, 0, 0, 0, 0, 0, 0, 0, 0, 0, 0, 0, 0, 0, 0, 0, 0, 0, 0, 0, 0, 0, 0, 0, 0, 0, 0, 0, 0, 0, 0, 0, 0, 0, 0, 0, 0, 0, 0, 0, 0, 0, 0, 0, 0, 0, 0, 0, 0, 0, 0, 0, 0, 0, 0, 0, 0, 0, 0, 0, 0, 0, 0, 0, 0, 0, 0, 0, 0, 0, 0, 0, 0, 0, 0, 0, 0, 0, 0, 0, 0, 0, 0, 0, 0, 0, 0, 0, 0, 0, 0, 0, 0, 0, 0, 0, 0, 0, 0, 0, 0, 0, 0, 0, 0, 0, 0, 0, 0, 0, 0, 0, 0, 0, 0, 0, 0, 0, 0, 0, 0, 0, 0, 0, 0, 0, 0, 0, 0, 0, 0, 0, 0, 0, 0, 0, 0, 0, 0, 0, 0, 0, 0, 0, 0, 0, 0, 0, 0, 0, 0, 0, 0, 0, 0, 0, 0, 0, 0, 0, 0, 0, 0, 0, 0, 0, 0, 0, 0, 0, 0, 0, 0, 0, 0, 0, 0, 0, 0, 0, 0, 0, 0, 0, 0, 0, 0, 0, 0, 0, 0, 0, 0, 0, 0, 0, 0, 0, 0, 0, 0, 0, 144, 8, 126]
}

message on port 8384:
[10, 6, 78, 51, 52, 50, 77, 69, 18, 36, 57, 52, 49, 99, 51, 49, 98, 56, 45, 53, 53, 102, 53, 45, 52, 54, 50, 51, 45, 97, 55, 48, 50, 45, 57, 102, 48, 99, 49, 52, 98, 98, 101, 97, 98, 48, 24, 2, 42, 40, 8, 185, 189, 167, 202, 6, 18, 10, 13, 62, 150, 237, 65, 21, 60, 138, 164, 194, 29, 157, 126, 58, 66, 37, 42, 92, 143, 61, 45, 91, 160, 108, 67, 53, 144, 94, 209, 64, 56, 1]
systemId: N342ME
endpointUuid: 941c31b8-55f5-4623-a702-9f0c14bbeab0
msgType: BcastMsgType_Data_GPS
dataGps: {
  timestamp: 1766448825
  geo: {
    lat: 29.698360443115234
    lon: -82.26998901367188
  }
  altM: 46.6236457824707
  gndSpdKts: 0.07000000774860382
  gndTrkDegt: 236.6263885498047
  magVarDeg: 6.542793273925781
  valid: true
}

message on port 8384:
[10, 6, 78, 51, 52, 50, 77, 69, 18, 36, 57, 52, 49, 99, 51, 49, 98, 56, 45, 53, 53, 102, 53, 45, 52, 54, 50, 51, 45, 97, 55, 48, 50, 45, 57, 102, 48, 99, 49, 52, 98, 98, 101, 97, 98, 48, 24, 3, 50, 65, 8, 185, 189, 167, 202, 6, 24, 1, 37, 0, 92, 20, 64, 40, 1, 53, 0, 220, 170, 191, 56, 1, 69, 146, 179, 113, 67, 72, 1, 85, 242, 248, 178, 60, 88, 1, 101, 197, 15, 134, 194, 104, 1, 117, 64, 61, 54, 64, 120, 1, 133, 1, 0, 0, 0, 0, 136, 1, 1, 149, 1, 0, 0, 0, 0]
systemId: N342ME
endpointUuid: 941c31b8-55f5-4623-a702-9f0c14bbeab0
msgType: BcastMsgType_Data_ADAHRS
dataAdahrs: {
  timestamp: 1766448825
  pitchValid: true
  pitchDeg: 2.318115234375
  rollValid: true
  rollDeg: -1.3348388671875
  headingValid: true
  headingDegm: 241.70144653320312
  lateralAccelValid: true
  lateralAccelG: 0.02184722200036049
  altPresValid: true
  altPresMslM: -67.03079986572266
  altIndValid: true
  altIndMslM: 2.8474884033203125
  airspeedTrueValid: true
  airspeedTrueKts: 0.0
  airspeedIndValid: true
  airspeedIndKts: 0.0
}

4000:Uplink, 436 bytes
message on port 8384:
[10, 6, 78, 51, 52, 50, 77, 69, 18, 36, 57, 52, 49, 99, 51, 49, 98, 56, 45, 53, 53, 102, 53, 45, 52, 54, 50, 51, 45, 97, 55, 48, 50, 45, 57, 102, 48, 99, 49, 52, 98, 98, 101, 97, 98, 48, 24, 4, 58, 187, 3, 10, 184, 3, 126, 7, 0, 0, 0, 42, 60, 15, 138, 250, 224, 174, 128, 0, 0, 0, 0, 0, 0, 0, 0, 0, 0, 0, 0, 0, 0, 0, 0, 0, 0, 0, 0, 0, 0, 0, 0, 0, 0, 0, 0, 0, 0, 0, 0, 0, 0, 0, 0, 0, 0, 0, 0, 0, 0, 0, 0, 0, 0, 0, 0, 0, 0, 0, 0, 0, 0, 0, 0, 0, 0, 0, 0, 0, 0, 0, 0, 0, 0, 0, 0, 0, 0, 0, 0, 0, 0, 0, 0, 0, 0, 0, 0, 0, 0, 0, 0, 0, 0, 0, 0, 0, 0, 0, 0, 0, 0, 0, 0, 0, 0, 0, 0, 0, 0, 0, 0, 0, 0, 0, 0, 0, 0, 0, 0, 0, 0, 0, 0, 0, 0, 0, 0, 0, 0, 0, 0, 0, 0, 0, 0, 0, 0, 0, 0, 0, 0, 0, 0, 0, 0, 0, 0, 0, 0, 0, 0, 0, 0, 0, 0, 0, 0, 0, 0, 0, 0, 0, 0, 0, 0, 0, 0, 0, 0, 0, 0, 0, 0, 0, 0, 0, 0, 0, 0, 0, 0, 0, 0, 0, 0, 0, 0, 0, 0, 0, 0, 0, 0, 0, 0, 0, 0, 0, 0, 0, 0, 0, 0, 0, 0, 0, 0, 0, 0, 0, 0, 0, 0, 0, 0, 0, 0, 0, 0, 0, 0, 0, 0, 0, 0, 0, 0, 0, 0, 0, 0, 0, 0, 0, 0, 0, 0, 0, 0, 0, 0, 0, 0, 0, 0, 0, 0, 0, 0, 0, 0, 0, 0, 0, 0, 0, 0, 0, 0, 0, 0, 0, 0, 0, 0, 0, 0, 0, 0, 0, 0, 0, 0, 0, 0, 0, 0, 0, 0, 0, 0, 0, 0, 0, 0, 0, 0, 0, 0, 0, 0, 0, 0, 0, 0, 0, 0, 0, 0, 0, 0, 0, 0, 0, 0, 0, 0, 0, 0, 0, 0, 0, 0, 0, 0, 0, 0, 0, 0, 0, 0, 0, 0, 0, 0, 0, 0, 0, 0, 0, 0, 0, 0, 0, 0, 0, 0, 0, 0, 0, 0, 0, 0, 0, 0, 0, 0, 0, 0, 0, 0, 0, 0, 0, 0, 0, 0, 0, 0, 0, 0, 0, 0, 0, 0, 0, 0, 0, 0, 0, 0, 0, 0, 0, 0, 0, 0, 0, 0, 0, 0, 0, 0, 0, 0, 0, 0, 0, 0, 0, 0, 0, 0, 0, 0, 0, 0, 0, 0, 0, 0, 0, 0, 0, 0, 0, 0, 0, 0, 0, 0, 0, 0, 0, 0, 0, 0, 0, 0, 0, 0, 0, 0, 0, 0, 0, 0, 0, 0, 0, 0, 82, 127, 126]
systemId: N342ME
endpointUuid: 941c31b8-55f5-4623-a702-9f0c14bbeab0
msgType: BcastMsgType_Data_ADSB
dataAdsb: {
  rawData: [126, 7, 0, 0, 0, 42, 60, 15, 138, 250, 224, 174, 128, 0, 0, 0, 0, 0, 0, 0, 0, 0, 0, 0, 0, 0, 0, 0, 0, 0, 0, 0, 0, 0, 0, 0, 0, 0, 0, 0, 0, 0, 0, 0, 0, 0, 0, 0, 0, 0, 0, 0, 0, 0, 0, 0, 0, 0, 0, 0, 0, 0, 0, 0, 0, 0, 0, 0, 0, 0, 0, 0, 0, 0, 0, 0, 0, 0, 0, 0, 0, 0, 0, 0, 0, 0, 0, 0, 0, 0, 0, 0, 0, 0, 0, 0, 0, 0, 0, 0, 0, 0, 0, 0, 0, 0, 0, 0, 0, 0, 0, 0, 0, 0, 0, 0, 0, 0, 0, 0, 0, 0, 0, 0, 0, 0, 0, 0, 0, 0, 0, 0, 0, 0, 0, 0, 0, 0, 0, 0, 0, 0, 0, 0, 0, 0, 0, 0, 0, 0, 0, 0, 0, 0, 0, 0, 0, 0, 0, 0, 0, 0, 0, 0, 0, 0, 0, 0, 0, 0, 0, 0, 0, 0, 0, 0, 0, 0, 0, 0, 0, 0, 0, 0, 0, 0, 0, 0, 0, 0, 0, 0, 0, 0, 0, 0, 0, 0, 0, 0, 0, 0, 0, 0, 0, 0, 0, 0, 0, 0, 0, 0, 0, 0, 0, 0, 0, 0, 0, 0, 0, 0, 0, 0, 0, 0, 0, 0, 0, 0, 0, 0, 0, 0, 0, 0, 0, 0, 0, 0, 0, 0, 0, 0, 0, 0, 0, 0, 0, 0, 0, 0, 0, 0, 0, 0, 0, 0, 0, 0, 0, 0, 0, 0, 0, 0, 0, 0, 0, 0, 0, 0, 0, 0, 0, 0, 0, 0, 0, 0, 0, 0, 0, 0, 0, 0, 0, 0, 0, 0, 0, 0, 0, 0, 0, 0, 0, 0, 0, 0, 0, 0, 0, 0, 0, 0, 0, 0, 0, 0, 0, 0, 0, 0, 0, 0, 0, 0, 0, 0, 0, 0, 0, 0, 0, 0, 0, 0, 0, 0, 0, 0, 0, 0, 0, 0, 0, 0, 0, 0, 0, 0, 0, 0, 0, 0, 0, 0, 0, 0, 0, 0, 0, 0, 0, 0, 0, 0, 0, 0, 0, 0, 0, 0, 0, 0, 0, 0, 0, 0, 0, 0, 0, 0, 0, 0, 0, 0, 0, 0, 0, 0, 0, 0, 0, 0, 0, 0, 0, 0, 0, 0, 0, 0, 0, 0, 0, 0, 0, 0, 0, 0, 0, 0, 0, 0, 0, 0, 0, 0, 0, 0, 0, 0, 0, 0, 0, 0, 0, 0, 0, 0, 0, 0, 0, 0, 0, 0, 0, 0, 0, 0, 0, 0, 0, 0, 0, 82, 127, 126]
}

message on port 8384:
[10, 6, 78, 51, 52, 50, 77, 69, 18, 36, 57, 52, 49, 99, 51, 49, 98, 56, 45, 53, 53, 102, 53, 45, 52, 54, 50, 51, 45, 97, 55, 48, 50, 45, 57, 102, 48, 99, 49, 52, 98, 98, 101, 97, 98, 48, 24, 1, 34, 120, 10, 6, 78, 51, 52, 50, 77, 69, 16, 186, 189, 167, 202, 6, 26, 7, 48, 46, 48, 46, 48, 46, 48, 32, 192, 65, 40, 1, 50, 14, 8, 1, 16, 1, 24, 1, 32, 1, 40, 1, 48, 1, 56, 1, 58, 20, 68, 121, 110, 111, 110, 32, 65, 118, 105, 111, 110, 105, 99, 115, 44, 32, 73, 110, 99, 46, 66, 7, 83, 107, 121, 86, 105, 101, 119, 74, 10, 68, 49, 48, 48, 48, 47, 68, 55, 48, 48, 82, 6, 48, 50, 52, 51, 53, 54, 90, 12, 49, 54, 46, 55, 46, 50, 46, 49, 50, 48, 55, 51, 98, 9, 98, 117, 105, 108, 100, 114, 111, 111, 116]
systemId: N342ME
endpointUuid: 941c31b8-55f5-4623-a702-9f0c14bbeab0
msgType: BcastMsgType_Heartbeat
heartbeat: {
  systemId: N342ME
  timestamp: 1766448826
  ipAddress: 0.0.0.0
  ipPort: 8384
  isEfis: true
  capabilities: {
    status: true
    gps: true
    ahrs: true
    adahrs: true
    fplSend: true
    fplReceive: true
    adsb: true
  }
  prodMake: Dynon Avionics, Inc.
  prodName: SkyView
  prodModel: D1000/D700
  prodSerial: 024356
  prodFirmware: 16.7.2.12073
  hostname: buildroot
}

message on port 8384:
[10, 6, 78, 51, 52, 50, 77, 69, 18, 36, 57, 52, 49, 99, 51, 49, 98, 56, 45, 53, 53, 102, 53, 45, 52, 54, 50, 51, 45, 97, 55, 48, 50, 45, 57, 102, 48, 99, 49, 52, 98, 98, 101, 97, 98, 48, 24, 2, 42, 40, 8, 186, 189, 167, 202, 6, 18, 10, 13, 62, 150, 237, 65, 21, 60, 138, 164, 194, 29, 55, 24, 58, 66, 37, 210, 34, 219, 61, 45, 91, 160, 108, 67, 53, 144, 94, 209, 64, 56, 1]
systemId: N342ME
endpointUuid: 941c31b8-55f5-4623-a702-9f0c14bbeab0
msgType: BcastMsgType_Data_GPS
dataGps: {
  timestamp: 1766448826
  geo: {
    lat: 29.698360443115234
    lon: -82.26998901367188
  }
  altM: 46.52364730834961
  gndSpdKts: 0.10700000822544098
  gndTrkDegt: 236.6263885498047
  magVarDeg: 6.542793273925781
  valid: true
}

message on port 8384:
[10, 6, 78, 51, 52, 50, 77, 69, 18, 36, 57, 52, 49, 99, 51, 49, 98, 56, 45, 53, 53, 102, 53, 45, 52, 54, 50, 51, 45, 97, 55, 48, 50, 45, 57, 102, 48, 99, 49, 52, 98, 98, 101, 97, 98, 48, 24, 3, 50, 65, 8, 186, 189, 167, 202, 6, 24, 1, 37, 0, 8, 14, 64, 40, 1, 53, 0, 220, 170, 191, 56, 1, 69, 2, 188, 113, 67, 72, 1, 85, 14, 139, 183, 60, 88, 1, 101, 197, 15, 134, 194, 104, 1, 117, 64, 61, 54, 64, 120, 1, 133, 1, 0, 0, 0, 0, 136, 1, 1, 149, 1, 0, 0, 0, 0]
systemId: N342ME
endpointUuid: 941c31b8-55f5-4623-a702-9f0c14bbeab0
msgType: BcastMsgType_Data_ADAHRS
dataAdahrs: {
  timestamp: 1766448826
  pitchValid: true
  pitchDeg: 2.21923828125
  rollValid: true
  rollDeg: -1.3348388671875
  headingValid: true
  headingDegm: 241.73440551757812
  lateralAccelValid: true
  lateralAccelG: 0.022405173629522324
  altPresValid: true
  altPresMslM: -67.03079986572266
  altIndValid: true
  altIndMslM: 2.8474884033203125
  airspeedTrueValid: true
  airspeedTrueKts: 0.0
  airspeedIndValid: true
  airspeedIndKts: 0.0
}

message on port 8384:
[10, 6, 78, 51, 52, 50, 77, 69, 18, 36, 57, 52, 49, 99, 51, 49, 98, 56, 45, 53, 53, 102, 53, 45, 52, 54, 50, 51, 45, 97, 55, 48, 50, 45, 57, 102, 48, 99, 49, 52, 98, 98, 101, 97, 98, 48, 24, 2, 42, 40, 8, 186, 189, 167, 202, 6, 18, 10, 13, 62, 150, 237, 65, 21, 60, 138, 164, 194, 29, 55, 24, 58, 66, 37, 105, 145, 109, 61, 45, 91, 160, 108, 67, 53, 144, 94, 209, 64, 56, 1]
systemId: N342ME
endpointUuid: 941c31b8-55f5-4623-a702-9f0c14bbeab0
msgType: BcastMsgType_Data_GPS
dataGps: {
  timestamp: 1766448826
  geo: {
    lat: 29.698360443115234
    lon: -82.26998901367188
  }
  altM: 46.52364730834961
  gndSpdKts: 0.058000002056360245
  gndTrkDegt: 236.6263885498047
  magVarDeg: 6.542793273925781
  valid: true
}

message on port 8384:
[10, 6, 78, 51, 52, 50, 77, 69, 18, 36, 57, 52, 49, 99, 51, 49, 98, 56, 45, 53, 53, 102, 53, 45, 52, 54, 50, 51, 45, 97, 55, 48, 50, 45, 57, 102, 48, 99, 49, 52, 98, 98, 101, 97, 98, 48, 24, 3, 50, 65, 8, 186, 189, 167, 202, 6, 24, 1, 37, 236, 111, 14, 64, 40, 1, 53, 0, 164, 166, 191, 56, 1, 69, 106, 189, 113, 67, 72, 1, 85, 180, 28, 157, 60, 88, 1, 101, 197, 15, 134, 194, 104, 1, 117, 64, 61, 54, 64, 120, 1, 133, 1, 0, 0, 0, 0, 136, 1, 1, 149, 1, 0, 0, 0, 0]
systemId: N342ME
endpointUuid: 941c31b8-55f5-4623-a702-9f0c14bbeab0
msgType: BcastMsgType_Data_ADAHRS
dataAdahrs: {
  timestamp: 1766448826
  pitchValid: true
  pitchDeg: 2.225581169128418
  rollValid: true
  rollDeg: -1.3018798828125
  headingValid: true
  headingDegm: 241.73989868164062
  lateralAccelValid: true
  lateralAccelG: 0.01917872577905655
  altPresValid: true
  altPresMslM: -67.03079986572266
  altIndValid: true
  altIndMslM: 2.8474884033203125
  airspeedTrueValid: true
  airspeedTrueKts: 0.0
  airspeedIndValid: true
  airspeedIndKts: 0.0
}

4000:Traffic: N342ME/A3C5D4 29.698,-82.270 NIC=8 NACp=8 palt=0 palt=0
4000:Traffic: PDT5973/A89076 29.698,-82.317 NIC=8 NACp=9 palt=425 palt=425
message on port 8384:
[10, 6, 78, 51, 52, 50, 77, 69, 18, 36, 57, 52, 49, 99, 51, 49, 98, 56, 45, 53, 53, 102, 53, 45, 52, 54, 50, 51, 45, 97, 55, 48, 50, 45, 57, 102, 48, 99, 49, 52, 98, 98, 101, 97, 98, 48, 24, 4, 58, 34, 10, 32, 126, 20, 0, 163, 197, 212, 21, 30, 107, 197, 127, 51, 2, 130, 136, 0, 0, 0, 0, 1, 78, 51, 52, 50, 77, 69, 32, 32, 0, 36, 23, 126]
systemId: N342ME
endpointUuid: 941c31b8-55f5-4623-a702-9f0c14bbeab0
msgType: BcastMsgType_Data_ADSB
dataAdsb: {
  rawData: [126, 20, 0, 163, 197, 212, 21, 30, 107, 197, 127, 51, 2, 130, 136, 0, 0, 0, 0, 1, 78, 51, 52, 50, 77, 69, 32, 32, 0, 36, 23, 126]
}

message on port 8384:
[10, 6, 78, 51, 52, 50, 77, 69, 18, 36, 57, 52, 49, 99, 51, 49, 98, 56, 45, 53, 53, 102, 53, 45, 52, 54, 50, 51, 45, 97, 55, 48, 50, 45, 57, 102, 48, 99, 49, 52, 98, 98, 101, 97, 98, 48, 24, 4, 58, 34, 10, 32, 126, 20, 0, 168, 144, 118, 21, 30, 69, 197, 118, 160, 3, 154, 137, 8, 15, 243, 72, 2, 80, 68, 84, 53, 57, 55, 51, 32, 0, 183, 87, 126]
systemId: N342ME
endpointUuid: 941c31b8-55f5-4623-a702-9f0c14bbeab0
msgType: BcastMsgType_Data_ADSB
dataAdsb: {
  rawData: [126, 20, 0, 168, 144, 118, 21, 30, 69, 197, 118, 160, 3, 154, 137, 8, 15, 243, 72, 2, 80, 68, 84, 53, 57, 55, 51, 32, 0, 183, 87, 126]
}

message on port 8384:
[10, 6, 78, 51, 52, 50, 77, 69, 18, 36, 57, 52, 49, 99, 51, 49, 98, 56, 45, 53, 53, 102, 53, 45, 52, 54, 50, 51, 45, 97, 55, 48, 50, 45, 57, 102, 48, 99, 49, 52, 98, 98, 101, 97, 98, 48, 24, 2, 42, 40, 8, 186, 189, 167, 202, 6, 18, 10, 13, 62, 150, 237, 65, 21, 60, 138, 164, 194, 29, 55, 24, 58, 66, 37, 174, 71, 225, 61, 45, 91, 160, 108, 67, 53, 144, 94, 209, 64, 56, 1]
systemId: N342ME
endpointUuid: 941c31b8-55f5-4623-a702-9f0c14bbeab0
msgType: BcastMsgType_Data_GPS
dataGps: {
  timestamp: 1766448826
  geo: {
    lat: 29.698360443115234
    lon: -82.26998901367188
  }
  altM: 46.52364730834961
  gndSpdKts: 0.10999999940395355
  gndTrkDegt: 236.6263885498047
  magVarDeg: 6.542793273925781
  valid: true
}

message on port 8384:
[10, 6, 78, 51, 52, 50, 77, 69, 18, 36, 57, 52, 49, 99, 51, 49, 98, 56, 45, 53, 53, 102, 53, 45, 52, 54, 50, 51, 45, 97, 55, 48, 50, 45, 57, 102, 48, 99, 49, 52, 98, 98, 101, 97, 98, 48, 24, 3, 50, 65, 8, 186, 189, 167, 202, 6, 24, 1, 37, 236, 35, 15, 64, 40, 1, 53, 0, 164, 166, 191, 56, 1, 69, 98, 182, 113, 67, 72, 1, 85, 108, 31, 171, 60, 88, 1, 101, 197, 15, 134, 194, 104, 1, 117, 64, 61, 54, 64, 120, 1, 133, 1, 0, 0, 0, 0, 136, 1, 1, 149, 1, 0, 0, 0, 0]
systemId: N342ME
endpointUuid: 941c31b8-55f5-4623-a702-9f0c14bbeab0
msgType: BcastMsgType_Data_ADAHRS
dataAdahrs: {
  timestamp: 1766448826
  pitchValid: true
  pitchDeg: 2.236567497253418
  rollValid: true
  rollDeg: -1.3018798828125
  headingValid: true
  headingDegm: 241.71243286132812
  lateralAccelValid: true
  lateralAccelG: 0.020889006555080414
  altPresValid: true
  altPresMslM: -67.03079986572266
  altIndValid: true
  altIndMslM: 2.8474884033203125
  airspeedTrueValid: true
  airspeedTrueKts: 0.0
  airspeedIndValid: true
  airspeedIndKts: 0.0
}

message on port 8384:
[10, 6, 78, 51, 52, 50, 77, 69, 18, 36, 57, 52, 49, 99, 51, 49, 98, 56, 45, 53, 53, 102, 53, 45, 52, 54, 50, 51, 45, 97, 55, 48, 50, 45, 57, 102, 48, 99, 49, 52, 98, 98, 101, 97, 98, 48, 24, 2, 42, 40, 8, 186, 189, 167, 202, 6, 18, 10, 13, 62, 150, 237, 65, 21, 60, 138, 164, 194, 29, 55, 24, 58, 66, 37, 170, 241, 210, 61, 45, 91, 160, 108, 67, 53, 144, 94, 209, 64, 56, 1]
systemId: N342ME
endpointUuid: 941c31b8-55f5-4623-a702-9f0c14bbeab0
msgType: BcastMsgType_Data_GPS
dataGps: {
  timestamp: 1766448826
  geo: {
    lat: 29.698360443115234
    lon: -82.26998901367188
  }
  altM: 46.52364730834961
  gndSpdKts: 0.10300000011920929
  gndTrkDegt: 236.6263885498047
  magVarDeg: 6.542793273925781
  valid: true
}

message on port 8384:
[10, 6, 78, 51, 52, 50, 77, 69, 18, 36, 57, 52, 49, 99, 51, 49, 98, 56, 45, 53, 53, 102, 53, 45, 52, 54, 50, 51, 45, 97, 55, 48, 50, 45, 57, 102, 48, 99, 49, 52, 98, 98, 101, 97, 98, 48, 24, 3, 50, 65, 8, 186, 189, 167, 202, 6, 24, 1, 37, 236, 35, 15, 64, 40, 1, 53, 0, 164, 166, 191, 56, 1, 69, 106, 189, 113, 67, 72, 1, 85, 5, 166, 198, 60, 88, 1, 101, 197, 15, 134, 194, 104, 1, 117, 64, 61, 54, 64, 120, 1, 133, 1, 0, 0, 0, 0, 136, 1, 1, 149, 1, 0, 0, 0, 0]
systemId: N342ME
endpointUuid: 941c31b8-55f5-4623-a702-9f0c14bbeab0
msgType: BcastMsgType_Data_ADAHRS
dataAdahrs: {
  timestamp: 1766448826
  pitchValid: true
  pitchDeg: 2.236567497253418
  rollValid: true
  rollDeg: -1.3018798828125
  headingValid: true
  headingDegm: 241.73989868164062
  lateralAccelValid: true
  lateralAccelG: 0.024249086156487465
  altPresValid: true
  altPresMslM: -67.03079986572266
  altIndValid: true
  altIndMslM: 2.8474884033203125
  airspeedTrueValid: true
  airspeedTrueKts: 0.0
  airspeedIndValid: true
  airspeedIndKts: 0.0
}

4000:Uplink, 436 bytes
4000:Uplink, 436 bytes
4000:Traffic: N342ME/A3C5D4 29.698,-82.270 NIC=8 NACp=8 palt=0 palt=0
4000:Traffic: PDT5973/A89076 29.698,-82.317 NIC=8 NACp=9 palt=425 palt=425
message on port 8384:
message on port 8384:
message on port 8384:
message on port 8384:
message on port 8384:
message on port 8384:
message on port 8384:
message on port 8384:
message on port 8384:
message on port 8384:
message on port 8384:
message on port 8384:
message on port 8384:
message on port 8384:
message on port 8384:
4000:Uplink, 436 bytes
message on port 8384:
4000:Uplink, 436 bytes
message on port 8384:
message on port 8384:
message on port 8384:
message on port 8384:
message on port 8384:
message on port 8384:
4000:Traffic: N342ME/A3C5D4 29.698,-82.270 NIC=8 NACp=8 palt=0 palt=0
4000:Traffic: PDT5973/A89076 29.697,-82.316 NIC=8 NACp=9 palt=400 palt=400
message on port 8384:
message on port 8384:
message on port 8384:
message on port 8384:
message on port 8384:
message on port 8384:
4000:Uplink, 436 bytes
message on port 8384:
message on port 8384:
message on port 8384:
4000:Uplink, 436 bytes
message on port 8384:
message on port 8384:
message on port 8384:
message on port 8384:
message on port 8384:
message on port 8384:
4000:Traffic: N342ME/A3C5D4 29.698,-82.270 NIC=8 NACp=8 palt=0 palt=0
message on port 8384:
4000:Traffic: PDT5973/A89076 29.697,-82.315 NIC=8 NACp=9 palt=375 palt=375
message on port 8384:
message on port 8384:
message on port 8384:
message on port 8384:
message on port 8384:
4000:Uplink, 436 bytes
message on port 8384:
4000:Uplink, 436 bytes
message on port 8384:
message on port 8384:
message on port 8384:
message on port 8384:
message on port 8384:
message on port 8384:
message on port 8384:
message on port 8384:
4000:Traffic: N342ME/A3C5D4 29.698,-82.270 NIC=8 NACp=8 palt=0 palt=0
4000:Traffic: PDT5973/A89076 29.697,-82.315 NIC=8 NACp=9 palt=375 palt=375
message on port 8384:
message on port 8384:
message on port 8384:
message on port 8384:
message on port 8384:
message on port 8384:
4000:Uplink, 436 bytes
message on port 8384:
4000:Uplink, 436 bytes
message on port 8384:
message on port 8384:
message on port 8384:
message on port 8384:
message on port 8384:
message on port 8384:
4000:Traffic: N342ME/A3C5D4 29.698,-82.270 NIC=8 NACp=8 palt=0 palt=0
message on port 8384:
message on port 8384:
4000:Traffic: PDT5973/A89076 29.697,-82.315 NIC=8 NACp=9 palt=375 palt=375
message on port 8384:
message on port 8384:
message on port 8384:
message on port 8384:
message on port 8384:
message on port 8384:
message on port 8384:
message on port 8384:
4000:Uplink, 436 bytes
4000:Uplink, 436 bytes
message on port 8384:
message on port 8384:
message on port 8384:
message on port 8384:
message on port 8384:
4000:Traffic: N342ME/A3C5D4 29.698,-82.270 NIC=8 NACp=8 palt=0 palt=0
4000:Traffic: PDT5973/A89076 29.697,-82.313 NIC=8 NACp=9 palt=350 palt=350
message on port 8384:
message on port 8384:
message on port 8384:
message on port 8384:
message on port 8384:
message on port 8384:
4000:Uplink, 436 bytes
4000:Uplink, 436 bytes
message on port 8384:
message on port 8384:
message on port 8384:
message on port 8384:
message on port 8384:
message on port 8384:
message on port 8384:
4000:Traffic: N342ME/A3C5D4 29.698,-82.270 NIC=8 NACp=8 palt=0 palt=0
4000:Traffic: PDT5973/A89076 29.697,-82.312 NIC=8 NACp=9 palt=350 palt=350
message on port 8384:
message on port 8384:
message on port 8384:
message on port 8384:
message on port 8384:
message on port 8384:
message on port 8384:
message on port 8384:
4000:Uplink, 436 bytes
4000:Uplink, 436 bytes
message on port 8384:
message on port 8384:
message on port 8384:
message on port 8384:
message on port 8384:
message on port 8384:
message on port 8384:
4000:Traffic: N342ME/A3C5D4 29.698,-82.270 NIC=8 NACp=8 palt=0 palt=0
4000:Traffic: PDT5973/A89076 29.697,-82.312 NIC=8 NACp=9 palt=350 palt=350
message on port 8384:
message on port 8384:
message on port 8384:
message on port 8384:
message on port 8384:
message on port 8384:
message on port 8384:
message on port 8384:
4000:Uplink, 436 bytes
message on port 8384:
4000:Uplink, 436 bytes
message on port 8384:
message on port 8384:
message on port 8384:
message on port 8384:
message on port 8384:
message on port 8384:
4000:Traffic: N342ME/A3C5D4 29.698,-82.270 NIC=8 NACp=8 palt=0 palt=0
4000:Traffic: PDT5973/A89076 29.696,-82.311 NIC=8 NACp=9 palt=325 palt=325
message on port 8384:
message on port 8384:
message on port 8384:
message on port 8384:
message on port 8384:
message on port 8384:
4000:Uplink, 436 bytes
message on port 8384:
message on port 8384:
message on port 8384:
4000:Uplink, 436 bytes
message on port 8384:
message on port 8384:
message on port 8384:
message on port 8384:
4000:Traffic: N342ME/A3C5D4 29.698,-82.270 NIC=8 NACp=8 palt=0 palt=0
4000:Traffic: PDT5973/A89076 29.696,-82.311 NIC=8 NACp=9 palt=325 palt=325
message on port 8384:
message on port 8384:
message on port 8384:
message on port 8384:

